# Blender 4.3.2
# www.blender.org
o Plane
v -1.000000 0.000000 1.000000
v 1.000000 0.000000 1.000000
v -1.000000 0.000000 -1.000000
v 1.000000 0.000000 -1.000000
vn -0.0000 1.0000 -0.0000
vt 1.000000 0.000000
vt 0.000000 1.000000
vt 0.000000 0.000000
vt 1.000000 1.000000
s 0
f 2/1/1 3/2/1 1/3/1
f 2/1/1 4/4/1 3/2/1
o Cube
v -1.000000 -1.000000 1.000000
v -1.000000 1.000000 1.000000
v -1.000000 -1.000000 -1.000000
v -1.000000 1.000000 -1.000000
v 1.000000 -1.000000 1.000000
v 1.000000 1.000000 1.000000
v 1.000000 -1.000000 -1.000000
v 1.000000 1.000000 -1.000000
vn -1.0000 -0.0000 -0.0000
vn -0.0000 -0.0000 -1.0000
vn 1.0000 -0.0000 -0.0000
vn -0.0000 -0.0000 1.0000
vn -0.0000 -1.0000 -0.0000
vn -0.0000 1.0000 -0.0000
vt 0.625000 0.000000
vt 0.375000 0.250000
vt 0.375000 0.000000
vt 0.625000 0.250000
vt 0.375000 0.500000
vt 0.625000 0.500000
vt 0.375000 0.750000
vt 0.625000 0.750000
vt 0.375000 1.000000
vt 0.125000 0.750000
vt 0.125000 0.500000
vt 0.875000 0.500000
vt 0.625000 1.000000
vt 0.875000 0.750000
s 0
f 6/5/2 7/6/2 5/7/2
f 8/8/3 11/9/3 7/6/3
f 12/10/4 9/11/4 11/9/4
f 10/12/5 5/13/5 9/11/5
f 11/9/6 5/14/6 7/15/6
f 8/16/7 10/12/7 12/10/7
f 6/5/2 8/8/2 7/6/2
f 8/8/3 12/10/3 11/9/3
f 12/10/4 10/12/4 9/11/4
f 10/12/5 6/17/5 5/13/5
f 11/9/6 9/11/6 5/14/6
f 8/16/7 6/18/7 10/12/7
o Sphere
v 0.000000 0.831470 -0.555570
v 0.000000 0.555570 -0.831470
v 0.000000 0.195090 -0.980785
v 0.000000 0.000000 -1.000000
v 0.000000 -0.195090 -0.980785
v 0.000000 -0.555570 -0.831470
v 0.038060 0.980785 -0.191342
v 0.074658 0.923880 -0.375330
v 0.108386 0.831470 -0.544895
v 0.137950 0.707107 -0.693520
v 0.162212 0.555570 -0.815493
v 0.180240 0.382683 -0.906127
v 0.191342 0.195090 -0.961940
v 0.195090 0.000000 -0.980785
v 0.191342 -0.195090 -0.961940
v 0.180240 -0.382683 -0.906127
v 0.162212 -0.555570 -0.815493
v 0.137950 -0.707107 -0.693520
v 0.108386 -0.831470 -0.544895
v 0.074658 -0.923880 -0.375330
v 0.038060 -0.980785 -0.191342
v 0.074658 0.980785 -0.180240
v 0.146447 0.923880 -0.353553
v 0.212608 0.831470 -0.513280
v 0.270598 0.707107 -0.653281
v 0.318190 0.555570 -0.768178
v 0.353553 0.382683 -0.853553
v 0.375330 0.195090 -0.906127
v 0.382683 0.000000 -0.923879
v 0.375330 -0.195090 -0.906127
v 0.353553 -0.382683 -0.853553
v 0.318190 -0.555570 -0.768178
v 0.270598 -0.707107 -0.653281
v 0.212608 -0.831470 -0.513280
v 0.146447 -0.923880 -0.353553
v 0.074658 -0.980785 -0.180240
v 0.108386 0.980785 -0.162212
v 0.212608 0.923880 -0.318190
v 0.308658 0.831470 -0.461940
v 0.392847 0.707107 -0.587938
v 0.461940 0.555570 -0.691342
v 0.513280 0.382683 -0.768178
v 0.544895 0.195090 -0.815493
v 0.555570 0.000000 -0.831469
v 0.544895 -0.195090 -0.815493
v 0.513280 -0.382683 -0.768178
v 0.461940 -0.555570 -0.691342
v 0.392847 -0.707107 -0.587938
v 0.308658 -0.831470 -0.461940
v 0.212608 -0.923880 -0.318190
v 0.108386 -0.980785 -0.162212
v 0.137950 0.980785 -0.137950
v 0.270598 0.923880 -0.270598
v 0.392847 0.831470 -0.392847
v 0.500000 0.707107 -0.500000
v 0.587938 0.555570 -0.587938
v 0.653281 0.382683 -0.653281
v 0.693520 0.195090 -0.693520
v 0.707107 0.000000 -0.707107
v 0.693520 -0.195090 -0.693520
v 0.653281 -0.382683 -0.653281
v 0.587938 -0.555570 -0.587938
v 0.500000 -0.707107 -0.500000
v 0.392847 -0.831470 -0.392847
v 0.270598 -0.923880 -0.270598
v 0.137950 -0.980785 -0.137950
v 0.162212 0.980785 -0.108386
v 0.318190 0.923880 -0.212608
v 0.461940 0.831470 -0.308658
v 0.587938 0.707107 -0.392847
v 0.691342 0.555570 -0.461940
v 0.768178 0.382683 -0.513280
v 0.815493 0.195090 -0.544895
v 0.831470 0.000000 -0.555570
v 0.815493 -0.195090 -0.544895
v 0.768178 -0.382683 -0.513280
v 0.691342 -0.555570 -0.461940
v 0.587938 -0.707107 -0.392847
v 0.461940 -0.831470 -0.308658
v 0.318190 -0.923880 -0.212608
v 0.162212 -0.980785 -0.108386
v 0.000000 1.000000 0.000000
v 0.180240 0.980785 -0.074658
v 0.353553 0.923880 -0.146447
v 0.513280 0.831470 -0.212607
v 0.653281 0.707107 -0.270598
v 0.768178 0.555570 -0.318190
v 0.853553 0.382683 -0.353553
v 0.906127 0.195090 -0.375330
v 0.923879 0.000000 -0.382683
v 0.906127 -0.195090 -0.375330
v 0.853553 -0.382683 -0.353553
v 0.768178 -0.555570 -0.318190
v 0.653281 -0.707107 -0.270598
v 0.513280 -0.831470 -0.212607
v 0.353553 -0.923880 -0.146447
v 0.180240 -0.980785 -0.074658
v 0.191342 0.980785 -0.038060
v 0.375330 0.923880 -0.074658
v 0.544895 0.831470 -0.108386
v 0.693520 0.707107 -0.137950
v 0.815493 0.555570 -0.162212
v 0.906127 0.382683 -0.180240
v 0.961940 0.195090 -0.191342
v 0.980785 0.000000 -0.195090
v 0.961940 -0.195090 -0.191342
v 0.906127 -0.382683 -0.180240
v 0.815493 -0.555570 -0.162212
v 0.693520 -0.707107 -0.137950
v 0.544895 -0.831470 -0.108386
v 0.375330 -0.923880 -0.074658
v 0.191342 -0.980785 -0.038060
v 0.195090 0.980785 0.000000
v 0.382683 0.923880 0.000000
v 0.555570 0.831470 0.000000
v 0.707107 0.707107 -0.000000
v 0.831469 0.555570 0.000000
v 0.923879 0.382683 -0.000000
v 0.980785 0.195090 0.000000
v 1.000000 0.000000 0.000000
v 0.980785 -0.195090 0.000000
v 0.923879 -0.382683 -0.000000
v 0.831469 -0.555570 0.000000
v 0.707107 -0.707107 -0.000000
v 0.555570 -0.831470 0.000000
v 0.382683 -0.923880 0.000000
v 0.195090 -0.980785 0.000000
v 0.191342 0.980785 0.038060
v 0.375330 0.923880 0.074658
v 0.544895 0.831470 0.108386
v 0.693520 0.707107 0.137950
v 0.815493 0.555570 0.162212
v 0.906127 0.382683 0.180240
v 0.961940 0.195090 0.191342
v 0.980785 0.000000 0.195090
v 0.961940 -0.195090 0.191342
v 0.906127 -0.382683 0.180240
v 0.815493 -0.555570 0.162212
v 0.693520 -0.707107 0.137950
v 0.544895 -0.831470 0.108386
v 0.375330 -0.923880 0.074658
v 0.191342 -0.980785 0.038060
v 0.180240 0.980785 0.074658
v 0.353553 0.923880 0.146447
v 0.513280 0.831470 0.212608
v 0.653281 0.707107 0.270598
v 0.768178 0.555570 0.318190
v 0.853553 0.382683 0.353553
v 0.906127 0.195090 0.375330
v 0.923879 0.000000 0.382683
v 0.906127 -0.195090 0.375330
v 0.853553 -0.382683 0.353553
v 0.768178 -0.555570 0.318190
v 0.653281 -0.707107 0.270598
v 0.513280 -0.831470 0.212608
v 0.353553 -0.923880 0.146447
v 0.180240 -0.980785 0.074658
v 0.162212 0.980785 0.108386
v 0.318190 0.923880 0.212608
v 0.461940 0.831470 0.308658
v 0.587938 0.707107 0.392847
v 0.691341 0.555570 0.461940
v 0.768178 0.382683 0.513280
v 0.815493 0.195090 0.544895
v 0.831469 0.000000 0.555570
v 0.815493 -0.195090 0.544895
v 0.768178 -0.382683 0.513280
v 0.691341 -0.555570 0.461940
v 0.587938 -0.707107 0.392847
v 0.461940 -0.831470 0.308658
v 0.318190 -0.923880 0.212608
v 0.162212 -0.980785 0.108386
v 0.137950 0.980785 0.137950
v 0.270598 0.923880 0.270598
v 0.392847 0.831470 0.392847
v 0.500000 0.707107 0.500000
v 0.587938 0.555570 0.587938
v 0.653281 0.382683 0.653281
v 0.693520 0.195090 0.693520
v 0.707106 0.000000 0.707107
v 0.693520 -0.195090 0.693520
v 0.653281 -0.382683 0.653281
v 0.587938 -0.555570 0.587938
v 0.500000 -0.707107 0.500000
v 0.392847 -0.831470 0.392847
v 0.270598 -0.923880 0.270598
v 0.137950 -0.980785 0.137950
v 0.108386 0.980785 0.162212
v 0.212607 0.923880 0.318190
v 0.308658 0.831470 0.461940
v 0.392847 0.707107 0.587938
v 0.461940 0.555570 0.691342
v 0.513280 0.382683 0.768178
v 0.544895 0.195090 0.815493
v 0.555570 0.000000 0.831469
v 0.544895 -0.195090 0.815493
v 0.513280 -0.382683 0.768178
v 0.461940 -0.555570 0.691342
v 0.392847 -0.707107 0.587938
v 0.308658 -0.831470 0.461940
v 0.212607 -0.923880 0.318190
v 0.108386 -0.980785 0.162212
v 0.074658 0.980785 0.180240
v 0.146447 0.923880 0.353553
v 0.212607 0.831470 0.513280
v 0.270598 0.707107 0.653281
v 0.318189 0.555570 0.768178
v 0.353553 0.382683 0.853553
v 0.375330 0.195090 0.906127
v 0.382683 0.000000 0.923879
v 0.375330 -0.195090 0.906127
v 0.353553 -0.382683 0.853553
v 0.318189 -0.555570 0.768178
v 0.270598 -0.707107 0.653281
v 0.212607 -0.831470 0.513280
v 0.146447 -0.923880 0.353553
v 0.074658 -0.980785 0.180240
v 0.038060 0.980785 0.191342
v 0.074658 0.923880 0.375330
v 0.108386 0.831470 0.544895
v 0.137950 0.707107 0.693520
v 0.162212 0.555570 0.815493
v 0.180240 0.382683 0.906127
v 0.191342 0.195090 0.961939
v 0.195090 0.000000 0.980785
v 0.191342 -0.195090 0.961939
v 0.180240 -0.382683 0.906127
v 0.162212 -0.555570 0.815493
v 0.137950 -0.707107 0.693520
v 0.108386 -0.831470 0.544895
v 0.074658 -0.923880 0.375330
v 0.038060 -0.980785 0.191342
v -0.000000 0.980785 0.195090
v -0.000000 0.923880 0.382683
v -0.000000 0.831470 0.555570
v -0.000000 0.707107 0.707107
v -0.000000 0.555570 0.831469
v 0.000000 0.382683 0.923879
v -0.000000 0.195090 0.980785
v -0.000000 0.000000 0.999999
v -0.000000 -0.195090 0.980785
v 0.000000 -0.382683 0.923879
v -0.000000 -0.555570 0.831469
v -0.000000 -0.707107 0.707107
v -0.000000 -0.831470 0.555570
v -0.000000 -0.923880 0.382683
v -0.000000 -0.980785 0.195090
v -0.038060 0.980785 0.191342
v -0.074658 0.923880 0.375330
v -0.108386 0.831470 0.544895
v -0.137950 0.707107 0.693520
v -0.162212 0.555570 0.815493
v -0.180240 0.382683 0.906127
v -0.191342 0.195090 0.961939
v -0.195091 0.000000 0.980785
v -0.191342 -0.195090 0.961939
v -0.180240 -0.382683 0.906127
v -0.162212 -0.555570 0.815493
v -0.137950 -0.707107 0.693520
v -0.108386 -0.831470 0.544895
v -0.074658 -0.923880 0.375330
v -0.038060 -0.980785 0.191342
v -0.074658 0.980785 0.180240
v -0.146447 0.923880 0.353553
v -0.212608 0.831470 0.513280
v -0.270598 0.707107 0.653281
v -0.318190 0.555570 0.768177
v -0.353553 0.382683 0.853553
v -0.375330 0.195090 0.906127
v -0.382683 0.000000 0.923879
v -0.375330 -0.195090 0.906127
v -0.353553 -0.382683 0.853553
v -0.318190 -0.555570 0.768177
v -0.270598 -0.707107 0.653281
v -0.212608 -0.831470 0.513280
v -0.146447 -0.923880 0.353553
v -0.074658 -0.980785 0.180240
v -0.108386 0.980785 0.162212
v -0.212608 0.923880 0.318190
v -0.308658 0.831470 0.461939
v -0.392847 0.707107 0.587938
v -0.461940 0.555570 0.691341
v -0.513280 0.382683 0.768178
v -0.544895 0.195090 0.815493
v -0.555570 0.000000 0.831469
v -0.544895 -0.195090 0.815493
v -0.513280 -0.382683 0.768178
v -0.461940 -0.555570 0.691341
v -0.392847 -0.707107 0.587938
v -0.308658 -0.831470 0.461939
v -0.212608 -0.923880 0.318190
v -0.108386 -0.980785 0.162212
v -0.137950 0.980785 0.137950
v -0.270598 0.923880 0.270598
v -0.392847 0.831470 0.392847
v -0.500000 0.707107 0.500000
v -0.587938 0.555570 0.587937
v -0.653281 0.382683 0.653281
v -0.693520 0.195090 0.693520
v -0.707106 0.000000 0.707106
v -0.693520 -0.195090 0.693520
v -0.653281 -0.382683 0.653281
v -0.587938 -0.555570 0.587937
v -0.500000 -0.707107 0.500000
v -0.392847 -0.831470 0.392847
v -0.270598 -0.923880 0.270598
v -0.137950 -0.980785 0.137950
v 0.000000 -1.000000 0.000000
v -0.162212 0.980785 0.108386
v -0.318190 0.923880 0.212607
v -0.461940 0.831470 0.308658
v -0.587938 0.707107 0.392847
v -0.691341 0.555570 0.461939
v -0.768177 0.382683 0.513280
v -0.815493 0.195090 0.544895
v -0.831469 0.000000 0.555569
v -0.815493 -0.195090 0.544895
v -0.768177 -0.382683 0.513280
v -0.691341 -0.555570 0.461939
v -0.587938 -0.707107 0.392847
v -0.461940 -0.831470 0.308658
v -0.318190 -0.923880 0.212607
v -0.162212 -0.980785 0.108386
v -0.180240 0.980785 0.074658
v -0.353553 0.923880 0.146447
v -0.513280 0.831470 0.212607
v -0.653281 0.707107 0.270598
v -0.768177 0.555570 0.318189
v -0.853553 0.382683 0.353553
v -0.906127 0.195090 0.375330
v -0.923879 0.000000 0.382683
v -0.906127 -0.195090 0.375330
v -0.853553 -0.382683 0.353553
v -0.768177 -0.555570 0.318189
v -0.653281 -0.707107 0.270598
v -0.513280 -0.831470 0.212607
v -0.353553 -0.923880 0.146447
v -0.180240 -0.980785 0.074658
v -0.191342 0.980785 0.038060
v -0.375330 0.923880 0.074658
v -0.544895 0.831470 0.108386
v -0.693520 0.707107 0.137950
v -0.815493 0.555570 0.162211
v -0.906127 0.382683 0.180240
v -0.961939 0.195090 0.191341
v -0.980784 0.000000 0.195090
v -0.961939 -0.195090 0.191341
v -0.906127 -0.382683 0.180240
v -0.815493 -0.555570 0.162211
v -0.693520 -0.707107 0.137950
v -0.544895 -0.831470 0.108386
v -0.375330 -0.923880 0.074658
v -0.191342 -0.980785 0.038060
v -0.195090 0.980785 -0.000000
v -0.382683 0.923880 -0.000000
v -0.555570 0.831470 -0.000000
v -0.707107 0.707107 -0.000000
v -0.831469 0.555570 -0.000000
v -0.923879 0.382683 -0.000000
v -0.980785 0.195090 -0.000000
v -0.999999 0.000000 -0.000000
v -0.980785 -0.195090 -0.000000
v -0.923879 -0.382683 -0.000000
v -0.831469 -0.555570 -0.000000
v -0.707107 -0.707107 -0.000000
v -0.555570 -0.831470 -0.000000
v -0.382683 -0.923880 -0.000000
v -0.195090 -0.980785 -0.000000
v -0.191342 0.980785 -0.038060
v -0.375330 0.923880 -0.074658
v -0.544895 0.831470 -0.108386
v -0.693520 0.707107 -0.137950
v -0.815493 0.555570 -0.162212
v -0.906127 0.382683 -0.180240
v -0.961939 0.195090 -0.191342
v -0.980784 0.000000 -0.195091
v -0.961939 -0.195090 -0.191342
v -0.906127 -0.382683 -0.180240
v -0.815493 -0.555570 -0.162212
v -0.693520 -0.707107 -0.137950
v -0.544895 -0.831470 -0.108386
v -0.375330 -0.923880 -0.074658
v -0.191342 -0.980785 -0.038060
v -0.180240 0.980785 -0.074658
v -0.353553 0.923880 -0.146447
v -0.513279 0.831470 -0.212607
v -0.653281 0.707107 -0.270598
v -0.768177 0.555570 -0.318190
v -0.853553 0.382683 -0.353553
v -0.906127 0.195090 -0.375330
v -0.923878 0.000000 -0.382683
v -0.906127 -0.195090 -0.375330
v -0.853553 -0.382683 -0.353553
v -0.768177 -0.555570 -0.318190
v -0.653281 -0.707107 -0.270598
v -0.513279 -0.831470 -0.212607
v -0.353553 -0.923880 -0.146447
v -0.180240 -0.980785 -0.074658
v -0.162212 0.980785 -0.108386
v -0.318189 0.923880 -0.212607
v -0.461939 0.831470 -0.308658
v -0.587938 0.707107 -0.392847
v -0.691341 0.555570 -0.461940
v -0.768177 0.382683 -0.513280
v -0.815493 0.195090 -0.544895
v -0.831468 0.000000 -0.555570
v -0.815493 -0.195090 -0.544895
v -0.768177 -0.382683 -0.513280
v -0.691341 -0.555570 -0.461940
v -0.587938 -0.707107 -0.392847
v -0.461939 -0.831470 -0.308658
v -0.318189 -0.923880 -0.212607
v -0.162212 -0.980785 -0.108386
v -0.137950 0.980785 -0.137950
v -0.270598 0.923880 -0.270598
v -0.392847 0.831470 -0.392847
v -0.500000 0.707107 -0.500000
v -0.587937 0.555570 -0.587938
v -0.653281 0.382683 -0.653281
v -0.693519 0.195090 -0.693520
v -0.707106 0.000000 -0.707106
v -0.693519 -0.195090 -0.693520
v -0.653281 -0.382683 -0.653281
v -0.587937 -0.555570 -0.587938
v -0.500000 -0.707107 -0.500000
v -0.392847 -0.831470 -0.392847
v -0.270598 -0.923880 -0.270598
v -0.137950 -0.980785 -0.137950
v -0.108386 0.980785 -0.162212
v -0.212607 0.923880 -0.318190
v -0.308658 0.831470 -0.461939
v -0.392847 0.707107 -0.587938
v -0.461939 0.555570 -0.691341
v -0.513280 0.382683 -0.768177
v -0.544895 0.195090 -0.815493
v -0.555569 0.000000 -0.831469
v -0.544895 -0.195090 -0.815493
v -0.513280 -0.382683 -0.768177
v -0.461939 -0.555570 -0.691341
v -0.392847 -0.707107 -0.587938
v -0.308658 -0.831470 -0.461939
v -0.212607 -0.923880 -0.318190
v -0.108386 -0.980785 -0.162212
v -0.074658 0.980785 -0.180240
v -0.146446 0.923880 -0.353553
v -0.212607 0.831470 -0.513279
v -0.270598 0.707107 -0.653281
v -0.318189 0.555570 -0.768177
v -0.353553 0.382683 -0.853553
v -0.375330 0.195090 -0.906127
v -0.382683 0.000000 -0.923879
v -0.375330 -0.195090 -0.906127
v -0.353553 -0.382683 -0.853553
v -0.318189 -0.555570 -0.768177
v -0.270598 -0.707107 -0.653281
v -0.212607 -0.831470 -0.513279
v -0.146446 -0.923880 -0.353553
v -0.074658 -0.980785 -0.180240
v -0.038060 0.980785 -0.191342
v -0.074658 0.923880 -0.375330
v -0.108386 0.831470 -0.544895
v -0.137950 0.707107 -0.693520
v -0.162211 0.555570 -0.815493
v -0.180240 0.382683 -0.906127
v -0.191341 0.195090 -0.961939
v -0.195090 0.000000 -0.980784
v -0.191341 -0.195090 -0.961939
v -0.180240 -0.382683 -0.906127
v -0.162211 -0.555570 -0.815493
v -0.137950 -0.707107 -0.693520
v -0.108386 -0.831470 -0.544895
v -0.074658 -0.923880 -0.375330
v -0.038060 -0.980785 -0.191342
v 0.000000 0.980785 -0.195090
v 0.000000 0.923880 -0.382683
v 0.000000 0.707107 -0.707107
v 0.000000 0.382683 -0.923879
v 0.000000 -0.382683 -0.923879
v 0.000000 -0.707107 -0.707107
v 0.000000 -0.831470 -0.555570
v 0.000000 -0.923880 -0.382683
v 0.000000 -0.980785 -0.195090
vn 0.0097 0.9951 -0.0980
vn 0.0097 -0.9951 -0.0980
vn 0.0975 -0.0976 -0.9904
vn 0.0286 0.9565 -0.2902
vn 0.0938 -0.2890 -0.9527
vn 0.0464 0.8810 -0.4709
vn 0.0865 -0.4696 -0.8786
vn 0.0624 0.7715 -0.6332
vn 0.0759 -0.6326 -0.7708
vn 0.0759 0.6326 -0.7708
vn 0.0624 -0.7715 -0.6332
vn 0.0865 0.4696 -0.8786
vn 0.0464 -0.8810 -0.4709
vn 0.0938 0.2890 -0.9527
vn 0.0286 -0.9565 -0.2902
vn 0.0975 0.0975 -0.9904
vn 0.0846 -0.9565 -0.2790
vn 0.2889 0.0976 -0.9524
vn 0.0286 0.9951 -0.0942
vn 0.0286 -0.9951 -0.0942
vn 0.2889 -0.0976 -0.9524
vn 0.0846 0.9565 -0.2790
vn 0.2779 -0.2890 -0.9161
vn 0.1374 0.8810 -0.4528
vn 0.2563 -0.4696 -0.8448
vn 0.1847 0.7715 -0.6088
vn 0.2248 -0.6326 -0.7412
vn 0.2248 0.6326 -0.7412
vn 0.1847 -0.7715 -0.6088
vn 0.2563 0.4696 -0.8448
vn 0.1374 -0.8810 -0.4528
vn 0.2779 0.2890 -0.9161
vn 0.2999 0.7715 -0.5611
vn 0.3651 -0.6326 -0.6831
vn 0.3651 0.6326 -0.6831
vn 0.2999 -0.7715 -0.5611
vn 0.4162 0.4696 -0.7786
vn 0.2230 -0.8810 -0.4173
vn 0.4513 0.2890 -0.8443
vn 0.1374 -0.9565 -0.2571
vn 0.4691 0.0975 -0.8777
vn 0.0464 0.9951 -0.0869
vn 0.0464 -0.9951 -0.0869
vn 0.4691 -0.0975 -0.8777
vn 0.1374 0.9565 -0.2571
vn 0.4513 -0.2890 -0.8443
vn 0.2231 0.8810 -0.4173
vn 0.4162 -0.4696 -0.7786
vn 0.6314 0.0975 -0.7693
vn 0.0625 0.9951 -0.0761
vn 0.0625 -0.9951 -0.0761
vn 0.6314 -0.0975 -0.7693
vn 0.1850 0.9565 -0.2254
vn 0.6073 -0.2890 -0.7400
vn 0.3002 0.8810 -0.3658
vn 0.5601 -0.4696 -0.6825
vn 0.4036 0.7715 -0.4918
vn 0.4913 -0.6326 -0.5987
vn 0.4913 0.6326 -0.5987
vn 0.4036 -0.7715 -0.4918
vn 0.5601 0.4696 -0.6825
vn 0.3002 -0.8810 -0.3658
vn 0.6073 0.2890 -0.7400
vn 0.1850 -0.9565 -0.2254
vn 0.5987 -0.6326 -0.4913
vn 0.5987 0.6326 -0.4913
vn 0.4918 -0.7715 -0.4036
vn 0.6825 0.4696 -0.5601
vn 0.3658 -0.8810 -0.3002
vn 0.7400 0.2890 -0.6073
vn 0.2254 -0.9566 -0.1850
vn 0.7693 0.0975 -0.6314
vn 0.0761 0.9951 -0.0625
vn 0.0761 -0.9951 -0.0625
vn 0.7693 -0.0975 -0.6314
vn 0.2254 0.9565 -0.1850
vn 0.7400 -0.2890 -0.6073
vn 0.3658 0.8810 -0.3002
vn 0.6825 -0.4696 -0.5601
vn 0.4918 0.7715 -0.4036
vn 0.0869 0.9951 -0.0464
vn 0.0869 -0.9951 -0.0464
vn 0.8777 -0.0975 -0.4691
vn 0.2571 0.9565 -0.1374
vn 0.8443 -0.2890 -0.4513
vn 0.4173 0.8810 -0.2230
vn 0.7786 -0.4696 -0.4162
vn 0.5611 0.7715 -0.2999
vn 0.6831 -0.6326 -0.3651
vn 0.6831 0.6326 -0.3651
vn 0.5611 -0.7715 -0.2999
vn 0.7786 0.4696 -0.4162
vn 0.4173 -0.8810 -0.2230
vn 0.8443 0.2890 -0.4513
vn 0.2571 -0.9565 -0.1374
vn 0.8777 0.0975 -0.4691
vn 0.7412 0.6326 -0.2248
vn 0.6088 -0.7715 -0.1847
vn 0.8448 0.4696 -0.2563
vn 0.4528 -0.8810 -0.1374
vn 0.9161 0.2890 -0.2779
vn 0.2790 -0.9565 -0.0846
vn 0.9524 0.0975 -0.2889
vn 0.0942 0.9951 -0.0286
vn 0.0942 -0.9951 -0.0286
vn 0.9524 -0.0975 -0.2889
vn 0.2790 0.9565 -0.0846
vn 0.9161 -0.2890 -0.2779
vn 0.4528 0.8810 -0.1374
vn 0.8448 -0.4696 -0.2563
vn 0.6088 0.7715 -0.1847
vn 0.7412 -0.6326 -0.2248
vn 0.9904 -0.0975 -0.0975
vn 0.2902 0.9565 -0.0286
vn 0.9527 -0.2890 -0.0938
vn 0.4709 0.8810 -0.0464
vn 0.8786 -0.4696 -0.0865
vn 0.6332 0.7715 -0.0624
vn 0.7708 -0.6326 -0.0759
vn 0.7708 0.6326 -0.0759
vn 0.6332 -0.7715 -0.0624
vn 0.8786 0.4696 -0.0865
vn 0.4709 -0.8810 -0.0464
vn 0.9527 0.2890 -0.0938
vn 0.2902 -0.9565 -0.0286
vn 0.9904 0.0975 -0.0975
vn 0.0980 0.9951 -0.0097
vn 0.0980 -0.9951 -0.0097
vn 0.6332 -0.7715 0.0624
vn 0.8786 0.4696 0.0865
vn 0.4709 -0.8810 0.0464
vn 0.9527 0.2890 0.0938
vn 0.2902 -0.9565 0.0286
vn 0.9904 0.0975 0.0976
vn 0.0980 0.9951 0.0097
vn 0.0980 -0.9951 0.0097
vn 0.9904 -0.0975 0.0976
vn 0.2902 0.9565 0.0286
vn 0.9527 -0.2890 0.0938
vn 0.4709 0.8810 0.0464
vn 0.8786 -0.4696 0.0865
vn 0.6332 0.7715 0.0624
vn 0.7708 -0.6326 0.0759
vn 0.7708 0.6326 0.0759
vn 0.9161 -0.2890 0.2779
vn 0.4528 0.8810 0.1374
vn 0.8448 -0.4696 0.2563
vn 0.6088 0.7715 0.1847
vn 0.7412 -0.6326 0.2248
vn 0.7412 0.6326 0.2248
vn 0.6088 -0.7715 0.1847
vn 0.8448 0.4696 0.2563
vn 0.4528 -0.8810 0.1374
vn 0.9161 0.2890 0.2779
vn 0.2790 -0.9565 0.0846
vn 0.9524 0.0975 0.2889
vn 0.0942 0.9951 0.0286
vn 0.0942 -0.9951 0.0286
vn 0.9524 -0.0975 0.2889
vn 0.2790 0.9565 0.0846
vn 0.4173 -0.8810 0.2230
vn 0.8443 0.2890 0.4513
vn 0.2571 -0.9565 0.1374
vn 0.8777 0.0975 0.4691
vn 0.0869 0.9951 0.0464
vn 0.0869 -0.9951 0.0464
vn 0.8777 -0.0975 0.4691
vn 0.2571 0.9565 0.1374
vn 0.8443 -0.2890 0.4513
vn 0.4173 0.8810 0.2231
vn 0.7786 -0.4696 0.4162
vn 0.5611 0.7715 0.2999
vn 0.6831 -0.6326 0.3651
vn 0.6831 0.6326 0.3651
vn 0.5611 -0.7715 0.2999
vn 0.7786 0.4696 0.4162
vn 0.3658 0.8810 0.3002
vn 0.6825 -0.4696 0.5601
vn 0.4918 0.7715 0.4036
vn 0.5987 -0.6326 0.4913
vn 0.5987 0.6326 0.4913
vn 0.4918 -0.7715 0.4036
vn 0.6825 0.4696 0.5601
vn 0.3658 -0.8810 0.3002
vn 0.7400 0.2890 0.6073
vn 0.2254 -0.9565 0.1850
vn 0.7693 0.0975 0.6314
vn 0.0761 0.9951 0.0625
vn 0.0761 -0.9951 0.0625
vn 0.7693 -0.0975 0.6314
vn 0.2254 0.9565 0.1850
vn 0.7400 -0.2890 0.6073
vn 0.6073 0.2890 0.7400
vn 0.1850 -0.9565 0.2254
vn 0.6314 0.0975 0.7693
vn 0.0625 0.9951 0.0761
vn 0.0625 -0.9951 0.0761
vn 0.6314 -0.0975 0.7693
vn 0.1850 0.9565 0.2254
vn 0.6073 -0.2890 0.7400
vn 0.3002 0.8810 0.3658
vn 0.5601 -0.4696 0.6825
vn 0.4036 0.7715 0.4918
vn 0.4913 -0.6326 0.5987
vn 0.4913 0.6326 0.5987
vn 0.4036 -0.7715 0.4918
vn 0.5601 0.4696 0.6825
vn 0.3002 -0.8810 0.3658
vn 0.4162 -0.4696 0.7786
vn 0.2999 0.7715 0.5611
vn 0.3651 -0.6326 0.6831
vn 0.3651 0.6326 0.6831
vn 0.2999 -0.7715 0.5611
vn 0.4162 0.4696 0.7786
vn 0.2230 -0.8810 0.4173
vn 0.4513 0.2890 0.8443
vn 0.1374 -0.9565 0.2571
vn 0.4691 0.0975 0.8777
vn 0.0464 0.9951 0.0869
vn 0.0464 -0.9951 0.0869
vn 0.4691 -0.0975 0.8777
vn 0.1374 0.9565 0.2571
vn 0.4513 -0.2890 0.8443
vn 0.2230 0.8810 0.4173
vn 0.0846 -0.9565 0.2790
vn 0.2889 0.0975 0.9524
vn 0.0286 0.9951 0.0942
vn 0.0286 -0.9951 0.0942
vn 0.2889 -0.0975 0.9524
vn 0.0846 0.9565 0.2790
vn 0.2779 -0.2890 0.9161
vn 0.1374 0.8810 0.4528
vn 0.2563 -0.4696 0.8448
vn 0.1847 0.7715 0.6088
vn 0.2248 -0.6326 0.7412
vn 0.2248 0.6326 0.7412
vn 0.1847 -0.7715 0.6088
vn 0.2563 0.4696 0.8448
vn 0.1374 -0.8810 0.4528
vn 0.2779 0.2890 0.9161
vn 0.0624 0.7715 0.6332
vn 0.0759 -0.6326 0.7708
vn 0.0759 0.6326 0.7708
vn 0.0624 -0.7715 0.6332
vn 0.0865 0.4696 0.8786
vn 0.0464 -0.8810 0.4709
vn 0.0938 0.2890 0.9527
vn 0.0286 -0.9565 0.2902
vn 0.0975 0.0975 0.9904
vn 0.0097 0.9951 0.0980
vn 0.0097 -0.9951 0.0980
vn 0.0975 -0.0975 0.9904
vn 0.0286 0.9565 0.2902
vn 0.0938 -0.2890 0.9527
vn 0.0464 0.8810 0.4709
vn 0.0865 -0.4696 0.8786
vn -0.0976 0.0975 0.9904
vn -0.0097 0.9951 0.0980
vn -0.0097 -0.9951 0.0980
vn -0.0975 -0.0975 0.9904
vn -0.0286 0.9565 0.2902
vn -0.0938 -0.2890 0.9527
vn -0.0464 0.8810 0.4709
vn -0.0865 -0.4696 0.8786
vn -0.0624 0.7715 0.6332
vn -0.0759 -0.6326 0.7708
vn -0.0759 0.6326 0.7708
vn -0.0624 -0.7715 0.6332
vn -0.0865 0.4696 0.8786
vn -0.0464 -0.8810 0.4709
vn -0.0938 0.2890 0.9527
vn -0.0286 -0.9565 0.2902
vn -0.2248 -0.6326 0.7412
vn -0.2248 0.6326 0.7412
vn -0.1847 -0.7715 0.6088
vn -0.2563 0.4696 0.8448
vn -0.1374 -0.8810 0.4528
vn -0.2779 0.2890 0.9161
vn -0.0846 -0.9565 0.2790
vn -0.2889 0.0975 0.9524
vn -0.0286 0.9951 0.0942
vn -0.0286 -0.9951 0.0942
vn -0.2889 -0.0975 0.9524
vn -0.0846 0.9565 0.2790
vn -0.2779 -0.2890 0.9161
vn -0.1374 0.8810 0.4528
vn -0.2563 -0.4696 0.8448
vn -0.1847 0.7715 0.6088
vn -0.0464 -0.9951 0.0869
vn -0.4691 -0.0975 0.8777
vn -0.1374 0.9565 0.2571
vn -0.4513 -0.2890 0.8443
vn -0.2230 0.8810 0.4173
vn -0.4162 -0.4696 0.7786
vn -0.2999 0.7715 0.5611
vn -0.3651 -0.6326 0.6831
vn -0.3651 0.6326 0.6831
vn -0.2999 -0.7715 0.5611
vn -0.4162 0.4696 0.7786
vn -0.2230 -0.8810 0.4173
vn -0.4513 0.2890 0.8443
vn -0.1374 -0.9565 0.2571
vn -0.4691 0.0975 0.8777
vn -0.0464 0.9951 0.0869
vn -0.4036 -0.7715 0.4918
vn -0.5601 0.4696 0.6825
vn -0.3002 -0.8810 0.3658
vn -0.6073 0.2890 0.7400
vn -0.1850 -0.9565 0.2254
vn -0.6314 0.0975 0.7693
vn -0.0625 0.9951 0.0761
vn -0.0625 -0.9951 0.0761
vn -0.6314 -0.0975 0.7693
vn -0.1850 0.9565 0.2254
vn -0.6073 -0.2890 0.7400
vn -0.3002 0.8810 0.3658
vn -0.5601 -0.4696 0.6825
vn -0.4036 0.7715 0.4918
vn -0.4913 -0.6326 0.5987
vn -0.4913 0.6326 0.5987
vn -0.2254 0.9565 0.1850
vn -0.7400 -0.2890 0.6073
vn -0.3658 0.8810 0.3002
vn -0.6825 -0.4696 0.5601
vn -0.4918 0.7715 0.4036
vn -0.5987 -0.6326 0.4913
vn -0.5987 0.6326 0.4913
vn -0.4918 -0.7715 0.4036
vn -0.6825 0.4696 0.5601
vn -0.3658 -0.8810 0.3002
vn -0.7400 0.2890 0.6073
vn -0.2254 -0.9566 0.1850
vn -0.7693 0.0975 0.6314
vn -0.0761 0.9951 0.0625
vn -0.0761 -0.9951 0.0625
vn -0.7693 -0.0975 0.6314
vn -0.7786 0.4696 0.4162
vn -0.4173 -0.8810 0.2231
vn -0.8443 0.2890 0.4513
vn -0.2571 -0.9565 0.1374
vn -0.8777 0.0975 0.4691
vn -0.0869 0.9951 0.0464
vn -0.0869 -0.9951 0.0464
vn -0.8777 -0.0975 0.4691
vn -0.2571 0.9565 0.1374
vn -0.8443 -0.2890 0.4513
vn -0.4173 0.8810 0.2230
vn -0.7786 -0.4696 0.4162
vn -0.5611 0.7715 0.2999
vn -0.6831 -0.6326 0.3651
vn -0.6831 0.6326 0.3651
vn -0.5611 -0.7715 0.2999
vn -0.9161 -0.2890 0.2779
vn -0.4528 0.8810 0.1374
vn -0.8448 -0.4696 0.2563
vn -0.6088 0.7715 0.1847
vn -0.7412 -0.6326 0.2248
vn -0.7412 0.6326 0.2248
vn -0.6088 -0.7715 0.1847
vn -0.8448 0.4696 0.2563
vn -0.4528 -0.8810 0.1374
vn -0.9161 0.2890 0.2779
vn -0.2790 -0.9565 0.0846
vn -0.9524 0.0975 0.2889
vn -0.0942 0.9951 0.0286
vn -0.0942 -0.9951 0.0286
vn -0.9524 -0.0975 0.2889
vn -0.2790 0.9565 0.0846
vn -0.4709 -0.8810 0.0464
vn -0.9527 0.2890 0.0938
vn -0.2902 -0.9565 0.0286
vn -0.9904 0.0975 0.0975
vn -0.0980 0.9951 0.0097
vn -0.0980 -0.9951 0.0097
vn -0.9904 -0.0975 0.0976
vn -0.2902 0.9565 0.0286
vn -0.9527 -0.2890 0.0938
vn -0.4709 0.8810 0.0464
vn -0.8786 -0.4696 0.0865
vn -0.6332 0.7715 0.0624
vn -0.7708 -0.6326 0.0759
vn -0.7708 0.6326 0.0759
vn -0.6332 -0.7715 0.0624
vn -0.8786 0.4696 0.0865
vn -0.4709 0.8810 -0.0464
vn -0.8786 -0.4696 -0.0865
vn -0.6332 0.7715 -0.0624
vn -0.7708 -0.6326 -0.0759
vn -0.7708 0.6326 -0.0759
vn -0.6332 -0.7715 -0.0624
vn -0.8786 0.4696 -0.0865
vn -0.4709 -0.8810 -0.0464
vn -0.9527 0.2890 -0.0938
vn -0.2902 -0.9565 -0.0286
vn -0.9904 0.0975 -0.0975
vn -0.0980 0.9951 -0.0097
vn -0.0980 -0.9951 -0.0097
vn -0.9904 -0.0975 -0.0976
vn -0.2902 0.9565 -0.0286
vn -0.9527 -0.2890 -0.0938
vn -0.9161 0.2890 -0.2779
vn -0.2790 -0.9565 -0.0846
vn -0.9524 0.0975 -0.2889
vn -0.0942 0.9951 -0.0286
vn -0.0942 -0.9951 -0.0286
vn -0.9524 -0.0975 -0.2889
vn -0.2790 0.9565 -0.0846
vn -0.9161 -0.2890 -0.2779
vn -0.4528 0.8810 -0.1374
vn -0.8448 -0.4696 -0.2563
vn -0.6088 0.7715 -0.1847
vn -0.7412 -0.6326 -0.2248
vn -0.7412 0.6326 -0.2248
vn -0.6088 -0.7715 -0.1847
vn -0.8448 0.4696 -0.2563
vn -0.4528 -0.8810 -0.1374
vn -0.7786 -0.4696 -0.4162
vn -0.5611 0.7715 -0.2999
vn -0.6831 -0.6326 -0.3651
vn -0.6831 0.6326 -0.3651
vn -0.5611 -0.7715 -0.2999
vn -0.7786 0.4696 -0.4162
vn -0.4173 -0.8810 -0.2231
vn -0.8443 0.2890 -0.4513
vn -0.2571 -0.9565 -0.1374
vn -0.8777 0.0975 -0.4691
vn -0.0869 0.9951 -0.0464
vn -0.0869 -0.9951 -0.0464
vn -0.8777 -0.0975 -0.4691
vn -0.2571 0.9565 -0.1374
vn -0.8443 -0.2890 -0.4513
vn -0.4173 0.8810 -0.2231
vn -0.2254 -0.9565 -0.1850
vn -0.7693 0.0975 -0.6314
vn -0.0761 0.9951 -0.0625
vn -0.0761 -0.9951 -0.0625
vn -0.7693 -0.0975 -0.6314
vn -0.2254 0.9565 -0.1850
vn -0.7400 -0.2890 -0.6073
vn -0.3658 0.8810 -0.3002
vn -0.6825 -0.4696 -0.5601
vn -0.4918 0.7715 -0.4036
vn -0.5987 -0.6326 -0.4913
vn -0.5987 0.6326 -0.4913
vn -0.4918 -0.7715 -0.4036
vn -0.6825 0.4696 -0.5601
vn -0.3658 -0.8810 -0.3002
vn -0.7400 0.2890 -0.6073
vn -0.4913 -0.6326 -0.5987
vn -0.4913 0.6326 -0.5987
vn -0.4036 -0.7715 -0.4918
vn -0.5601 0.4696 -0.6825
vn -0.3002 -0.8810 -0.3658
vn -0.6073 0.2890 -0.7400
vn -0.1850 -0.9565 -0.2254
vn -0.6314 0.0975 -0.7693
vn -0.0625 0.9951 -0.0761
vn -0.0625 -0.9951 -0.0761
vn -0.6314 -0.0975 -0.7693
vn -0.1850 0.9565 -0.2254
vn -0.6073 -0.2890 -0.7400
vn -0.3002 0.8810 -0.3658
vn -0.5601 -0.4696 -0.6825
vn -0.4036 0.7715 -0.4918
vn -0.0464 0.9951 -0.0869
vn -0.0464 -0.9951 -0.0869
vn -0.4691 -0.0975 -0.8777
vn -0.1374 0.9565 -0.2571
vn -0.4513 -0.2890 -0.8443
vn -0.2230 0.8810 -0.4173
vn -0.4162 -0.4696 -0.7786
vn -0.2999 0.7715 -0.5611
vn -0.3651 -0.6326 -0.6831
vn -0.3651 0.6326 -0.6831
vn -0.2999 -0.7715 -0.5611
vn -0.4162 0.4696 -0.7786
vn -0.2230 -0.8810 -0.4173
vn -0.4513 0.2890 -0.8443
vn -0.1374 -0.9565 -0.2571
vn -0.4691 0.0975 -0.8777
vn -0.2248 0.6326 -0.7412
vn -0.1847 -0.7715 -0.6088
vn -0.2563 0.4696 -0.8448
vn -0.1374 -0.8810 -0.4528
vn -0.2779 0.2890 -0.9161
vn -0.0846 -0.9565 -0.2790
vn -0.2889 0.0975 -0.9524
vn -0.0286 0.9951 -0.0942
vn -0.0286 -0.9951 -0.0942
vn -0.2889 -0.0975 -0.9524
vn -0.0846 0.9565 -0.2790
vn -0.2779 -0.2890 -0.9161
vn -0.1374 0.8810 -0.4528
vn -0.2563 -0.4696 -0.8448
vn -0.1847 0.7715 -0.6088
vn -0.2248 -0.6326 -0.7412
vn -0.0976 -0.0975 -0.9904
vn -0.0286 0.9565 -0.2902
vn -0.0938 -0.2890 -0.9527
vn -0.0464 0.8810 -0.4709
vn -0.0865 -0.4696 -0.8786
vn -0.0624 0.7715 -0.6332
vn -0.0759 -0.6326 -0.7708
vn -0.0759 0.6326 -0.7708
vn -0.0624 -0.7715 -0.6332
vn -0.0865 0.4696 -0.8786
vn -0.0464 -0.8810 -0.4709
vn -0.0938 0.2890 -0.9527
vn -0.0286 -0.9565 -0.2902
vn -0.0976 0.0975 -0.9904
vn -0.0097 0.9951 -0.0980
vn -0.0097 -0.9951 -0.0980
vn 0.0975 -0.0975 -0.9904
vn 0.0975 0.0976 -0.9904
vn 0.2231 -0.8810 -0.4173
vn 0.2230 0.8810 -0.4173
vn 0.2254 -0.9565 -0.1850
vn 0.4173 -0.8810 0.2231
vn 0.4173 0.8810 0.2230
vn 0.2231 -0.8810 0.4173
vn -0.0975 0.0975 0.9904
vn -0.0976 -0.0975 0.9904
vn -0.2231 0.8810 0.4173
vn -0.2231 -0.8810 0.4173
vn -0.2254 -0.9565 0.1850
vn -0.4173 -0.8810 0.2230
vn -0.9904 0.0975 0.0976
vn -0.9904 -0.0975 0.0975
vn -0.9904 0.0975 -0.0976
vn -0.9904 -0.0975 -0.0975
vt 0.750000 0.937500
vt 0.734375 1.000000
vt 0.718750 0.937500
vt 0.734375 0.000000
vt 0.750000 0.062500
vt 0.718750 0.062500
vt 0.750000 0.500000
vt 0.718750 0.437500
vt 0.750000 0.437500
vt 0.750000 0.875000
vt 0.718750 0.875000
vt 0.718750 0.375000
vt 0.750000 0.375000
vt 0.750000 0.812500
vt 0.718750 0.812500
vt 0.718750 0.312500
vt 0.750000 0.312500
vt 0.750000 0.750000
vt 0.718750 0.750000
vt 0.718750 0.250000
vt 0.750000 0.250000
vt 0.750000 0.687500
vt 0.718750 0.687500
vt 0.718750 0.187500
vt 0.750000 0.187500
vt 0.750000 0.625000
vt 0.718750 0.625000
vt 0.718750 0.125000
vt 0.750000 0.125000
vt 0.750000 0.562500
vt 0.718750 0.562500
vt 0.718750 0.500000
vt 0.687500 0.062500
vt 0.687500 0.500000
vt 0.703125 1.000000
vt 0.687500 0.937500
vt 0.703125 0.000000
vt 0.687500 0.437500
vt 0.687500 0.875000
vt 0.687500 0.375000
vt 0.687500 0.812500
vt 0.687500 0.312500
vt 0.687500 0.750000
vt 0.687500 0.250000
vt 0.687500 0.687500
vt 0.687500 0.187500
vt 0.687500 0.625000
vt 0.687500 0.125000
vt 0.687500 0.562500
vt 0.656250 0.750000
vt 0.656250 0.312500
vt 0.656250 0.250000
vt 0.656250 0.687500
vt 0.656250 0.187500
vt 0.656250 0.625000
vt 0.656250 0.125000
vt 0.656250 0.562500
vt 0.656250 0.062500
vt 0.656250 0.500000
vt 0.671875 1.000000
vt 0.656250 0.937500
vt 0.671875 0.000000
vt 0.656250 0.437500
vt 0.656250 0.875000
vt 0.656250 0.375000
vt 0.656250 0.812500
vt 0.625000 0.562500
vt 0.625000 0.500000
vt 0.640625 1.000000
vt 0.625000 0.937500
vt 0.640625 0.000000
vt 0.625000 0.062500
vt 0.625000 0.437500
vt 0.625000 0.875000
vt 0.625000 0.375000
vt 0.625000 0.812500
vt 0.625000 0.312500
vt 0.625000 0.750000
vt 0.625000 0.250000
vt 0.625000 0.687500
vt 0.625000 0.187500
vt 0.625000 0.625000
vt 0.625000 0.125000
vt 0.593750 0.250000
vt 0.593750 0.750000
vt 0.593750 0.687500
vt 0.593750 0.187500
vt 0.593750 0.625000
vt 0.593750 0.125000
vt 0.593750 0.562500
vt 0.593750 0.062500
vt 0.593750 0.500000
vt 0.609375 1.000000
vt 0.593750 0.937500
vt 0.609375 0.000000
vt 0.593750 0.437500
vt 0.593750 0.875000
vt 0.593750 0.375000
vt 0.593750 0.812500
vt 0.593750 0.312500
vt 0.578125 1.000000
vt 0.562500 0.937500
vt 0.578125 0.000000
vt 0.562500 0.062500
vt 0.562500 0.437500
vt 0.562500 0.875000
vt 0.562500 0.375000
vt 0.562500 0.812500
vt 0.562500 0.312500
vt 0.562500 0.750000
vt 0.562500 0.250000
vt 0.562500 0.687500
vt 0.562500 0.187500
vt 0.562500 0.625000
vt 0.562500 0.125000
vt 0.562500 0.562500
vt 0.562500 0.500000
vt 0.531250 0.750000
vt 0.531250 0.687500
vt 0.531250 0.250000
vt 0.531250 0.187500
vt 0.531250 0.625000
vt 0.531250 0.125000
vt 0.531250 0.562500
vt 0.531250 0.062500
vt 0.531250 0.500000
vt 0.546875 1.000000
vt 0.531250 0.937500
vt 0.546875 0.000000
vt 0.531250 0.437500
vt 0.531250 0.875000
vt 0.531250 0.375000
vt 0.531250 0.812500
vt 0.531250 0.312500
vt 0.500000 0.437500
vt 0.500000 0.937500
vt 0.500000 0.875000
vt 0.500000 0.375000
vt 0.500000 0.812500
vt 0.500000 0.312500
vt 0.500000 0.750000
vt 0.500000 0.250000
vt 0.500000 0.687500
vt 0.500000 0.187500
vt 0.500000 0.625000
vt 0.500000 0.125000
vt 0.500000 0.562500
vt 0.500000 0.062500
vt 0.500000 0.500000
vt 0.515625 1.000000
vt 0.515625 0.000000
vt 0.468750 0.250000
vt 0.468750 0.187500
vt 0.468750 0.625000
vt 0.468750 0.125000
vt 0.468750 0.562500
vt 0.468750 0.062500
vt 0.468750 0.500000
vt 0.484375 1.000000
vt 0.468750 0.937500
vt 0.484375 0.000000
vt 0.468750 0.437500
vt 0.468750 0.875000
vt 0.468750 0.375000
vt 0.468750 0.812500
vt 0.468750 0.312500
vt 0.468750 0.750000
vt 0.468750 0.687500
vt 0.437500 0.375000
vt 0.437500 0.875000
vt 0.437500 0.812500
vt 0.437500 0.312500
vt 0.437500 0.750000
vt 0.437500 0.250000
vt 0.437500 0.687500
vt 0.437500 0.187500
vt 0.437500 0.625000
vt 0.437500 0.125000
vt 0.437500 0.562500
vt 0.437500 0.062500
vt 0.437500 0.500000
vt 0.453125 1.000000
vt 0.437500 0.937500
vt 0.453125 0.000000
vt 0.437500 0.437500
vt 0.406250 0.125000
vt 0.406250 0.625000
vt 0.406250 0.562500
vt 0.406250 0.062500
vt 0.406250 0.500000
vt 0.421875 1.000000
vt 0.406250 0.937500
vt 0.421875 0.000000
vt 0.406250 0.437500
vt 0.406250 0.875000
vt 0.406250 0.375000
vt 0.406250 0.812500
vt 0.406250 0.312500
vt 0.406250 0.750000
vt 0.406250 0.250000
vt 0.406250 0.687500
vt 0.406250 0.187500
vt 0.375000 0.812500
vt 0.375000 0.375000
vt 0.375000 0.312500
vt 0.375000 0.750000
vt 0.375000 0.250000
vt 0.375000 0.687500
vt 0.375000 0.187500
vt 0.375000 0.625000
vt 0.375000 0.125000
vt 0.375000 0.562500
vt 0.375000 0.062500
vt 0.375000 0.500000
vt 0.390625 1.000000
vt 0.375000 0.937500
vt 0.390625 0.000000
vt 0.375000 0.437500
vt 0.375000 0.875000
vt 0.343750 0.625000
vt 0.343750 0.562500
vt 0.343750 0.062500
vt 0.343750 0.500000
vt 0.359375 1.000000
vt 0.343750 0.937500
vt 0.359375 0.000000
vt 0.343750 0.437500
vt 0.343750 0.875000
vt 0.343750 0.375000
vt 0.343750 0.812500
vt 0.343750 0.312500
vt 0.343750 0.750000
vt 0.343750 0.250000
vt 0.343750 0.687500
vt 0.343750 0.187500
vt 0.343750 0.125000
vt 0.312500 0.375000
vt 0.312500 0.312500
vt 0.312500 0.750000
vt 0.312500 0.250000
vt 0.312500 0.687500
vt 0.312500 0.187500
vt 0.312500 0.625000
vt 0.312500 0.125000
vt 0.312500 0.562500
vt 0.312500 0.062500
vt 0.312500 0.500000
vt 0.328125 1.000000
vt 0.312500 0.937500
vt 0.328125 0.000000
vt 0.312500 0.437500
vt 0.312500 0.875000
vt 0.312500 0.812500
vt 0.281250 0.062500
vt 0.281250 0.562500
vt 0.281250 0.500000
vt 0.296875 1.000000
vt 0.281250 0.937500
vt 0.296875 0.000000
vt 0.281250 0.437500
vt 0.281250 0.875000
vt 0.281250 0.375000
vt 0.281250 0.812500
vt 0.281250 0.312500
vt 0.281250 0.750000
vt 0.281250 0.250000
vt 0.281250 0.687500
vt 0.281250 0.187500
vt 0.281250 0.625000
vt 0.281250 0.125000
vt 0.250000 0.750000
vt 0.250000 0.250000
vt 0.250000 0.687500
vt 0.250000 0.187500
vt 0.250000 0.625000
vt 0.250000 0.125000
vt 0.250000 0.562500
vt 0.250000 0.062500
vt 0.250000 0.500000
vt 0.265625 1.000000
vt 0.250000 0.937500
vt 0.265625 0.000000
vt 0.250000 0.437500
vt 0.250000 0.875000
vt 0.250000 0.375000
vt 0.250000 0.812500
vt 0.250000 0.312500
vt 0.218750 0.562500
vt 0.218750 0.500000
vt 0.234375 1.000000
vt 0.218750 0.937500
vt 0.234375 0.000000
vt 0.218750 0.062500
vt 0.218750 0.437500
vt 0.218750 0.875000
vt 0.218750 0.375000
vt 0.218750 0.812500
vt 0.218750 0.312500
vt 0.218750 0.750000
vt 0.218750 0.250000
vt 0.218750 0.687500
vt 0.218750 0.187500
vt 0.218750 0.625000
vt 0.218750 0.125000
vt 0.187500 0.250000
vt 0.187500 0.750000
vt 0.187500 0.687500
vt 0.187500 0.187500
vt 0.187500 0.625000
vt 0.187500 0.125000
vt 0.187500 0.562500
vt 0.187500 0.062500
vt 0.187500 0.500000
vt 0.203125 1.000000
vt 0.187500 0.937500
vt 0.203125 0.000000
vt 0.187500 0.437500
vt 0.187500 0.875000
vt 0.187500 0.375000
vt 0.187500 0.812500
vt 0.187500 0.312500
vt 0.171875 0.000000
vt 0.156250 0.062500
vt 0.156250 0.437500
vt 0.156250 0.937500
vt 0.156250 0.875000
vt 0.156250 0.375000
vt 0.156250 0.812500
vt 0.156250 0.312500
vt 0.156250 0.750000
vt 0.156250 0.250000
vt 0.156250 0.687500
vt 0.156250 0.187500
vt 0.156250 0.625000
vt 0.156250 0.125000
vt 0.156250 0.562500
vt 0.156250 0.500000
vt 0.171875 1.000000
vt 0.125000 0.250000
vt 0.125000 0.187500
vt 0.125000 0.625000
vt 0.125000 0.125000
vt 0.125000 0.562500
vt 0.125000 0.062500
vt 0.125000 0.500000
vt 0.140625 1.000000
vt 0.125000 0.937500
vt 0.140625 0.000000
vt 0.125000 0.437500
vt 0.125000 0.875000
vt 0.125000 0.375000
vt 0.125000 0.812500
vt 0.125000 0.312500
vt 0.125000 0.750000
vt 0.125000 0.687500
vt 0.093750 0.875000
vt 0.093750 0.375000
vt 0.093750 0.812500
vt 0.093750 0.312500
vt 0.093750 0.750000
vt 0.093750 0.250000
vt 0.093750 0.687500
vt 0.093750 0.187500
vt 0.093750 0.625000
vt 0.093750 0.125000
vt 0.093750 0.562500
vt 0.093750 0.062500
vt 0.093750 0.500000
vt 0.109375 1.000000
vt 0.093750 0.937500
vt 0.109375 0.000000
vt 0.093750 0.437500
vt 0.062500 0.625000
vt 0.062500 0.125000
vt 0.062500 0.562500
vt 0.062500 0.062500
vt 0.062500 0.500000
vt 0.078125 1.000000
vt 0.062500 0.937500
vt 0.078125 0.000000
vt 0.062500 0.437500
vt 0.062500 0.875000
vt 0.062500 0.375000
vt 0.062500 0.812500
vt 0.062500 0.312500
vt 0.062500 0.750000
vt 0.062500 0.250000
vt 0.062500 0.687500
vt 0.062500 0.187500
vt 0.031250 0.375000
vt 0.031250 0.812500
vt 0.031250 0.312500
vt 0.031250 0.750000
vt 0.031250 0.250000
vt 0.031250 0.687500
vt 0.031250 0.187500
vt 0.031250 0.625000
vt 0.031250 0.125000
vt 0.031250 0.562500
vt 0.031250 0.062500
vt 0.031250 0.500000
vt 0.046875 1.000000
vt 0.031250 0.937500
vt 0.046875 0.000000
vt 0.031250 0.437500
vt 0.031250 0.875000
vt 0.000000 0.125000
vt 0.000000 0.625000
vt 0.000000 0.562500
vt 0.000000 0.062500
vt 0.000000 0.500000
vt 0.015625 1.000000
vt 0.000000 0.937500
vt 0.015625 0.000000
vt 0.000000 0.437500
vt 0.000000 0.875000
vt 0.000000 0.375000
vt 0.000000 0.812500
vt 0.000000 0.312500
vt 0.000000 0.750000
vt 0.000000 0.250000
vt 0.000000 0.687500
vt 0.000000 0.187500
vt 1.000000 0.812500
vt 0.968750 0.875000
vt 0.968750 0.812500
vt 1.000000 0.312500
vt 0.968750 0.375000
vt 0.968750 0.312500
vt 0.968750 0.750000
vt 1.000000 0.750000
vt 0.968750 0.250000
vt 1.000000 0.250000
vt 1.000000 0.687500
vt 0.968750 0.687500
vt 1.000000 0.187500
vt 0.968750 0.187500
vt 0.968750 0.625000
vt 1.000000 0.625000
vt 0.968750 0.125000
vt 1.000000 0.125000
vt 1.000000 0.562500
vt 0.968750 0.562500
vt 0.968750 0.062500
vt 1.000000 0.062500
vt 1.000000 0.500000
vt 0.968750 0.500000
vt 1.000000 0.937500
vt 0.984375 1.000000
vt 0.968750 0.937500
vt 0.984375 0.000000
vt 0.968750 0.437500
vt 1.000000 0.437500
vt 1.000000 0.875000
vt 1.000000 0.375000
vt 0.937500 0.625000
vt 0.937500 0.562500
vt 0.937500 0.062500
vt 0.937500 0.500000
vt 0.953125 1.000000
vt 0.937500 0.937500
vt 0.953125 0.000000
vt 0.937500 0.437500
vt 0.937500 0.875000
vt 0.937500 0.375000
vt 0.937500 0.812500
vt 0.937500 0.312500
vt 0.937500 0.750000
vt 0.937500 0.250000
vt 0.937500 0.687500
vt 0.937500 0.187500
vt 0.937500 0.125000
vt 0.906250 0.375000
vt 0.906250 0.312500
vt 0.906250 0.750000
vt 0.906250 0.250000
vt 0.906250 0.687500
vt 0.906250 0.187500
vt 0.906250 0.625000
vt 0.906250 0.125000
vt 0.906250 0.562500
vt 0.906250 0.062500
vt 0.906250 0.500000
vt 0.921875 1.000000
vt 0.906250 0.937500
vt 0.921875 0.000000
vt 0.906250 0.437500
vt 0.906250 0.875000
vt 0.906250 0.812500
vt 0.875000 0.062500
vt 0.875000 0.562500
vt 0.875000 0.500000
vt 0.890625 1.000000
vt 0.875000 0.937500
vt 0.890625 0.000000
vt 0.875000 0.437500
vt 0.875000 0.875000
vt 0.875000 0.375000
vt 0.875000 0.812500
vt 0.875000 0.312500
vt 0.875000 0.750000
vt 0.875000 0.250000
vt 0.875000 0.687500
vt 0.875000 0.187500
vt 0.875000 0.625000
vt 0.875000 0.125000
vt 0.843750 0.250000
vt 0.843750 0.750000
vt 0.843750 0.687500
vt 0.843750 0.187500
vt 0.843750 0.625000
vt 0.843750 0.125000
vt 0.843750 0.562500
vt 0.843750 0.062500
vt 0.843750 0.500000
vt 0.859375 1.000000
vt 0.843750 0.937500
vt 0.859375 0.000000
vt 0.843750 0.437500
vt 0.843750 0.875000
vt 0.843750 0.375000
vt 0.843750 0.812500
vt 0.843750 0.312500
vt 0.828125 1.000000
vt 0.812500 0.937500
vt 0.828125 0.000000
vt 0.812500 0.062500
vt 0.812500 0.437500
vt 0.812500 0.875000
vt 0.812500 0.375000
vt 0.812500 0.812500
vt 0.812500 0.312500
vt 0.812500 0.750000
vt 0.812500 0.250000
vt 0.812500 0.687500
vt 0.812500 0.187500
vt 0.812500 0.625000
vt 0.812500 0.125000
vt 0.812500 0.562500
vt 0.812500 0.500000
vt 0.781250 0.750000
vt 0.781250 0.687500
vt 0.781250 0.250000
vt 0.781250 0.187500
vt 0.781250 0.625000
vt 0.781250 0.125000
vt 0.781250 0.562500
vt 0.781250 0.062500
vt 0.781250 0.500000
vt 0.796875 1.000000
vt 0.781250 0.937500
vt 0.796875 0.000000
vt 0.781250 0.437500
vt 0.781250 0.875000
vt 0.781250 0.375000
vt 0.781250 0.812500
vt 0.781250 0.312500
vt 0.765625 1.000000
vt 0.765625 0.000000
s 0
f 486/19/8 94/20/8 19/21/8
f 320/22/9 494/23/9 33/24/9
f 16/25/10 27/26/10 17/27/10
f 487/28/11 19/21/11 20/29/11
f 17/27/12 28/30/12 490/31/12
f 13/32/13 20/29/13 21/33/13
f 490/31/14 29/34/14 18/35/14
f 488/36/15 21/33/15 22/37/15
f 18/35/16 30/38/16 491/39/16
f 14/40/17 22/37/17 23/41/17
f 491/39/18 31/42/18 492/43/18
f 489/44/19 23/41/19 24/45/19
f 492/43/20 32/46/20 493/47/20
f 15/48/21 24/45/21 25/49/21
f 493/47/22 33/24/22 494/23/22
f 15/48/23 26/50/23 16/25/23
f 32/46/24 48/51/24 33/24/24
f 25/49/25 41/52/25 26/50/25
f 19/21/26 94/53/26 34/54/26
f 320/55/27 33/24/27 48/51/27
f 26/50/28 42/56/28 27/26/28
f 19/21/29 35/57/29 20/29/29
f 27/26/30 43/58/30 28/30/30
f 20/29/31 36/59/31 21/33/31
f 28/30/32 44/60/32 29/34/32
f 21/33/33 37/61/33 22/37/33
f 29/34/34 45/62/34 30/38/34
f 22/37/35 38/63/35 23/41/35
f 31/42/36 45/62/36 46/64/36
f 23/41/37 39/65/37 24/45/37
f 32/46/38 46/64/38 47/66/38
f 25/49/39 39/65/39 40/67/39
f 36/59/40 52/68/40 37/61/40
f 45/62/41 59/69/41 60/70/41
f 37/61/42 53/71/42 38/63/42
f 46/64/43 60/70/43 61/72/43
f 38/63/44 54/73/44 39/65/44
f 46/64/45 62/74/45 47/66/45
f 39/65/46 55/75/46 40/67/46
f 47/66/47 63/76/47 48/51/47
f 40/67/48 56/77/48 41/52/48
f 34/54/49 94/78/49 49/79/49
f 320/80/50 48/51/50 63/76/50
f 42/56/51 56/77/51 57/81/51
f 34/54/52 50/82/52 35/57/52
f 42/56/53 58/83/53 43/58/53
f 35/57/54 51/84/54 36/59/54
f 44/60/55 58/83/55 59/69/55
f 56/77/56 70/85/56 71/86/56
f 49/79/57 94/87/57 64/88/57
f 320/89/58 63/76/58 78/90/58
f 56/77/59 72/91/59 57/81/59
f 49/79/60 65/92/60 50/82/60
f 57/81/61 73/93/61 58/83/61
f 50/82/62 66/94/62 51/84/62
f 59/69/63 73/93/63 74/95/63
f 51/84/64 67/96/64 52/68/64
f 59/69/65 75/97/65 60/70/65
f 52/68/66 68/98/66 53/71/66
f 60/70/67 76/99/67 61/72/67
f 53/71/68 69/100/68 54/73/68
f 61/72/69 77/101/69 62/74/69
f 55/75/70 69/100/70 70/85/70
f 62/74/71 78/90/71 63/76/71
f 74/95/72 90/102/72 75/97/72
f 68/98/73 82/103/73 83/104/73
f 75/97/74 91/105/74 76/99/74
f 68/98/75 84/106/75 69/100/75
f 77/101/76 91/105/76 92/107/76
f 70/85/77 84/106/77 85/108/77
f 77/101/78 93/109/78 78/90/78
f 71/86/79 85/108/79 86/110/79
f 64/88/80 94/111/80 79/112/80
f 320/113/81 78/90/81 93/109/81
f 71/86/82 87/114/82 72/91/82
f 64/88/83 80/115/83 65/92/83
f 72/91/84 88/116/84 73/93/84
f 65/92/85 81/117/85 66/94/85
f 74/95/86 88/116/86 89/118/86
f 66/94/87 82/103/87 67/96/87
f 79/112/88 94/119/88 95/120/88
f 320/121/89 93/109/89 109/122/89
f 86/110/90 103/123/90 87/114/90
f 79/112/91 96/124/91 80/115/91
f 87/114/92 104/125/92 88/116/92
f 80/115/93 97/126/93 81/117/93
f 89/118/94 104/125/94 105/127/94
f 81/117/95 98/128/95 82/103/95
f 89/118/96 106/129/96 90/102/96
f 83/104/97 98/128/97 99/130/97
f 90/102/98 107/131/98 91/105/98
f 83/104/99 100/132/99 84/106/99
f 91/105/100 108/133/100 92/107/100
f 85/108/101 100/132/101 101/134/101
f 93/109/102 108/133/102 109/122/102
f 86/110/103 101/134/103 102/135/103
f 99/130/104 113/136/104 114/137/104
f 107/131/105 121/138/105 122/139/105
f 99/130/106 115/140/106 100/132/106
f 108/133/107 122/139/107 123/141/107
f 101/134/108 115/140/108 116/142/108
f 108/133/109 124/143/109 109/122/109
f 102/135/110 116/142/110 117/144/110
f 95/120/111 94/145/111 110/146/111
f 320/147/112 109/122/112 124/143/112
f 102/135/113 118/148/113 103/123/113
f 96/124/114 110/146/114 111/149/114
f 103/123/115 119/150/115 104/125/115
f 96/124/116 112/151/116 97/126/116
f 105/127/117 119/150/117 120/152/117
f 97/126/118 113/136/118 98/128/118
f 105/127/119 121/138/119 106/129/119
f 117/144/120 133/153/120 118/148/120
f 111/149/121 125/154/121 126/155/121
f 118/148/122 134/156/122 119/150/122
f 111/149/123 127/157/123 112/151/123
f 120/152/124 134/156/124 135/158/124
f 112/151/125 128/159/125 113/136/125
f 120/152/126 136/160/126 121/138/126
f 114/137/127 128/159/127 129/161/127
f 122/139/128 136/160/128 137/162/128
f 114/137/129 130/163/129 115/140/129
f 122/139/130 138/164/130 123/141/130
f 116/142/131 130/163/131 131/165/131
f 123/141/132 139/166/132 124/143/132
f 117/144/133 131/165/133 132/167/133
f 110/146/134 94/168/134 125/154/134
f 320/169/135 124/143/135 139/166/135
f 137/162/136 151/170/136 152/171/136
f 129/161/137 145/172/137 130/163/137
f 137/162/138 153/173/138 138/164/138
f 131/165/139 145/172/139 146/174/139
f 138/164/140 154/175/140 139/166/140
f 132/167/141 146/174/141 147/176/141
f 125/154/142 94/177/142 140/178/142
f 320/179/143 139/166/143 154/175/143
f 132/167/144 148/180/144 133/153/144
f 125/154/145 141/181/145 126/155/145
f 133/153/146 149/182/146 134/156/146
f 126/155/147 142/183/147 127/157/147
f 135/158/148 149/182/148 150/184/148
f 127/157/149 143/185/149 128/159/149
f 135/158/150 151/170/150 136/160/150
f 129/161/151 143/185/151 144/186/151
f 148/180/152 164/187/152 149/182/152
f 142/183/153 156/188/153 157/189/153
f 150/184/154 164/187/154 165/190/154
f 142/183/155 158/191/155 143/185/155
f 150/184/156 166/192/156 151/170/156
f 144/186/157 158/191/157 159/193/157
f 152/171/158 166/192/158 167/194/158
f 144/186/159 160/195/159 145/172/159
f 152/171/160 168/196/160 153/173/160
f 146/174/161 160/195/161 161/197/161
f 154/175/162 168/196/162 169/198/162
f 147/176/163 161/197/163 162/199/163
f 140/178/164 94/200/164 155/201/164
f 320/202/165 154/175/165 169/198/165
f 147/176/166 163/203/166 148/180/166
f 140/178/167 156/188/167 141/181/167
f 167/194/168 183/204/168 168/196/168
f 161/197/169 175/205/169 176/206/169
f 168/196/170 184/207/170 169/198/170
f 162/199/171 176/206/171 177/208/171
f 155/201/172 94/209/172 170/210/172
f 320/211/173 169/198/173 184/207/173
f 162/199/174 178/212/174 163/203/174
f 155/201/175 171/213/175 156/188/175
f 163/203/176 179/214/176 164/187/176
f 157/189/177 171/213/177 172/215/177
f 165/190/178 179/214/178 180/216/178
f 157/189/179 173/217/179 158/191/179
f 165/190/180 181/218/180 166/192/180
f 159/193/181 173/217/181 174/219/181
f 167/194/182 181/218/182 182/220/182
f 159/193/183 175/205/183 160/195/183
f 171/213/184 187/221/184 172/215/184
f 180/216/185 194/222/185 195/223/185
f 172/215/186 188/224/186 173/217/186
f 180/216/187 196/225/187 181/218/187
f 174/219/188 188/224/188 189/226/188
f 181/218/189 197/227/189 182/220/189
f 174/219/190 190/228/190 175/205/190
f 183/204/191 197/227/191 198/229/191
f 176/206/192 190/228/192 191/230/192
f 184/207/193 198/229/193 199/231/193
f 177/208/194 191/230/194 192/232/194
f 170/210/195 94/233/195 185/234/195
f 320/235/196 184/207/196 199/231/196
f 177/208/197 193/236/197 178/212/197
f 170/210/198 186/237/198 171/213/198
f 178/212/199 194/222/199 179/214/199
f 191/230/200 205/238/200 206/239/200
f 198/229/201 214/240/201 199/231/201
f 192/232/202 206/239/202 207/241/202
f 185/234/203 94/242/203 200/243/203
f 320/244/204 199/231/204 214/240/204
f 192/232/205 208/245/205 193/236/205
f 186/237/206 200/243/206 201/246/206
f 193/236/207 209/247/207 194/222/207
f 187/221/208 201/246/208 202/248/208
f 195/223/209 209/247/209 210/249/209
f 187/221/210 203/250/210 188/224/210
f 195/223/211 211/251/211 196/225/211
f 189/226/212 203/250/212 204/252/212
f 197/227/213 211/251/213 212/253/213
f 189/226/214 205/238/214 190/228/214
f 197/227/215 213/254/215 198/229/215
f 210/249/216 224/255/216 225/256/216
f 202/248/217 218/257/217 203/250/217
f 210/249/218 226/258/218 211/251/218
f 204/252/219 218/257/219 219/259/219
f 212/253/220 226/258/220 227/260/220
f 204/252/221 220/261/221 205/238/221
f 212/253/222 228/262/222 213/254/222
f 206/239/223 220/261/223 221/263/223
f 213/254/224 229/264/224 214/240/224
f 207/241/225 221/263/225 222/265/225
f 200/243/226 94/266/226 215/267/226
f 320/268/227 214/240/227 229/264/227
f 207/241/228 223/269/228 208/245/228
f 200/243/229 216/270/229 201/246/229
f 208/245/230 224/255/230 209/247/230
f 201/246/231 217/271/231 202/248/231
f 228/262/232 244/272/232 229/264/232
f 222/265/233 236/273/233 237/274/233
f 215/267/234 94/275/234 230/276/234
f 320/277/235 229/264/235 244/272/235
f 222/265/236 238/278/236 223/269/236
f 215/267/237 231/279/237 216/270/237
f 223/269/238 239/280/238 224/255/238
f 216/270/239 232/281/239 217/271/239
f 225/256/240 239/280/240 240/282/240
f 217/271/241 233/283/241 218/257/241
f 225/256/242 241/284/242 226/258/242
f 219/259/243 233/283/243 234/285/243
f 227/260/244 241/284/244 242/286/244
f 219/259/245 235/287/245 220/261/245
f 227/260/246 243/288/246 228/262/246
f 221/263/247 235/287/247 236/273/247
f 232/281/248 248/289/248 233/283/248
f 240/282/249 256/290/249 241/284/249
f 234/285/250 248/289/250 249/291/250
f 242/286/251 256/290/251 257/292/251
f 234/285/252 250/293/252 235/287/252
f 242/286/253 258/294/253 243/288/253
f 236/273/254 250/293/254 251/295/254
f 244/272/255 258/294/255 259/296/255
f 237/274/256 251/295/256 252/297/256
f 230/276/257 94/298/257 245/299/257
f 320/300/258 244/272/258 259/296/258
f 237/274/259 253/301/259 238/278/259
f 230/276/260 246/302/260 231/279/260
f 238/278/261 254/303/261 239/280/261
f 232/281/262 246/302/262 247/304/262
f 240/282/263 254/303/263 255/305/263
f 252/297/264 266/306/264 267/307/264
f 245/299/265 94/308/265 260/309/265
f 320/310/266 259/296/266 274/311/266
f 252/297/267 268/312/267 253/301/267
f 245/299/268 261/313/268 246/302/268
f 253/301/269 269/314/269 254/303/269
f 246/302/270 262/315/270 247/304/270
f 255/305/271 269/314/271 270/316/271
f 247/304/272 263/317/272 248/289/272
f 255/305/273 271/318/273 256/290/273
f 249/291/274 263/317/274 264/319/274
f 257/292/275 271/318/275 272/320/275
f 249/291/276 265/321/276 250/293/276
f 257/292/277 273/322/277 258/294/277
f 251/295/278 265/321/278 266/306/278
f 258/294/279 274/311/279 259/296/279
f 270/316/280 286/323/280 271/318/280
f 264/319/281 278/324/281 279/325/281
f 272/320/282 286/323/282 287/326/282
f 264/319/283 280/327/283 265/321/283
f 272/320/284 288/328/284 273/322/284
f 266/306/285 280/327/285 281/329/285
f 273/322/286 289/330/286 274/311/286
f 267/307/287 281/329/287 282/331/287
f 260/309/288 94/332/288 275/333/288
f 320/334/289 274/311/289 289/330/289
f 267/307/290 283/335/290 268/312/290
f 261/313/291 275/333/291 276/336/291
f 268/312/292 284/337/292 269/314/292
f 261/313/293 277/338/293 262/315/293
f 270/316/294 284/337/294 285/339/294
f 262/315/295 278/324/295 263/317/295
f 320/340/296 289/330/296 304/341/296
f 282/331/297 298/342/297 283/335/297
f 276/336/298 290/343/298 291/344/298
f 283/335/299 299/345/299 284/337/299
f 276/336/300 292/346/300 277/338/300
f 285/339/301 299/345/301 300/347/301
f 277/338/302 293/348/302 278/324/302
f 285/339/303 301/349/303 286/323/303
f 279/325/304 293/348/304 294/350/304
f 287/326/305 301/349/305 302/351/305
f 279/325/306 295/352/306 280/327/306
f 287/326/307 303/353/307 288/328/307
f 281/329/308 295/352/308 296/354/308
f 289/330/309 303/353/309 304/341/309
f 282/331/310 296/354/310 297/355/310
f 275/333/311 94/356/311 290/343/311
f 302/351/312 316/357/312 317/358/312
f 294/350/313 310/359/313 295/352/313
f 302/351/314 318/360/314 303/353/314
f 296/354/315 310/359/315 311/361/315
f 304/341/316 318/360/316 319/362/316
f 297/355/317 311/361/317 312/363/317
f 290/343/318 94/364/318 305/365/318
f 320/366/319 304/341/319 319/362/319
f 297/355/320 313/367/320 298/342/320
f 290/343/321 306/368/321 291/344/321
f 298/342/322 314/369/322 299/345/322
f 291/344/323 307/370/323 292/346/323
f 300/347/324 314/369/324 315/371/324
f 292/346/325 308/372/325 293/348/325
f 300/347/326 316/357/326 301/349/326
f 294/350/327 308/372/327 309/373/327
f 305/365/328 322/374/328 306/368/328
f 313/367/329 330/375/329 314/369/329
f 306/368/330 323/376/330 307/370/330
f 315/371/331 330/375/331 331/377/331
f 307/370/332 324/378/332 308/372/332
f 315/371/333 332/379/333 316/357/333
f 309/373/334 324/378/334 325/380/334
f 317/358/335 332/379/335 333/381/335
f 309/373/336 326/382/336 310/359/336
f 317/358/337 334/383/337 318/360/337
f 311/361/338 326/382/338 327/384/338
f 318/360/339 335/385/339 319/362/339
f 312/363/340 327/384/340 328/386/340
f 305/365/341 94/387/341 321/388/341
f 320/389/342 319/362/342 335/385/342
f 312/363/343 329/390/343 313/367/343
f 325/380/344 341/391/344 326/382/344
f 333/381/345 349/392/345 334/383/345
f 327/384/346 341/391/346 342/393/346
f 334/383/347 350/394/347 335/385/347
f 328/386/348 342/393/348 343/395/348
f 321/388/349 94/396/349 336/397/349
f 320/398/350 335/385/350 350/394/350
f 328/386/351 344/399/351 329/390/351
f 321/388/352 337/400/352 322/374/352
f 329/390/353 345/401/353 330/375/353
f 322/374/354 338/402/354 323/376/354
f 331/377/355 345/401/355 346/403/355
f 323/376/356 339/404/356 324/378/356
f 331/377/357 347/405/357 332/379/357
f 324/378/358 340/406/358 325/380/358
f 333/381/359 347/405/359 348/407/359
f 344/399/360 360/408/360 345/401/360
f 337/400/361 353/409/361 338/402/361
f 346/403/362 360/408/362 361/410/362
f 338/402/363 354/411/363 339/404/363
f 346/403/364 362/412/364 347/405/364
f 340/406/365 354/411/365 355/413/365
f 348/407/366 362/412/366 363/414/366
f 340/406/367 356/415/367 341/391/367
f 348/407/368 364/416/368 349/392/368
f 342/393/369 356/415/369 357/417/369
f 349/392/370 365/418/370 350/394/370
f 343/395/371 357/417/371 358/419/371
f 336/397/372 94/420/372 351/421/372
f 320/422/373 350/394/373 365/418/373
f 343/395/374 359/423/374 344/399/374
f 336/397/375 352/424/375 337/400/375
f 363/414/376 379/425/376 364/416/376
f 357/417/377 371/426/377 372/427/377
f 364/416/378 380/428/378 365/418/378
f 358/419/379 372/427/379 373/429/379
f 351/421/380 94/430/380 366/431/380
f 320/432/381 365/418/381 380/428/381
f 358/419/382 374/433/382 359/423/382
f 351/421/383 367/434/383 352/424/383
f 359/423/384 375/435/384 360/408/384
f 353/409/385 367/434/385 368/436/385
f 361/410/386 375/435/386 376/437/386
f 353/409/387 369/438/387 354/411/387
f 361/410/388 377/439/388 362/412/388
f 355/413/389 369/438/389 370/440/389
f 363/414/390 377/439/390 378/441/390
f 355/413/391 371/426/391 356/415/391
f 368/442/392 382/443/392 383/444/392
f 376/445/393 390/446/393 391/447/393
f 368/442/394 384/448/394 369/449/394
f 376/445/395 392/450/395 377/451/395
f 370/452/396 384/448/396 385/453/396
f 378/454/397 392/450/397 393/455/397
f 370/452/398 386/456/398 371/457/398
f 378/454/399 394/458/399 379/459/399
f 372/460/400 386/456/400 387/461/400
f 379/459/401 395/462/401 380/463/401
f 373/464/402 387/461/402 388/465/402
f 366/466/403 94/467/403 381/468/403
f 320/469/404 380/463/404 395/462/404
f 373/464/405 389/470/405 374/471/405
f 366/466/406 382/443/406 367/472/406
f 374/471/407 390/446/407 375/473/407
f 387/461/408 401/474/408 402/475/408
f 394/458/409 410/476/409 395/462/409
f 388/465/410 402/475/410 403/477/410
f 381/468/411 94/478/411 396/479/411
f 320/480/412 395/462/412 410/476/412
f 388/465/413 404/481/413 389/470/413
f 381/468/414 397/482/414 382/443/414
f 389/470/415 405/483/415 390/446/415
f 383/444/416 397/482/416 398/484/416
f 391/447/417 405/483/417 406/485/417
f 383/444/418 399/486/418 384/448/418
f 391/447/419 407/487/419 392/450/419
f 385/453/420 399/486/420 400/488/420
f 393/455/421 407/487/421 408/489/421
f 385/453/422 401/474/422 386/456/422
f 393/455/423 409/490/423 394/458/423
f 406/485/424 420/491/424 421/492/424
f 398/484/425 414/493/425 399/486/425
f 406/485/426 422/494/426 407/487/426
f 400/488/427 414/493/427 415/495/427
f 408/489/428 422/494/428 423/496/428
f 400/488/429 416/497/429 401/474/429
f 409/490/430 423/496/430 424/498/430
f 402/475/431 416/497/431 417/499/431
f 409/490/432 425/500/432 410/476/432
f 403/477/433 417/499/433 418/501/433
f 396/479/434 94/502/434 411/503/434
f 320/504/435 410/476/435 425/500/435
f 403/477/436 419/505/436 404/481/436
f 397/482/437 411/503/437 412/506/437
f 404/481/438 420/491/438 405/483/438
f 397/482/439 413/507/439 398/484/439
f 424/498/440 440/508/440 425/500/440
f 418/501/441 432/509/441 433/510/441
f 411/503/442 94/511/442 426/512/442
f 320/513/443 425/500/443 440/508/443
f 418/501/444 434/514/444 419/505/444
f 411/503/445 427/515/445 412/506/445
f 419/505/446 435/516/446 420/491/446
f 413/507/447 427/515/447 428/517/447
f 421/492/448 435/516/448 436/518/448
f 413/507/449 429/519/449 414/493/449
f 421/492/450 437/520/450 422/494/450
f 415/495/451 429/519/451 430/521/451
f 423/496/452 437/520/452 438/522/452
f 415/495/453 431/523/453 416/497/453
f 423/496/454 439/524/454 424/498/454
f 417/499/455 431/523/455 432/509/455
f 436/518/456 452/525/456 437/520/456
f 430/521/457 444/526/457 445/527/457
f 438/522/458 452/525/458 453/528/458
f 430/521/459 446/529/459 431/523/459
f 438/522/460 454/530/460 439/524/460
f 432/509/461 446/529/461 447/531/461
f 439/524/462 455/532/462 440/508/462
f 433/510/463 447/531/463 448/533/463
f 426/512/464 94/534/464 441/535/464
f 320/536/465 440/508/465 455/532/465
f 433/510/466 449/537/466 434/514/466
f 426/512/467 442/538/467 427/515/467
f 434/514/468 450/539/468 435/516/468
f 428/517/469 442/538/469 443/540/469
f 436/518/470 450/539/470 451/541/470
f 428/517/471 444/526/471 429/519/471
f 441/535/472 94/542/472 456/543/472
f 320/544/473 455/532/473 470/545/473
f 448/533/474 464/546/474 449/537/474
f 442/538/475 456/543/475 457/547/475
f 449/537/476 465/548/476 450/539/476
f 442/538/477 458/549/477 443/540/477
f 451/541/478 465/548/478 466/550/478
f 443/540/479 459/551/479 444/526/479
f 451/541/480 467/552/480 452/525/480
f 445/527/481 459/551/481 460/553/481
f 453/528/482 467/552/482 468/554/482
f 445/527/483 461/555/483 446/529/483
f 453/528/484 469/556/484 454/530/484
f 447/531/485 461/555/485 462/557/485
f 454/530/486 470/545/486 455/532/486
f 448/533/487 462/557/487 463/558/487
f 460/553/488 474/559/488 475/560/488
f 468/554/489 482/561/489 483/562/489
f 460/553/490 476/563/490 461/555/490
f 468/554/491 484/564/491 469/556/491
f 462/557/492 476/563/492 477/565/492
f 470/545/493 484/564/493 485/566/493
f 463/558/494 477/565/494 478/567/494
f 456/543/495 94/568/495 471/569/495
f 320/570/496 470/545/496 485/566/496
f 463/558/497 479/571/497 464/546/497
f 456/543/498 472/572/498 457/547/498
f 464/546/499 480/573/499 465/548/499
f 458/549/500 472/572/500 473/574/500
f 466/550/501 480/573/501 481/575/501
f 458/549/502 474/559/502 459/551/502
f 466/550/503 482/561/503 467/552/503
f 478/567/504 17/27/504 479/571/504
f 472/572/505 486/19/505 487/28/505
f 479/571/506 490/31/506 480/573/506
f 473/574/507 487/28/507 13/32/507
f 480/573/508 18/35/508 481/575/508
f 474/559/509 13/32/509 488/36/509
f 481/575/510 491/39/510 482/561/510
f 475/560/511 488/36/511 14/40/511
f 483/562/512 491/39/512 492/43/512
f 476/563/513 14/40/513 489/44/513
f 483/562/514 493/47/514 484/564/514
f 477/565/515 489/44/515 15/48/515
f 484/564/516 494/23/516 485/566/516
f 478/567/517 15/48/517 16/25/517
f 471/569/518 94/576/518 486/19/518
f 320/577/519 485/566/519 494/23/519
f 16/25/520 26/50/520 27/26/520
f 487/28/11 486/19/11 19/21/11
f 17/27/12 27/26/12 28/30/12
f 13/32/13 487/28/13 20/29/13
f 490/31/14 28/30/14 29/34/14
f 488/36/15 13/32/15 21/33/15
f 18/35/16 29/34/16 30/38/16
f 14/40/17 488/36/17 22/37/17
f 491/39/18 30/38/18 31/42/18
f 489/44/19 14/40/19 23/41/19
f 492/43/20 31/42/20 32/46/20
f 15/48/21 489/44/21 24/45/21
f 493/47/22 32/46/22 33/24/22
f 15/48/521 25/49/521 26/50/521
f 32/46/24 47/66/24 48/51/24
f 25/49/25 40/67/25 41/52/25
f 26/50/28 41/52/28 42/56/28
f 19/21/29 34/54/29 35/57/29
f 27/26/30 42/56/30 43/58/30
f 20/29/31 35/57/31 36/59/31
f 28/30/32 43/58/32 44/60/32
f 21/33/33 36/59/33 37/61/33
f 29/34/34 44/60/34 45/62/34
f 22/37/35 37/61/35 38/63/35
f 31/42/36 30/38/36 45/62/36
f 23/41/37 38/63/37 39/65/37
f 32/46/38 31/42/38 46/64/38
f 25/49/39 24/45/39 39/65/39
f 36/59/40 51/84/40 52/68/40
f 45/62/41 44/60/41 59/69/41
f 37/61/42 52/68/42 53/71/42
f 46/64/43 45/62/43 60/70/43
f 38/63/44 53/71/44 54/73/44
f 46/64/522 61/72/522 62/74/522
f 39/65/46 54/73/46 55/75/46
f 47/66/47 62/74/47 63/76/47
f 40/67/48 55/75/48 56/77/48
f 42/56/51 41/52/51 56/77/51
f 34/54/52 49/79/52 50/82/52
f 42/56/53 57/81/53 58/83/53
f 35/57/523 50/82/523 51/84/523
f 44/60/55 43/58/55 58/83/55
f 56/77/56 55/75/56 70/85/56
f 56/77/59 71/86/59 72/91/59
f 49/79/60 64/88/60 65/92/60
f 57/81/61 72/91/61 73/93/61
f 50/82/62 65/92/62 66/94/62
f 59/69/63 58/83/63 73/93/63
f 51/84/64 66/94/64 67/96/64
f 59/69/65 74/95/65 75/97/65
f 52/68/66 67/96/66 68/98/66
f 60/70/67 75/97/67 76/99/67
f 53/71/68 68/98/68 69/100/68
f 61/72/69 76/99/69 77/101/69
f 55/75/70 54/73/70 69/100/70
f 62/74/71 77/101/71 78/90/71
f 74/95/72 89/118/72 90/102/72
f 68/98/73 67/96/73 82/103/73
f 75/97/74 90/102/74 91/105/74
f 68/98/75 83/104/75 84/106/75
f 77/101/76 76/99/76 91/105/76
f 70/85/77 69/100/77 84/106/77
f 77/101/524 92/107/524 93/109/524
f 71/86/79 70/85/79 85/108/79
f 71/86/82 86/110/82 87/114/82
f 64/88/83 79/112/83 80/115/83
f 72/91/84 87/114/84 88/116/84
f 65/92/85 80/115/85 81/117/85
f 74/95/86 73/93/86 88/116/86
f 66/94/87 81/117/87 82/103/87
f 86/110/90 102/135/90 103/123/90
f 79/112/91 95/120/91 96/124/91
f 87/114/92 103/123/92 104/125/92
f 80/115/93 96/124/93 97/126/93
f 89/118/94 88/116/94 104/125/94
f 81/117/95 97/126/95 98/128/95
f 89/118/96 105/127/96 106/129/96
f 83/104/97 82/103/97 98/128/97
f 90/102/98 106/129/98 107/131/98
f 83/104/99 99/130/99 100/132/99
f 91/105/100 107/131/100 108/133/100
f 85/108/101 84/106/101 100/132/101
f 93/109/102 92/107/102 108/133/102
f 86/110/103 85/108/103 101/134/103
f 99/130/104 98/128/104 113/136/104
f 107/131/105 106/129/105 121/138/105
f 99/130/106 114/137/106 115/140/106
f 108/133/107 107/131/107 122/139/107
f 101/134/108 100/132/108 115/140/108
f 108/133/109 123/141/109 124/143/109
f 102/135/110 101/134/110 116/142/110
f 102/135/113 117/144/113 118/148/113
f 96/124/114 95/120/114 110/146/114
f 103/123/115 118/148/115 119/150/115
f 96/124/116 111/149/116 112/151/116
f 105/127/117 104/125/117 119/150/117
f 97/126/118 112/151/118 113/136/118
f 105/127/119 120/152/119 121/138/119
f 117/144/120 132/167/120 133/153/120
f 111/149/121 110/146/121 125/154/121
f 118/148/122 133/153/122 134/156/122
f 111/149/123 126/155/123 127/157/123
f 120/152/124 119/150/124 134/156/124
f 112/151/125 127/157/125 128/159/125
f 120/152/126 135/158/126 136/160/126
f 114/137/127 113/136/127 128/159/127
f 122/139/128 121/138/128 136/160/128
f 114/137/129 129/161/129 130/163/129
f 122/139/130 137/162/130 138/164/130
f 116/142/131 115/140/131 130/163/131
f 123/141/132 138/164/132 139/166/132
f 117/144/133 116/142/133 131/165/133
f 137/162/136 136/160/136 151/170/136
f 129/161/137 144/186/137 145/172/137
f 137/162/138 152/171/138 153/173/138
f 131/165/139 130/163/139 145/172/139
f 138/164/140 153/173/140 154/175/140
f 132/167/141 131/165/141 146/174/141
f 132/167/144 147/176/144 148/180/144
f 125/154/145 140/178/145 141/181/145
f 133/153/146 148/180/146 149/182/146
f 126/155/147 141/181/147 142/183/147
f 135/158/148 134/156/148 149/182/148
f 127/157/149 142/183/149 143/185/149
f 135/158/150 150/184/150 151/170/150
f 129/161/151 128/159/151 143/185/151
f 148/180/152 163/203/152 164/187/152
f 142/183/153 141/181/153 156/188/153
f 150/184/154 149/182/154 164/187/154
f 142/183/155 157/189/155 158/191/155
f 150/184/156 165/190/156 166/192/156
f 144/186/157 143/185/157 158/191/157
f 152/171/158 151/170/158 166/192/158
f 144/186/159 159/193/159 160/195/159
f 152/171/160 167/194/160 168/196/160
f 146/174/161 145/172/161 160/195/161
f 154/175/162 153/173/162 168/196/162
f 147/176/163 146/174/163 161/197/163
f 147/176/166 162/199/166 163/203/166
f 140/178/167 155/201/167 156/188/167
f 167/194/525 182/220/525 183/204/525
f 161/197/169 160/195/169 175/205/169
f 168/196/170 183/204/170 184/207/170
f 162/199/171 161/197/171 176/206/171
f 162/199/174 177/208/174 178/212/174
f 155/201/175 170/210/175 171/213/175
f 163/203/176 178/212/176 179/214/176
f 157/189/526 156/188/526 171/213/526
f 165/190/178 164/187/178 179/214/178
f 157/189/179 172/215/179 173/217/179
f 165/190/180 180/216/180 181/218/180
f 159/193/181 158/191/181 173/217/181
f 167/194/182 166/192/182 181/218/182
f 159/193/183 174/219/183 175/205/183
f 171/213/184 186/237/184 187/221/184
f 180/216/185 179/214/185 194/222/185
f 172/215/186 187/221/186 188/224/186
f 180/216/187 195/223/187 196/225/187
f 174/219/188 173/217/188 188/224/188
f 181/218/189 196/225/189 197/227/189
f 174/219/190 189/226/190 190/228/190
f 183/204/191 182/220/191 197/227/191
f 176/206/192 175/205/192 190/228/192
f 184/207/193 183/204/193 198/229/193
f 177/208/194 176/206/194 191/230/194
f 177/208/197 192/232/197 193/236/197
f 170/210/198 185/234/198 186/237/198
f 178/212/199 193/236/199 194/222/199
f 191/230/200 190/228/200 205/238/200
f 198/229/201 213/254/201 214/240/201
f 192/232/202 191/230/202 206/239/202
f 192/232/205 207/241/205 208/245/205
f 186/237/206 185/234/206 200/243/206
f 193/236/207 208/245/207 209/247/207
f 187/221/208 186/237/208 201/246/208
f 195/223/209 194/222/209 209/247/209
f 187/221/210 202/248/210 203/250/210
f 195/223/211 210/249/211 211/251/211
f 189/226/212 188/224/212 203/250/212
f 197/227/213 196/225/213 211/251/213
f 189/226/214 204/252/214 205/238/214
f 197/227/215 212/253/215 213/254/215
f 210/249/216 209/247/216 224/255/216
f 202/248/217 217/271/217 218/257/217
f 210/249/218 225/256/218 226/258/218
f 204/252/219 203/250/219 218/257/219
f 212/253/220 211/251/220 226/258/220
f 204/252/221 219/259/221 220/261/221
f 212/253/527 227/260/527 228/262/527
f 206/239/223 205/238/223 220/261/223
f 213/254/224 228/262/224 229/264/224
f 207/241/225 206/239/225 221/263/225
f 207/241/228 222/265/228 223/269/228
f 200/243/229 215/267/229 216/270/229
f 208/245/230 223/269/230 224/255/230
f 201/246/231 216/270/231 217/271/231
f 228/262/232 243/288/232 244/272/232
f 222/265/233 221/263/233 236/273/233
f 222/265/236 237/274/236 238/278/236
f 215/267/237 230/276/237 231/279/237
f 223/269/238 238/278/238 239/280/238
f 216/270/239 231/279/239 232/281/239
f 225/256/240 224/255/240 239/280/240
f 217/271/241 232/281/241 233/283/241
f 225/256/242 240/282/242 241/284/242
f 219/259/243 218/257/243 233/283/243
f 227/260/244 226/258/244 241/284/244
f 219/259/245 234/285/245 235/287/245
f 227/260/246 242/286/246 243/288/246
f 221/263/247 220/261/247 235/287/247
f 232/281/248 247/304/248 248/289/248
f 240/282/249 255/305/249 256/290/249
f 234/285/250 233/283/250 248/289/250
f 242/286/251 241/284/251 256/290/251
f 234/285/252 249/291/252 250/293/252
f 242/286/253 257/292/253 258/294/253
f 236/273/254 235/287/254 250/293/254
f 244/272/255 243/288/255 258/294/255
f 237/274/256 236/273/256 251/295/256
f 237/274/259 252/297/259 253/301/259
f 230/276/260 245/299/260 246/302/260
f 238/278/261 253/301/261 254/303/261
f 232/281/262 231/279/262 246/302/262
f 240/282/263 239/280/263 254/303/263
f 252/297/528 251/295/528 266/306/528
f 252/297/529 267/307/529 268/312/529
f 245/299/268 260/309/268 261/313/268
f 253/301/269 268/312/269 269/314/269
f 246/302/270 261/313/270 262/315/270
f 255/305/271 254/303/271 269/314/271
f 247/304/272 262/315/272 263/317/272
f 255/305/273 270/316/273 271/318/273
f 249/291/274 248/289/274 263/317/274
f 257/292/275 256/290/275 271/318/275
f 249/291/276 264/319/276 265/321/276
f 257/292/277 272/320/277 273/322/277
f 251/295/278 250/293/278 265/321/278
f 258/294/279 273/322/279 274/311/279
f 270/316/280 285/339/280 286/323/280
f 264/319/281 263/317/281 278/324/281
f 272/320/282 271/318/282 286/323/282
f 264/319/283 279/325/283 280/327/283
f 272/320/284 287/326/284 288/328/284
f 266/306/285 265/321/285 280/327/285
f 273/322/286 288/328/286 289/330/286
f 267/307/287 266/306/287 281/329/287
f 267/307/290 282/331/290 283/335/290
f 261/313/291 260/309/291 275/333/291
f 268/312/292 283/335/292 284/337/292
f 261/313/293 276/336/293 277/338/293
f 270/316/294 269/314/294 284/337/294
f 262/315/295 277/338/295 278/324/295
f 282/331/297 297/355/297 298/342/297
f 276/336/298 275/333/298 290/343/298
f 283/335/299 298/342/299 299/345/299
f 276/336/530 291/344/530 292/346/530
f 285/339/301 284/337/301 299/345/301
f 277/338/302 292/346/302 293/348/302
f 285/339/303 300/347/303 301/349/303
f 279/325/304 278/324/304 293/348/304
f 287/326/305 286/323/305 301/349/305
f 279/325/306 294/350/306 295/352/306
f 287/326/531 302/351/531 303/353/531
f 281/329/308 280/327/308 295/352/308
f 289/330/309 288/328/309 303/353/309
f 282/331/310 281/329/310 296/354/310
f 302/351/312 301/349/312 316/357/312
f 294/350/313 309/373/313 310/359/313
f 302/351/314 317/358/314 318/360/314
f 296/354/315 295/352/315 310/359/315
f 304/341/316 303/353/316 318/360/316
f 297/355/317 296/354/317 311/361/317
f 297/355/320 312/363/320 313/367/320
f 290/343/321 305/365/321 306/368/321
f 298/342/322 313/367/322 314/369/322
f 291/344/323 306/368/323 307/370/323
f 300/347/324 299/345/324 314/369/324
f 292/346/325 307/370/325 308/372/325
f 300/347/326 315/371/326 316/357/326
f 294/350/327 293/348/327 308/372/327
f 305/365/328 321/388/328 322/374/328
f 313/367/329 329/390/329 330/375/329
f 306/368/330 322/374/330 323/376/330
f 315/371/331 314/369/331 330/375/331
f 307/370/332 323/376/332 324/378/332
f 315/371/333 331/377/333 332/379/333
f 309/373/334 308/372/334 324/378/334
f 317/358/335 316/357/335 332/379/335
f 309/373/336 325/380/336 326/382/336
f 317/358/337 333/381/337 334/383/337
f 311/361/338 310/359/338 326/382/338
f 318/360/532 334/383/532 335/385/532
f 312/363/340 311/361/340 327/384/340
f 312/363/343 328/386/343 329/390/343
f 325/380/344 340/406/344 341/391/344
f 333/381/533 348/407/533 349/392/533
f 327/384/346 326/382/346 341/391/346
f 334/383/347 349/392/347 350/394/347
f 328/386/348 327/384/348 342/393/348
f 328/386/351 343/395/351 344/399/351
f 321/388/352 336/397/352 337/400/352
f 329/390/353 344/399/353 345/401/353
f 322/374/354 337/400/354 338/402/354
f 331/377/355 330/375/355 345/401/355
f 323/376/356 338/402/356 339/404/356
f 331/377/357 346/403/357 347/405/357
f 324/378/358 339/404/358 340/406/358
f 333/381/359 332/379/359 347/405/359
f 344/399/360 359/423/360 360/408/360
f 337/400/361 352/424/361 353/409/361
f 346/403/362 345/401/362 360/408/362
f 338/402/363 353/409/363 354/411/363
f 346/403/364 361/410/364 362/412/364
f 340/406/365 339/404/365 354/411/365
f 348/407/366 347/405/366 362/412/366
f 340/406/367 355/413/367 356/415/367
f 348/407/368 363/414/368 364/416/368
f 342/393/369 341/391/369 356/415/369
f 349/392/370 364/416/370 365/418/370
f 343/395/371 342/393/371 357/417/371
f 343/395/374 358/419/374 359/423/374
f 336/397/375 351/421/375 352/424/375
f 363/414/376 378/441/376 379/425/376
f 357/417/377 356/415/377 371/426/377
f 364/416/378 379/425/378 380/428/378
f 358/419/534 357/417/534 372/427/534
f 358/419/535 373/429/535 374/433/535
f 351/421/383 366/431/383 367/434/383
f 359/423/384 374/433/384 375/435/384
f 353/409/385 352/424/385 367/434/385
f 361/410/386 360/408/386 375/435/386
f 353/409/387 368/436/387 369/438/387
f 361/410/388 376/437/388 377/439/388
f 355/413/389 354/411/389 369/438/389
f 363/414/390 362/412/390 377/439/390
f 355/413/391 370/440/391 371/426/391
f 368/442/392 367/472/392 382/443/392
f 376/445/393 375/473/393 390/446/393
f 368/442/394 383/444/394 384/448/394
f 376/445/395 391/447/395 392/450/395
f 370/452/396 369/449/396 384/448/396
f 378/454/397 377/451/397 392/450/397
f 370/452/398 385/453/398 386/456/398
f 378/454/399 393/455/399 394/458/399
f 372/460/400 371/457/400 386/456/400
f 379/459/401 394/458/401 395/462/401
f 373/464/536 372/460/536 387/461/536
f 373/464/537 388/465/537 389/470/537
f 366/466/406 381/468/406 382/443/406
f 374/471/407 389/470/407 390/446/407
f 387/461/408 386/456/408 401/474/408
f 394/458/409 409/490/409 410/476/409
f 388/465/410 387/461/410 402/475/410
f 388/465/413 403/477/413 404/481/413
f 381/468/414 396/479/414 397/482/414
f 389/470/415 404/481/415 405/483/415
f 383/444/416 382/443/416 397/482/416
f 391/447/417 390/446/417 405/483/417
f 383/444/418 398/484/418 399/486/418
f 391/447/419 406/485/419 407/487/419
f 385/453/420 384/448/420 399/486/420
f 393/455/421 392/450/421 407/487/421
f 385/453/422 400/488/422 401/474/422
f 393/455/423 408/489/423 409/490/423
f 406/485/424 405/483/424 420/491/424
f 398/484/425 413/507/425 414/493/425
f 406/485/426 421/492/426 422/494/426
f 400/488/427 399/486/427 414/493/427
f 408/489/428 407/487/428 422/494/428
f 400/488/429 415/495/429 416/497/429
f 409/490/430 408/489/430 423/496/430
f 402/475/431 401/474/431 416/497/431
f 409/490/432 424/498/432 425/500/432
f 403/477/433 402/475/433 417/499/433
f 403/477/436 418/501/436 419/505/436
f 397/482/437 396/479/437 411/503/437
f 404/481/438 419/505/438 420/491/438
f 397/482/439 412/506/439 413/507/439
f 424/498/440 439/524/440 440/508/440
f 418/501/441 417/499/441 432/509/441
f 418/501/444 433/510/444 434/514/444
f 411/503/445 426/512/445 427/515/445
f 419/505/446 434/514/446 435/516/446
f 413/507/447 412/506/447 427/515/447
f 421/492/448 420/491/448 435/516/448
f 413/507/449 428/517/449 429/519/449
f 421/492/450 436/518/450 437/520/450
f 415/495/451 414/493/451 429/519/451
f 423/496/452 422/494/452 437/520/452
f 415/495/453 430/521/453 431/523/453
f 423/496/454 438/522/454 439/524/454
f 417/499/455 416/497/455 431/523/455
f 436/518/456 451/541/456 452/525/456
f 430/521/457 429/519/457 444/526/457
f 438/522/458 437/520/458 452/525/458
f 430/521/459 445/527/459 446/529/459
f 438/522/460 453/528/460 454/530/460
f 432/509/461 431/523/461 446/529/461
f 439/524/462 454/530/462 455/532/462
f 433/510/463 432/509/463 447/531/463
f 433/510/466 448/533/466 449/537/466
f 426/512/467 441/535/467 442/538/467
f 434/514/468 449/537/468 450/539/468
f 428/517/469 427/515/469 442/538/469
f 436/518/470 435/516/470 450/539/470
f 428/517/471 443/540/471 444/526/471
f 448/533/474 463/558/474 464/546/474
f 442/538/475 441/535/475 456/543/475
f 449/537/476 464/546/476 465/548/476
f 442/538/477 457/547/477 458/549/477
f 451/541/478 450/539/478 465/548/478
f 443/540/479 458/549/479 459/551/479
f 451/541/480 466/550/480 467/552/480
f 445/527/481 444/526/481 459/551/481
f 453/528/482 452/525/482 467/552/482
f 445/527/483 460/553/483 461/555/483
f 453/528/484 468/554/484 469/556/484
f 447/531/485 446/529/485 461/555/485
f 454/530/486 469/556/486 470/545/486
f 448/533/487 447/531/487 462/557/487
f 460/553/488 459/551/488 474/559/488
f 468/554/489 467/552/489 482/561/489
f 460/553/490 475/560/490 476/563/490
f 468/554/491 483/562/491 484/564/491
f 462/557/492 461/555/492 476/563/492
f 470/545/493 469/556/493 484/564/493
f 463/558/494 462/557/494 477/565/494
f 463/558/497 478/567/497 479/571/497
f 456/543/498 471/569/498 472/572/498
f 464/546/499 479/571/499 480/573/499
f 458/549/500 457/547/500 472/572/500
f 466/550/501 465/548/501 480/573/501
f 458/549/502 473/574/502 474/559/502
f 466/550/503 481/575/503 482/561/503
f 478/567/504 16/25/504 17/27/504
f 472/572/505 471/569/505 486/19/505
f 479/571/506 17/27/506 490/31/506
f 473/574/507 472/572/507 487/28/507
f 480/573/508 490/31/508 18/35/508
f 474/559/509 473/574/509 13/32/509
f 481/575/510 18/35/510 491/39/510
f 475/560/511 474/559/511 488/36/511
f 483/562/512 482/561/512 491/39/512
f 476/563/513 475/560/513 14/40/513
f 483/562/514 492/43/514 493/47/514
f 477/565/515 476/563/515 489/44/515
f 484/564/516 493/47/516 494/23/516
f 478/567/517 477/565/517 15/48/517
o Icosphere
v 0.000000 -1.000000 0.000000
v 0.723607 -0.447220 0.525725
v -0.276388 -0.447220 0.850649
v -0.894426 -0.447216 0.000000
v -0.276388 -0.447220 -0.850649
v 0.723607 -0.447220 -0.525725
v 0.276388 0.447220 0.850649
v -0.723607 0.447220 0.525725
v -0.723607 0.447220 -0.525725
v 0.276388 0.447220 -0.850649
v 0.894426 0.447216 0.000000
v 0.000000 1.000000 0.000000
v -0.162456 -0.850654 0.499995
v 0.425323 -0.850654 0.309011
v 0.262869 -0.525738 0.809012
v 0.850648 -0.525736 0.000000
v 0.425323 -0.850654 -0.309011
v -0.525730 -0.850652 0.000000
v -0.688189 -0.525736 0.499997
v -0.162456 -0.850654 -0.499995
v -0.688189 -0.525736 -0.499997
v 0.262869 -0.525738 -0.809012
v 0.951058 0.000000 0.309013
v 0.951058 0.000000 -0.309013
v 0.000000 0.000000 1.000000
v 0.587786 0.000000 0.809017
v -0.951058 0.000000 0.309013
v -0.587786 0.000000 0.809017
v -0.587786 0.000000 -0.809017
v -0.951058 0.000000 -0.309013
v 0.587786 0.000000 -0.809017
v 0.000000 0.000000 -1.000000
v 0.688189 0.525736 0.499997
v -0.262869 0.525738 0.809012
v -0.850648 0.525736 0.000000
v -0.262869 0.525738 -0.809012
v 0.688189 0.525736 -0.499997
v 0.162456 0.850654 0.499995
v 0.525730 0.850652 0.000000
v -0.425323 0.850654 0.309011
v -0.425323 0.850654 -0.309011
v 0.162456 0.850654 -0.499995
vn 0.1024 -0.9435 0.3151
vn 0.7002 -0.6617 0.2680
vn -0.2680 -0.9435 0.1947
vn -0.2680 -0.9435 -0.1947
vn 0.1024 -0.9435 -0.3151
vn 0.9050 -0.3304 0.2680
vn 0.0247 -0.3304 0.9435
vn -0.8897 -0.3304 0.3151
vn -0.5746 -0.3304 -0.7488
vn 0.5346 -0.3304 -0.7779
vn 0.8026 -0.1256 0.5831
vn -0.3066 -0.1256 0.9435
vn -0.9921 -0.1256 -0.0000
vn -0.3066 -0.1256 -0.9435
vn 0.8026 -0.1256 -0.5831
vn 0.4089 0.6617 0.6284
vn -0.4713 0.6617 0.5831
vn -0.7002 0.6617 -0.2680
vn 0.0385 0.6617 -0.7488
vn 0.7240 0.6617 -0.1947
vn 0.2680 0.9435 -0.1947
vn 0.4911 0.7947 -0.3568
vn 0.4089 0.6617 -0.6284
vn -0.1024 0.9435 -0.3151
vn -0.1876 0.7947 -0.5773
vn -0.4713 0.6617 -0.5831
vn -0.3313 0.9435 -0.0000
vn -0.6071 0.7947 -0.0000
vn -0.7002 0.6617 0.2680
vn -0.1024 0.9435 0.3151
vn -0.1876 0.7947 0.5773
vn 0.0385 0.6617 0.7488
vn 0.2680 0.9435 0.1947
vn 0.4911 0.7947 0.3568
vn 0.7240 0.6617 0.1947
vn 0.8897 0.3304 -0.3151
vn 0.7947 0.1876 -0.5773
vn 0.5746 0.3304 -0.7488
vn -0.0247 0.3304 -0.9435
vn -0.3035 0.1876 -0.9342
vn -0.5346 0.3304 -0.7779
vn -0.9050 0.3304 -0.2680
vn -0.9822 0.1876 -0.0000
vn -0.9050 0.3304 0.2680
vn -0.5346 0.3304 0.7779
vn -0.3035 0.1876 0.9342
vn -0.0247 0.3304 0.9435
vn 0.5746 0.3304 0.7488
vn 0.7947 0.1876 0.5773
vn 0.8897 0.3304 0.3151
vn 0.3066 0.1256 -0.9435
vn 0.3035 -0.1876 -0.9342
vn 0.0247 -0.3304 -0.9435
vn -0.8026 0.1256 -0.5831
vn -0.7947 -0.1876 -0.5773
vn -0.8897 -0.3304 -0.3151
vn -0.8026 0.1256 0.5831
vn -0.7947 -0.1876 0.5773
vn -0.5746 -0.3304 0.7488
vn 0.3066 0.1256 0.9435
vn 0.3035 -0.1876 0.9342
vn 0.5346 -0.3304 0.7779
vn 0.9921 0.1256 -0.0000
vn 0.9822 -0.1876 -0.0000
vn 0.9050 -0.3304 -0.2680
vn 0.4713 -0.6617 -0.5831
vn 0.1876 -0.7947 -0.5773
vn -0.0385 -0.6617 -0.7488
vn -0.4089 -0.6617 -0.6284
vn -0.4911 -0.7947 -0.3568
vn -0.7240 -0.6617 -0.1947
vn -0.7240 -0.6617 0.1947
vn -0.4911 -0.7947 0.3568
vn -0.4089 -0.6617 0.6284
vn 0.7002 -0.6617 -0.2680
vn 0.6071 -0.7947 -0.0000
vn 0.3313 -0.9435 -0.0000
vn -0.0385 -0.6617 0.7488
vn 0.1876 -0.7947 0.5773
vn 0.4713 -0.6617 0.5831
vt 0.181819 0.000000
vt 0.227273 0.078731
vt 0.136365 0.078731
vt 0.272728 0.157461
vt 0.318182 0.078731
vt 0.363637 0.157461
vt 0.909091 0.000000
vt 0.954545 0.078731
vt 0.863636 0.078731
vt 0.727273 0.000000
vt 0.772727 0.078731
vt 0.681818 0.078731
vt 0.545455 0.000000
vt 0.590909 0.078731
vt 0.500000 0.078731
vt 0.318182 0.236191
vt 0.090910 0.157461
vt 0.181819 0.157461
vt 0.136365 0.236191
vt 0.818182 0.157461
vt 0.909091 0.157461
vt 0.863636 0.236191
vt 0.636364 0.157461
vt 0.727273 0.157461
vt 0.681818 0.236191
vt 0.454546 0.157461
vt 0.545455 0.157461
vt 0.500000 0.236191
vt 0.227273 0.236191
vt 0.045455 0.236191
vt 0.772727 0.236191
vt 0.590909 0.236191
vt 0.409092 0.236191
vt 0.181819 0.314921
vt 0.272728 0.314921
vt 0.227273 0.393651
vt 0.000000 0.314921
vt 0.090910 0.314921
vt 0.045455 0.393651
vt 0.727273 0.314921
vt 0.818182 0.314921
vt 0.772727 0.393651
vt 0.545455 0.314921
vt 0.636364 0.314921
vt 0.590909 0.393651
vt 0.363637 0.314921
vt 0.454546 0.314921
vt 0.409092 0.393651
vt 0.500000 0.393651
vt 0.454546 0.472382
vt 0.681818 0.393651
vt 0.636364 0.472382
vt 0.863636 0.393651
vt 0.818182 0.472382
vt 0.909091 0.314921
vt 0.136365 0.393651
vt 0.090910 0.472382
vt 0.318182 0.393651
vt 0.272728 0.472382
vt 0.954545 0.236191
vt 1.000000 0.157461
vt 0.409092 0.078731
vt 0.363637 0.000000
s 0
f 495/578/538 508/579/538 507/580/538
f 496/581/539 508/582/539 510/583/539
f 495/584/540 507/585/540 512/586/540
f 495/587/541 512/588/541 514/589/541
f 495/590/542 514/591/542 511/592/542
f 496/581/543 510/583/543 517/593/543
f 497/594/544 509/595/544 519/596/544
f 498/597/545 513/598/545 521/599/545
f 499/600/546 515/601/546 523/602/546
f 500/603/547 516/604/547 525/605/547
f 496/581/548 517/593/548 520/606/548
f 497/594/549 519/596/549 522/607/549
f 498/597/550 521/599/550 524/608/550
f 499/600/551 523/602/551 526/609/551
f 500/603/552 525/605/552 518/610/552
f 501/611/553 527/612/553 532/613/553
f 502/614/554 528/615/554 534/616/554
f 503/617/555 529/618/555 535/619/555
f 504/620/556 530/621/556 536/622/556
f 505/623/557 531/624/557 533/625/557
f 533/625/558 536/626/558 506/627/558
f 533/625/559 531/624/559 536/626/559
f 531/624/560 504/620/560 536/626/560
f 536/622/561 535/628/561 506/629/561
f 536/622/562 530/621/562 535/628/562
f 530/621/563 503/617/563 535/628/563
f 535/619/564 534/630/564 506/631/564
f 535/619/565 529/618/565 534/630/565
f 529/618/566 502/632/566 534/630/566
f 534/616/567 532/633/567 506/634/567
f 534/616/568 528/615/568 532/633/568
f 528/615/569 501/611/569 532/633/569
f 532/613/570 533/635/570 506/636/570
f 532/613/571 527/612/571 533/635/571
f 527/612/572 505/623/572 533/635/572
f 518/610/573 531/624/573 505/623/573
f 518/610/574 525/605/574 531/624/574
f 525/605/575 504/620/575 531/624/575
f 526/609/576 530/621/576 504/620/576
f 526/609/577 523/602/577 530/621/577
f 523/602/578 503/617/578 530/621/578
f 524/608/579 529/618/579 503/617/579
f 524/608/580 521/599/580 529/618/580
f 521/599/581 502/632/581 529/618/581
f 522/607/582 528/615/582 502/614/582
f 522/607/583 519/596/583 528/615/583
f 519/596/584 501/611/584 528/615/584
f 520/606/585 527/612/585 501/611/585
f 520/606/586 517/593/586 527/612/586
f 517/593/587 505/623/587 527/612/587
f 525/605/588 526/609/588 504/620/588
f 525/605/589 516/604/589 526/609/589
f 516/604/590 499/600/590 526/609/590
f 523/602/591 524/608/591 503/617/591
f 523/602/592 515/601/592 524/608/592
f 515/601/593 498/597/593 524/608/593
f 521/599/594 522/637/594 502/632/594
f 521/599/595 513/598/595 522/637/595
f 513/598/596 497/638/596 522/637/596
f 519/596/597 520/606/597 501/611/597
f 519/596/598 509/595/598 520/606/598
f 509/595/599 496/581/599 520/606/599
f 517/593/600 518/610/600 505/623/600
f 517/593/601 510/583/601 518/610/601
f 510/583/602 500/603/602 518/610/602
f 511/592/603 516/604/603 500/603/603
f 511/592/604 514/591/604 516/604/604
f 514/591/605 499/600/605 516/604/605
f 514/589/606 515/601/606 499/600/606
f 514/589/607 512/588/607 515/601/607
f 512/588/608 498/597/608 515/601/608
f 512/586/609 513/598/609 498/597/609
f 512/586/610 507/585/610 513/598/610
f 507/585/611 497/638/611 513/598/611
f 510/583/612 511/639/612 500/603/612
f 510/583/613 508/582/613 511/639/613
f 508/582/614 495/640/614 511/639/614
f 507/580/615 509/595/615 497/594/615
f 507/580/616 508/579/616 509/595/616
f 508/579/617 496/581/617 509/595/617
o Cylinder
v 0.000000 -1.000000 -1.000000
v 0.000000 1.000000 -1.000000
v 0.195090 -1.000000 -0.980785
v 0.195090 1.000000 -0.980785
v 0.382683 -1.000000 -0.923880
v 0.382683 1.000000 -0.923880
v 0.555570 -1.000000 -0.831470
v 0.555570 1.000000 -0.831470
v 0.707107 -1.000000 -0.707107
v 0.707107 1.000000 -0.707107
v 0.831470 -1.000000 -0.555570
v 0.831470 1.000000 -0.555570
v 0.923880 -1.000000 -0.382683
v 0.923880 1.000000 -0.382683
v 0.980785 -1.000000 -0.195090
v 0.980785 1.000000 -0.195090
v 1.000000 -1.000000 0.000000
v 1.000000 1.000000 0.000000
v 0.980785 -1.000000 0.195090
v 0.980785 1.000000 0.195090
v 0.923880 -1.000000 0.382683
v 0.923880 1.000000 0.382683
v 0.831470 -1.000000 0.555570
v 0.831470 1.000000 0.555570
v 0.707107 -1.000000 0.707107
v 0.707107 1.000000 0.707107
v 0.555570 -1.000000 0.831470
v 0.555570 1.000000 0.831470
v 0.382683 -1.000000 0.923880
v 0.382683 1.000000 0.923880
v 0.195090 -1.000000 0.980785
v 0.195090 1.000000 0.980785
v 0.000000 -1.000000 1.000000
v 0.000000 1.000000 1.000000
v -0.195090 -1.000000 0.980785
v -0.195090 1.000000 0.980785
v -0.382683 -1.000000 0.923880
v -0.382683 1.000000 0.923880
v -0.555570 -1.000000 0.831470
v -0.555570 1.000000 0.831470
v -0.707107 -1.000000 0.707107
v -0.707107 1.000000 0.707107
v -0.831470 -1.000000 0.555570
v -0.831470 1.000000 0.555570
v -0.923880 -1.000000 0.382683
v -0.923880 1.000000 0.382683
v -0.980785 -1.000000 0.195090
v -0.980785 1.000000 0.195090
v -1.000000 -1.000000 0.000000
v -1.000000 1.000000 0.000000
v -0.980785 -1.000000 -0.195090
v -0.980785 1.000000 -0.195090
v -0.923880 -1.000000 -0.382683
v -0.923880 1.000000 -0.382683
v -0.831470 -1.000000 -0.555570
v -0.831470 1.000000 -0.555570
v -0.707107 -1.000000 -0.707107
v -0.707107 1.000000 -0.707107
v -0.555570 -1.000000 -0.831470
v -0.555570 1.000000 -0.831470
v -0.382683 -1.000000 -0.923880
v -0.382683 1.000000 -0.923880
v -0.195090 -1.000000 -0.980785
v -0.195090 1.000000 -0.980785
vn 0.0980 -0.0000 -0.9952
vn 0.2903 -0.0000 -0.9569
vn 0.4714 -0.0000 -0.8819
vn 0.6344 -0.0000 -0.7730
vn 0.7730 -0.0000 -0.6344
vn 0.8819 -0.0000 -0.4714
vn 0.9569 -0.0000 -0.2903
vn 0.9952 -0.0000 -0.0980
vn 0.9952 -0.0000 0.0980
vn 0.9569 -0.0000 0.2903
vn 0.8819 -0.0000 0.4714
vn 0.7730 -0.0000 0.6344
vn 0.6344 -0.0000 0.7730
vn 0.4714 -0.0000 0.8819
vn 0.2903 -0.0000 0.9569
vn 0.0980 -0.0000 0.9952
vn -0.0980 -0.0000 0.9952
vn -0.2903 -0.0000 0.9569
vn -0.4714 -0.0000 0.8819
vn -0.6344 -0.0000 0.7730
vn -0.7730 -0.0000 0.6344
vn -0.8819 -0.0000 0.4714
vn -0.9569 -0.0000 0.2903
vn -0.9952 -0.0000 0.0980
vn -0.9952 -0.0000 -0.0980
vn -0.9569 -0.0000 -0.2903
vn -0.8819 -0.0000 -0.4714
vn -0.7730 -0.0000 -0.6344
vn -0.6344 -0.0000 -0.7730
vn -0.4714 -0.0000 -0.8819
vn -0.0000 1.0000 -0.0000
vn -0.2903 -0.0000 -0.9569
vn -0.0980 -0.0000 -0.9952
vn -0.0000 -1.0000 -0.0000
vt 1.000000 1.000000
vt 0.968750 0.500000
vt 1.000000 0.500000
vt 0.968750 1.000000
vt 0.937500 0.500000
vt 0.937500 1.000000
vt 0.906250 0.500000
vt 0.906250 1.000000
vt 0.875000 0.500000
vt 0.875000 1.000000
vt 0.843750 0.500000
vt 0.843750 1.000000
vt 0.812500 0.500000
vt 0.812500 1.000000
vt 0.781250 0.500000
vt 0.781250 1.000000
vt 0.750000 0.500000
vt 0.750000 1.000000
vt 0.718750 0.500000
vt 0.718750 1.000000
vt 0.687500 0.500000
vt 0.687500 1.000000
vt 0.656250 0.500000
vt 0.656250 1.000000
vt 0.625000 0.500000
vt 0.625000 1.000000
vt 0.593750 0.500000
vt 0.593750 1.000000
vt 0.562500 0.500000
vt 0.562500 1.000000
vt 0.531250 0.500000
vt 0.531250 1.000000
vt 0.500000 0.500000
vt 0.500000 1.000000
vt 0.468750 0.500000
vt 0.468750 1.000000
vt 0.437500 0.500000
vt 0.437500 1.000000
vt 0.406250 0.500000
vt 0.406250 1.000000
vt 0.375000 0.500000
vt 0.375000 1.000000
vt 0.343750 0.500000
vt 0.343750 1.000000
vt 0.312500 0.500000
vt 0.312500 1.000000
vt 0.281250 0.500000
vt 0.281250 1.000000
vt 0.250000 0.500000
vt 0.250000 1.000000
vt 0.218750 0.500000
vt 0.218750 1.000000
vt 0.187500 0.500000
vt 0.187500 1.000000
vt 0.156250 0.500000
vt 0.156250 1.000000
vt 0.125000 0.500000
vt 0.125000 1.000000
vt 0.093750 0.500000
vt 0.093750 1.000000
vt 0.062500 0.500000
vt 0.158156 0.028269
vt 0.471731 0.158156
vt 0.341844 0.471731
vt 0.062500 1.000000
vt 0.031250 0.500000
vt 0.031250 1.000000
vt 0.000000 0.500000
vt 0.796822 0.014612
vt 0.514612 0.203178
vt 0.703178 0.485388
vt 0.296822 0.485388
vt 0.250000 0.490000
vt 0.203178 0.485388
vt 0.158156 0.471731
vt 0.116663 0.449553
vt 0.080294 0.419706
vt 0.050447 0.383337
vt 0.028269 0.341844
vt 0.014612 0.296822
vt 0.010000 0.250000
vt 0.014612 0.203178
vt 0.028269 0.158156
vt 0.050447 0.116663
vt 0.080294 0.080294
vt 0.116663 0.050447
vt 0.203178 0.014612
vt 0.250000 0.010000
vt 0.296822 0.014612
vt 0.341844 0.028269
vt 0.383337 0.050447
vt 0.419706 0.080294
vt 0.449553 0.116663
vt 0.485388 0.203178
vt 0.490000 0.250000
vt 0.485388 0.296822
vt 0.471731 0.341844
vt 0.449553 0.383337
vt 0.419706 0.419706
vt 0.383337 0.449553
vt 0.000000 1.000000
vt 0.750000 0.490000
vt 0.796822 0.485388
vt 0.841844 0.471731
vt 0.883337 0.449553
vt 0.919706 0.419706
vt 0.949553 0.383337
vt 0.971731 0.341844
vt 0.985388 0.296822
vt 0.990000 0.250000
vt 0.985388 0.203178
vt 0.971731 0.158156
vt 0.949553 0.116663
vt 0.919706 0.080294
vt 0.883337 0.050447
vt 0.841844 0.028269
vt 0.750000 0.010000
vt 0.703178 0.014612
vt 0.658156 0.028269
vt 0.616663 0.050447
vt 0.580294 0.080294
vt 0.550447 0.116663
vt 0.528269 0.158156
vt 0.510000 0.250000
vt 0.514612 0.296822
vt 0.528269 0.341844
vt 0.550447 0.383337
vt 0.580294 0.419706
vt 0.616663 0.449553
vt 0.658156 0.471731
s 0
f 538/641/618 539/642/618 537/643/618
f 540/644/619 541/645/619 539/642/619
f 542/646/620 543/647/620 541/645/620
f 544/648/621 545/649/621 543/647/621
f 546/650/622 547/651/622 545/649/622
f 548/652/623 549/653/623 547/651/623
f 550/654/624 551/655/624 549/653/624
f 552/656/625 553/657/625 551/655/625
f 554/658/626 555/659/626 553/657/626
f 556/660/627 557/661/627 555/659/627
f 558/662/628 559/663/628 557/661/628
f 560/664/629 561/665/629 559/663/629
f 562/666/630 563/667/630 561/665/630
f 564/668/631 565/669/631 563/667/631
f 566/670/632 567/671/632 565/669/632
f 568/672/633 569/673/633 567/671/633
f 570/674/634 571/675/634 569/673/634
f 572/676/635 573/677/635 571/675/635
f 574/678/636 575/679/636 573/677/636
f 576/680/637 577/681/637 575/679/637
f 578/682/638 579/683/638 577/681/638
f 580/684/639 581/685/639 579/683/639
f 582/686/640 583/687/640 581/685/640
f 584/688/641 585/689/641 583/687/641
f 586/690/642 587/691/642 585/689/642
f 588/692/643 589/693/643 587/691/643
f 590/694/644 591/695/644 589/693/644
f 592/696/645 593/697/645 591/695/645
f 594/698/646 595/699/646 593/697/646
f 596/700/647 597/701/647 595/699/647
f 574/702/648 558/703/648 542/704/648
f 598/705/649 599/706/649 597/701/649
f 600/707/650 537/708/650 599/706/650
f 567/709/651 583/710/651 599/711/651
f 538/641/618 540/644/618 539/642/618
f 540/644/619 542/646/619 541/645/619
f 542/646/620 544/648/620 543/647/620
f 544/648/621 546/650/621 545/649/621
f 546/650/622 548/652/622 547/651/622
f 548/652/623 550/654/623 549/653/623
f 550/654/624 552/656/624 551/655/624
f 552/656/625 554/658/625 553/657/625
f 554/658/626 556/660/626 555/659/626
f 556/660/627 558/662/627 557/661/627
f 558/662/628 560/664/628 559/663/628
f 560/664/629 562/666/629 561/665/629
f 562/666/630 564/668/630 563/667/630
f 564/668/631 566/670/631 565/669/631
f 566/670/632 568/672/632 567/671/632
f 568/672/633 570/674/633 569/673/633
f 570/674/634 572/676/634 571/675/634
f 572/676/635 574/678/635 573/677/635
f 574/678/636 576/680/636 575/679/636
f 576/680/637 578/682/637 577/681/637
f 578/682/638 580/684/638 579/683/638
f 580/684/639 582/686/639 581/685/639
f 582/686/640 584/688/640 583/687/640
f 584/688/641 586/690/641 585/689/641
f 586/690/642 588/692/642 587/691/642
f 588/692/643 590/694/643 589/693/643
f 590/694/644 592/696/644 591/695/644
f 592/696/645 594/698/645 593/697/645
f 594/698/646 596/700/646 595/699/646
f 596/700/647 598/705/647 597/701/647
f 542/704/648 540/712/648 538/713/648
f 538/713/648 600/714/648 598/715/648
f 598/715/648 596/716/648 594/717/648
f 594/717/648 592/718/648 590/719/648
f 590/719/648 588/720/648 586/721/648
f 586/721/648 584/722/648 582/723/648
f 582/723/648 580/724/648 578/725/648
f 578/725/648 576/726/648 574/702/648
f 574/702/648 572/727/648 570/728/648
f 570/728/648 568/729/648 566/730/648
f 566/730/648 564/731/648 562/732/648
f 562/732/648 560/733/648 558/703/648
f 558/703/648 556/734/648 554/735/648
f 554/735/648 552/736/648 550/737/648
f 550/737/648 548/738/648 546/739/648
f 546/739/648 544/740/648 542/704/648
f 542/704/648 538/713/648 598/715/648
f 598/715/648 594/717/648 590/719/648
f 590/719/648 586/721/648 582/723/648
f 582/723/648 578/725/648 574/702/648
f 574/702/648 570/728/648 566/730/648
f 566/730/648 562/732/648 558/703/648
f 558/703/648 554/735/648 550/737/648
f 550/737/648 546/739/648 542/704/648
f 542/704/648 598/715/648 590/719/648
f 590/719/648 582/723/648 574/702/648
f 574/702/648 566/730/648 558/703/648
f 558/703/648 550/737/648 542/704/648
f 542/704/648 590/719/648 574/702/648
f 598/705/649 600/707/649 599/706/649
f 600/707/650 538/741/650 537/708/650
f 599/711/651 537/742/651 539/743/651
f 539/743/651 541/744/651 543/745/651
f 543/745/651 545/746/651 547/747/651
f 547/747/651 549/748/651 551/749/651
f 551/749/651 553/750/651 555/751/651
f 555/751/651 557/752/651 559/753/651
f 559/753/651 561/754/651 563/755/651
f 563/755/651 565/756/651 567/709/651
f 567/709/651 569/757/651 571/758/651
f 571/758/651 573/759/651 575/760/651
f 575/760/651 577/761/651 579/762/651
f 579/762/651 581/763/651 583/710/651
f 583/710/651 585/764/651 587/765/651
f 587/765/651 589/766/651 591/767/651
f 591/767/651 593/768/651 595/769/651
f 595/769/651 597/770/651 599/711/651
f 599/711/651 539/743/651 543/745/651
f 543/745/651 547/747/651 551/749/651
f 551/749/651 555/751/651 559/753/651
f 559/753/651 563/755/651 567/709/651
f 567/709/651 571/758/651 575/760/651
f 575/760/651 579/762/651 583/710/651
f 583/710/651 587/765/651 591/767/651
f 591/767/651 595/769/651 599/711/651
f 599/711/651 543/745/651 551/749/651
f 551/749/651 559/753/651 567/709/651
f 567/709/651 575/760/651 583/710/651
f 583/710/651 591/767/651 599/711/651
f 599/711/651 551/749/651 567/709/651
o Cone
v 0.000000 -1.000000 -1.000000
v 0.195090 -1.000000 -0.980785
v 0.382683 -1.000000 -0.923880
v 0.555570 -1.000000 -0.831470
v 0.707107 -1.000000 -0.707107
v 0.831470 -1.000000 -0.555570
v 0.923880 -1.000000 -0.382683
v 0.980785 -1.000000 -0.195090
v 1.000000 -1.000000 0.000000
v 0.980785 -1.000000 0.195090
v 0.923880 -1.000000 0.382683
v 0.831470 -1.000000 0.555570
v 0.707107 -1.000000 0.707107
v 0.555570 -1.000000 0.831470
v 0.382683 -1.000000 0.923880
v 0.195090 -1.000000 0.980785
v 0.000000 -1.000000 1.000000
v -0.195090 -1.000000 0.980785
v -0.382683 -1.000000 0.923880
v -0.555570 -1.000000 0.831470
v -0.707107 -1.000000 0.707107
v -0.831470 -1.000000 0.555570
v -0.923880 -1.000000 0.382683
v -0.980785 -1.000000 0.195090
v -1.000000 -1.000000 0.000000
v -0.980785 -1.000000 -0.195090
v -0.923880 -1.000000 -0.382683
v -0.831470 -1.000000 -0.555570
v -0.707107 -1.000000 -0.707107
v -0.555570 -1.000000 -0.831470
v -0.382683 -1.000000 -0.923880
v -0.195090 -1.000000 -0.980785
v 0.000000 1.000000 0.000000
vn 0.0878 0.4455 -0.8910
vn 0.2599 0.4455 -0.8567
vn 0.4220 0.4455 -0.7896
vn 0.5680 0.4455 -0.6921
vn 0.6921 0.4455 -0.5680
vn 0.7896 0.4455 -0.4220
vn 0.8567 0.4455 -0.2599
vn 0.8910 0.4455 -0.0878
vn 0.8910 0.4455 0.0878
vn 0.8567 0.4455 0.2599
vn 0.7896 0.4455 0.4220
vn 0.6921 0.4455 0.5680
vn 0.5680 0.4455 0.6921
vn 0.4220 0.4455 0.7896
vn 0.2599 0.4455 0.8567
vn 0.0878 0.4455 0.8910
vn -0.0878 0.4455 0.8910
vn -0.2599 0.4455 0.8567
vn -0.4220 0.4455 0.7896
vn -0.5680 0.4455 0.6921
vn -0.6921 0.4455 0.5680
vn -0.7896 0.4455 0.4220
vn -0.8567 0.4455 0.2599
vn -0.8910 0.4455 0.0878
vn -0.8910 0.4455 -0.0878
vn -0.8567 0.4455 -0.2599
vn -0.7896 0.4455 -0.4220
vn -0.6921 0.4455 -0.5680
vn -0.5680 0.4455 -0.6921
vn -0.4220 0.4455 -0.7896
vn -0.0000 -1.0000 -0.0000
vn -0.2599 0.4455 -0.8567
vn -0.0878 0.4455 -0.8910
vt 0.250000 0.490000
vt 0.250000 0.250000
vt 0.296822 0.485388
vt 0.341844 0.471731
vt 0.383337 0.449553
vt 0.419706 0.419706
vt 0.449553 0.383337
vt 0.471731 0.341844
vt 0.485388 0.296822
vt 0.490000 0.250000
vt 0.485388 0.203178
vt 0.471731 0.158156
vt 0.449553 0.116663
vt 0.419706 0.080294
vt 0.383337 0.050447
vt 0.341844 0.028269
vt 0.296822 0.014612
vt 0.250000 0.010000
vt 0.203178 0.014612
vt 0.158156 0.028269
vt 0.116663 0.050447
vt 0.080294 0.080294
vt 0.050447 0.116663
vt 0.028269 0.158156
vt 0.014612 0.203178
vt 0.010000 0.250000
vt 0.014612 0.296822
vt 0.028269 0.341844
vt 0.050447 0.383337
vt 0.080294 0.419706
vt 0.116663 0.449553
vt 0.158156 0.471731
vt 0.796822 0.014612
vt 0.514612 0.203178
vt 0.703178 0.485388
vt 0.203178 0.485388
vt 0.750000 0.490000
vt 0.796822 0.485388
vt 0.841844 0.471731
vt 0.883337 0.449553
vt 0.919706 0.419706
vt 0.949553 0.383337
vt 0.971731 0.341844
vt 0.985388 0.296822
vt 0.990000 0.250000
vt 0.985388 0.203178
vt 0.971731 0.158156
vt 0.949553 0.116663
vt 0.919706 0.080294
vt 0.883337 0.050447
vt 0.841844 0.028269
vt 0.750000 0.010000
vt 0.703178 0.014612
vt 0.658156 0.028269
vt 0.616663 0.050447
vt 0.580294 0.080294
vt 0.550447 0.116663
vt 0.528269 0.158156
vt 0.510000 0.250000
vt 0.514612 0.296822
vt 0.528269 0.341844
vt 0.550447 0.383337
vt 0.580294 0.419706
vt 0.616663 0.449553
vt 0.658156 0.471731
s 0
f 601/771/652 633/772/652 602/773/652
f 602/773/653 633/772/653 603/774/653
f 603/774/654 633/772/654 604/775/654
f 604/775/655 633/772/655 605/776/655
f 605/776/656 633/772/656 606/777/656
f 606/777/657 633/772/657 607/778/657
f 607/778/658 633/772/658 608/779/658
f 608/779/659 633/772/659 609/780/659
f 609/780/660 633/772/660 610/781/660
f 610/781/661 633/772/661 611/782/661
f 611/782/662 633/772/662 612/783/662
f 612/783/663 633/772/663 613/784/663
f 613/784/664 633/772/664 614/785/664
f 614/785/665 633/772/665 615/786/665
f 615/786/666 633/772/666 616/787/666
f 616/787/667 633/772/667 617/788/667
f 617/788/668 633/772/668 618/789/668
f 618/789/669 633/772/669 619/790/669
f 619/790/670 633/772/670 620/791/670
f 620/791/671 633/772/671 621/792/671
f 621/792/672 633/772/672 622/793/672
f 622/793/673 633/772/673 623/794/673
f 623/794/674 633/772/674 624/795/674
f 624/795/675 633/772/675 625/796/675
f 625/796/676 633/772/676 626/797/676
f 626/797/677 633/772/677 627/798/677
f 627/798/678 633/772/678 628/799/678
f 628/799/679 633/772/679 629/800/679
f 629/800/680 633/772/680 630/801/680
f 630/801/681 633/772/681 631/802/681
f 616/803/682 624/804/682 632/805/682
f 631/802/683 633/772/683 632/806/683
f 632/806/684 633/772/684 601/771/684
f 632/805/682 601/807/682 602/808/682
f 602/808/682 603/809/682 604/810/682
f 604/810/682 605/811/682 606/812/682
f 606/812/682 607/813/682 608/814/682
f 608/814/682 609/815/682 610/816/682
f 610/816/682 611/817/682 612/818/682
f 612/818/682 613/819/682 614/820/682
f 614/820/682 615/821/682 616/803/682
f 616/803/682 617/822/682 618/823/682
f 618/823/682 619/824/682 620/825/682
f 620/825/682 621/826/682 622/827/682
f 622/827/682 623/828/682 624/804/682
f 624/804/682 625/829/682 626/830/682
f 626/830/682 627/831/682 628/832/682
f 628/832/682 629/833/682 630/834/682
f 630/834/682 631/835/682 632/805/682
f 632/805/682 602/808/682 604/810/682
f 604/810/682 606/812/682 608/814/682
f 608/814/682 610/816/682 612/818/682
f 612/818/682 614/820/682 616/803/682
f 616/803/682 618/823/682 620/825/682
f 620/825/682 622/827/682 624/804/682
f 624/804/682 626/830/682 628/832/682
f 628/832/682 630/834/682 632/805/682
f 632/805/682 604/810/682 608/814/682
f 608/814/682 612/818/682 616/803/682
f 616/803/682 620/825/682 624/804/682
f 624/804/682 628/832/682 632/805/682
f 632/805/682 608/814/682 616/803/682
o Torus
v 1.250000 0.000000 0.000000
v 1.216506 0.125000 0.000000
v 1.125000 0.216506 0.000000
v 1.000000 0.250000 0.000000
v 0.875000 0.216506 0.000000
v 0.783494 0.125000 0.000000
v 0.750000 0.000000 0.000000
v 0.783494 -0.125000 0.000000
v 0.875000 -0.216506 0.000000
v 1.000000 -0.250000 0.000000
v 1.125000 -0.216506 0.000000
v 1.216506 -0.125000 0.000000
v 1.239306 0.000000 -0.163158
v 1.206099 0.125000 -0.158786
v 1.115376 0.216506 -0.146842
v 0.991445 0.250000 -0.130526
v 0.867514 0.216506 -0.114210
v 0.776791 0.125000 -0.102266
v 0.743584 0.000000 -0.097895
v 0.776791 -0.125000 -0.102266
v 0.867514 -0.216506 -0.114210
v 0.991445 -0.250000 -0.130526
v 1.115376 -0.216506 -0.146842
v 1.206099 -0.125000 -0.158786
v 1.207407 0.000000 -0.323524
v 1.175055 0.125000 -0.314855
v 1.086667 0.216506 -0.291171
v 0.965926 0.250000 -0.258819
v 0.845185 0.216506 -0.226467
v 0.756797 0.125000 -0.202783
v 0.724444 0.000000 -0.194114
v 0.756797 -0.125000 -0.202783
v 0.845185 -0.216506 -0.226467
v 0.965926 -0.250000 -0.258819
v 1.086667 -0.216506 -0.291171
v 1.175055 -0.125000 -0.314855
v 1.154849 0.000000 -0.478354
v 1.123905 0.125000 -0.465537
v 1.039364 0.216506 -0.430519
v 0.923880 0.250000 -0.382683
v 0.808395 0.216506 -0.334848
v 0.723854 0.125000 -0.299830
v 0.692910 0.000000 -0.287013
v 0.723854 -0.125000 -0.299830
v 0.808395 -0.216506 -0.334848
v 0.923880 -0.250000 -0.382683
v 1.039364 -0.216506 -0.430519
v 1.123905 -0.125000 -0.465537
v 1.082532 0.000000 -0.625000
v 1.053525 0.125000 -0.608253
v 0.974279 0.216506 -0.562500
v 0.866025 0.250000 -0.500000
v 0.757772 0.216506 -0.437500
v 0.678525 0.125000 -0.391747
v 0.649519 0.000000 -0.375000
v 0.678525 -0.125000 -0.391747
v 0.757772 -0.216506 -0.437500
v 0.866025 -0.250000 -0.500000
v 0.974279 -0.216506 -0.562500
v 1.053525 -0.125000 -0.608253
v 0.991692 0.000000 -0.760952
v 0.965119 0.125000 -0.740562
v 0.892523 0.216506 -0.684856
v 0.793353 0.250000 -0.608761
v 0.694184 0.216506 -0.532666
v 0.621587 0.125000 -0.476961
v 0.595015 0.000000 -0.456571
v 0.621587 -0.125000 -0.476961
v 0.694184 -0.216506 -0.532666
v 0.793353 -0.250000 -0.608761
v 0.892523 -0.216506 -0.684856
v 0.965119 -0.125000 -0.740562
v 0.883883 0.000000 -0.883884
v 0.860200 0.125000 -0.860200
v 0.795495 0.216506 -0.795495
v 0.707107 0.250000 -0.707107
v 0.618718 0.216506 -0.618719
v 0.554014 0.125000 -0.554014
v 0.530330 0.000000 -0.530330
v 0.554014 -0.125000 -0.554014
v 0.618718 -0.216506 -0.618719
v 0.707107 -0.250000 -0.707107
v 0.795495 -0.216506 -0.795495
v 0.860200 -0.125000 -0.860200
v 0.760952 0.000000 -0.991691
v 0.740562 0.125000 -0.965119
v 0.684857 0.216506 -0.892522
v 0.608762 0.250000 -0.793353
v 0.532666 0.216506 -0.694184
v 0.476961 0.125000 -0.621587
v 0.456571 0.000000 -0.595015
v 0.476961 -0.125000 -0.621587
v 0.532666 -0.216506 -0.694184
v 0.608762 -0.250000 -0.793353
v 0.684857 -0.216506 -0.892522
v 0.740562 -0.125000 -0.965119
v 0.625000 0.000000 -1.082532
v 0.608253 0.125000 -1.053525
v 0.562500 0.216506 -0.974279
v 0.500000 0.250000 -0.866025
v 0.437500 0.216506 -0.757772
v 0.391747 0.125000 -0.678525
v 0.375000 0.000000 -0.649519
v 0.391747 -0.125000 -0.678525
v 0.437500 -0.216506 -0.757772
v 0.500000 -0.250000 -0.866025
v 0.562500 -0.216506 -0.974279
v 0.608253 -0.125000 -1.053525
v 0.478355 0.000000 -1.154849
v 0.465537 0.125000 -1.123905
v 0.430519 0.216506 -1.039364
v 0.382684 0.250000 -0.923879
v 0.334848 0.216506 -0.808394
v 0.299830 0.125000 -0.723854
v 0.287013 0.000000 -0.692910
v 0.299830 -0.125000 -0.723854
v 0.334848 -0.216506 -0.808394
v 0.382684 -0.250000 -0.923879
v 0.430519 -0.216506 -1.039364
v 0.465537 -0.125000 -1.123905
v 0.323524 0.000000 -1.207407
v 0.314855 0.125000 -1.175055
v 0.291171 0.216506 -1.086667
v 0.258819 0.250000 -0.965926
v 0.226467 0.216506 -0.845185
v 0.202783 0.125000 -0.756797
v 0.194114 0.000000 -0.724444
v 0.202783 -0.125000 -0.756797
v 0.226467 -0.216506 -0.845185
v 0.258819 -0.250000 -0.965926
v 0.291171 -0.216506 -1.086667
v 0.314855 -0.125000 -1.175055
v 0.163158 0.000000 -1.239306
v 0.158786 0.125000 -1.206099
v 0.146842 0.216506 -1.115376
v 0.130526 0.250000 -0.991445
v 0.114210 0.216506 -0.867514
v 0.102266 0.125000 -0.776791
v 0.097895 0.000000 -0.743584
v 0.102266 -0.125000 -0.776791
v 0.114210 -0.216506 -0.867514
v 0.130526 -0.250000 -0.991445
v 0.146842 -0.216506 -1.115376
v 0.158786 -0.125000 -1.206099
v 0.000000 0.000000 -1.250000
v 0.000000 0.125000 -1.216506
v 0.000000 0.216506 -1.125000
v 0.000000 0.250000 -1.000000
v 0.000000 0.216506 -0.875000
v 0.000000 0.125000 -0.783494
v 0.000000 0.000000 -0.750000
v 0.000000 -0.125000 -0.783494
v 0.000000 -0.216506 -0.875000
v 0.000000 -0.250000 -1.000000
v 0.000000 -0.216506 -1.125000
v 0.000000 -0.125000 -1.216506
v -0.163158 0.000000 -1.239306
v -0.158786 0.125000 -1.206099
v -0.146842 0.216506 -1.115375
v -0.130526 0.250000 -0.991445
v -0.114211 0.216506 -0.867514
v -0.102267 0.125000 -0.776791
v -0.097895 0.000000 -0.743584
v -0.102267 -0.125000 -0.776791
v -0.114211 -0.216506 -0.867514
v -0.130526 -0.250000 -0.991445
v -0.146842 -0.216506 -1.115375
v -0.158786 -0.125000 -1.206099
v -0.323524 0.000000 -1.207407
v -0.314855 0.125000 -1.175055
v -0.291171 0.216506 -1.086667
v -0.258819 0.250000 -0.965926
v -0.226467 0.216506 -0.845185
v -0.202783 0.125000 -0.756797
v -0.194114 0.000000 -0.724444
v -0.202783 -0.125000 -0.756797
v -0.226467 -0.216506 -0.845185
v -0.258819 -0.250000 -0.965926
v -0.291171 -0.216506 -1.086667
v -0.314855 -0.125000 -1.175055
v -0.478354 0.000000 -1.154849
v -0.465537 0.125000 -1.123905
v -0.430519 0.216506 -1.039364
v -0.382684 0.250000 -0.923880
v -0.334848 0.216506 -0.808395
v -0.299830 0.125000 -0.723854
v -0.287013 0.000000 -0.692910
v -0.299830 -0.125000 -0.723854
v -0.334848 -0.216506 -0.808395
v -0.382684 -0.250000 -0.923880
v -0.430519 -0.216506 -1.039364
v -0.465537 -0.125000 -1.123905
v -0.625000 0.000000 -1.082532
v -0.608253 0.125000 -1.053526
v -0.562500 0.216506 -0.974279
v -0.500000 0.250000 -0.866026
v -0.437500 0.216506 -0.757772
v -0.391747 0.125000 -0.678525
v -0.375000 0.000000 -0.649519
v -0.391747 -0.125000 -0.678525
v -0.437500 -0.216506 -0.757772
v -0.500000 -0.250000 -0.866026
v -0.562500 -0.216506 -0.974279
v -0.608253 -0.125000 -1.053526
v -0.760952 0.000000 -0.991692
v -0.740562 0.125000 -0.965119
v -0.684857 0.216506 -0.892522
v -0.608761 0.250000 -0.793353
v -0.532666 0.216506 -0.694184
v -0.476961 0.125000 -0.621587
v -0.456571 0.000000 -0.595015
v -0.476961 -0.125000 -0.621587
v -0.532666 -0.216506 -0.694184
v -0.608761 -0.250000 -0.793353
v -0.684857 -0.216506 -0.892522
v -0.740562 -0.125000 -0.965119
v -0.883884 0.000000 -0.883883
v -0.860200 0.125000 -0.860200
v -0.795495 0.216506 -0.795495
v -0.707107 0.250000 -0.707107
v -0.618719 0.216506 -0.618718
v -0.554014 0.125000 -0.554013
v -0.530330 0.000000 -0.530330
v -0.554014 -0.125000 -0.554013
v -0.618719 -0.216506 -0.618718
v -0.707107 -0.250000 -0.707107
v -0.795495 -0.216506 -0.795495
v -0.860200 -0.125000 -0.860200
v -0.991692 0.000000 -0.760952
v -0.965119 0.125000 -0.740562
v -0.892522 0.216506 -0.684857
v -0.793353 0.250000 -0.608761
v -0.694184 0.216506 -0.532666
v -0.621587 0.125000 -0.476961
v -0.595015 0.000000 -0.456571
v -0.621587 -0.125000 -0.476961
v -0.694184 -0.216506 -0.532666
v -0.793353 -0.250000 -0.608761
v -0.892522 -0.216506 -0.684857
v -0.965119 -0.125000 -0.740562
v -1.082532 0.000000 -0.625000
v -1.053525 0.125000 -0.608253
v -0.974278 0.216506 -0.562500
v -0.866025 0.250000 -0.500000
v -0.757772 0.216506 -0.437500
v -0.678525 0.125000 -0.391747
v -0.649519 0.000000 -0.375000
v -0.678525 -0.125000 -0.391747
v -0.757772 -0.216506 -0.437500
v -0.866025 -0.250000 -0.500000
v -0.974278 -0.216506 -0.562500
v -1.053525 -0.125000 -0.608253
v -1.154849 0.000000 -0.478354
v -1.123905 0.125000 -0.465537
v -1.039364 0.216506 -0.430519
v -0.923880 0.250000 -0.382683
v -0.808395 0.216506 -0.334848
v -0.723854 0.125000 -0.299830
v -0.692910 0.000000 -0.287013
v -0.723854 -0.125000 -0.299830
v -0.808395 -0.216506 -0.334848
v -0.923880 -0.250000 -0.382683
v -1.039364 -0.216506 -0.430519
v -1.123905 -0.125000 -0.465537
v -1.207407 0.000000 -0.323524
v -1.175055 0.125000 -0.314855
v -1.086667 0.216506 -0.291171
v -0.965926 0.250000 -0.258819
v -0.845185 0.216506 -0.226467
v -0.756797 0.125000 -0.202783
v -0.724444 0.000000 -0.194114
v -0.756797 -0.125000 -0.202783
v -0.845185 -0.216506 -0.226467
v -0.965926 -0.250000 -0.258819
v -1.086667 -0.216506 -0.291171
v -1.175055 -0.125000 -0.314855
v -1.239306 0.000000 -0.163158
v -1.206099 0.125000 -0.158786
v -1.115375 0.216506 -0.146842
v -0.991445 0.250000 -0.130526
v -0.867514 0.216506 -0.114211
v -0.776791 0.125000 -0.102267
v -0.743584 0.000000 -0.097895
v -0.776791 -0.125000 -0.102267
v -0.867514 -0.216506 -0.114211
v -0.991445 -0.250000 -0.130526
v -1.115375 -0.216506 -0.146842
v -1.206099 -0.125000 -0.158786
v -1.250000 0.000000 -0.000000
v -1.216506 0.125000 -0.000000
v -1.125000 0.216506 -0.000000
v -1.000000 0.250000 -0.000000
v -0.875000 0.216506 -0.000000
v -0.783494 0.125000 -0.000000
v -0.750000 0.000000 -0.000000
v -0.783494 -0.125000 -0.000000
v -0.875000 -0.216506 -0.000000
v -1.000000 -0.250000 -0.000000
v -1.125000 -0.216506 -0.000000
v -1.216506 -0.125000 -0.000000
v -1.239306 0.000000 0.163158
v -1.206099 0.125000 0.158786
v -1.115375 0.216506 0.146842
v -0.991445 0.250000 0.130526
v -0.867514 0.216506 0.114211
v -0.776791 0.125000 0.102267
v -0.743584 0.000000 0.097895
v -0.776791 -0.125000 0.102267
v -0.867514 -0.216506 0.114211
v -0.991445 -0.250000 0.130526
v -1.115375 -0.216506 0.146842
v -1.206099 -0.125000 0.158786
v -1.207407 0.000000 0.323524
v -1.175055 0.125000 0.314855
v -1.086667 0.216506 0.291171
v -0.965926 0.250000 0.258819
v -0.845185 0.216506 0.226467
v -0.756797 0.125000 0.202783
v -0.724444 0.000000 0.194114
v -0.756797 -0.125000 0.202783
v -0.845185 -0.216506 0.226467
v -0.965926 -0.250000 0.258819
v -1.086667 -0.216506 0.291171
v -1.175055 -0.125000 0.314855
v -1.154850 0.000000 0.478354
v -1.123906 0.125000 0.465536
v -1.039365 0.216506 0.430518
v -0.923880 0.250000 0.382683
v -0.808395 0.216506 0.334848
v -0.723854 0.125000 0.299830
v -0.692910 0.000000 0.287012
v -0.723854 -0.125000 0.299830
v -0.808395 -0.216506 0.334848
v -0.923880 -0.250000 0.382683
v -1.039365 -0.216506 0.430518
v -1.123906 -0.125000 0.465536
v -1.082532 0.000000 0.625000
v -1.053526 0.125000 0.608253
v -0.974279 0.216506 0.562500
v -0.866026 0.250000 0.500000
v -0.757772 0.216506 0.437500
v -0.678525 0.125000 0.391747
v -0.649519 0.000000 0.375000
v -0.678525 -0.125000 0.391747
v -0.757772 -0.216506 0.437500
v -0.866026 -0.250000 0.500000
v -0.974279 -0.216506 0.562500
v -1.053526 -0.125000 0.608253
v -0.991692 0.000000 0.760952
v -0.965119 0.125000 0.740562
v -0.892522 0.216506 0.684857
v -0.793353 0.250000 0.608761
v -0.694184 0.216506 0.532666
v -0.621587 0.125000 0.476961
v -0.595015 0.000000 0.456571
v -0.621587 -0.125000 0.476961
v -0.694184 -0.216506 0.532666
v -0.793353 -0.250000 0.608761
v -0.892522 -0.216506 0.684857
v -0.965119 -0.125000 0.740562
v -0.883884 0.000000 0.883883
v -0.860200 0.125000 0.860200
v -0.795495 0.216506 0.795495
v -0.707107 0.250000 0.707107
v -0.618719 0.216506 0.618718
v -0.554014 0.125000 0.554013
v -0.530330 0.000000 0.530330
v -0.554014 -0.125000 0.554013
v -0.618719 -0.216506 0.618718
v -0.707107 -0.250000 0.707107
v -0.795495 -0.216506 0.795495
v -0.860200 -0.125000 0.860200
v -0.760952 0.000000 0.991691
v -0.740563 0.125000 0.965119
v -0.684857 0.216506 0.892522
v -0.608762 0.250000 0.793353
v -0.532667 0.216506 0.694184
v -0.476961 0.125000 0.621587
v -0.456571 0.000000 0.595015
v -0.476961 -0.125000 0.621587
v -0.532667 -0.216506 0.694184
v -0.608762 -0.250000 0.793353
v -0.684857 -0.216506 0.892522
v -0.740563 -0.125000 0.965119
v -0.625000 0.000000 1.082532
v -0.608253 0.125000 1.053526
v -0.562500 0.216506 0.974279
v -0.500000 0.250000 0.866026
v -0.437500 0.216506 0.757772
v -0.391747 0.125000 0.678525
v -0.375000 0.000000 0.649519
v -0.391747 -0.125000 0.678525
v -0.437500 -0.216506 0.757772
v -0.500000 -0.250000 0.866026
v -0.562500 -0.216506 0.974279
v -0.608253 -0.125000 1.053526
v -0.478354 0.000000 1.154849
v -0.465537 0.125000 1.123905
v -0.430519 0.216506 1.039364
v -0.382684 0.250000 0.923880
v -0.334848 0.216506 0.808395
v -0.299830 0.125000 0.723854
v -0.287013 0.000000 0.692910
v -0.299830 -0.125000 0.723854
v -0.334848 -0.216506 0.808395
v -0.382684 -0.250000 0.923880
v -0.430519 -0.216506 1.039364
v -0.465537 -0.125000 1.123905
v -0.323524 0.000000 1.207407
v -0.314855 0.125000 1.175055
v -0.291172 0.216506 1.086666
v -0.258819 0.250000 0.965926
v -0.226467 0.216506 0.845185
v -0.202783 0.125000 0.756797
v -0.194115 0.000000 0.724444
v -0.202783 -0.125000 0.756797
v -0.226467 -0.216506 0.845185
v -0.258819 -0.250000 0.965926
v -0.291172 -0.216506 1.086666
v -0.314855 -0.125000 1.175055
v -0.163158 0.000000 1.239306
v -0.158787 0.125000 1.206099
v -0.146843 0.216506 1.115375
v -0.130527 0.250000 0.991445
v -0.114211 0.216506 0.867514
v -0.102267 0.125000 0.776791
v -0.097895 0.000000 0.743584
v -0.102267 -0.125000 0.776791
v -0.114211 -0.216506 0.867514
v -0.130527 -0.250000 0.991445
v -0.146843 -0.216506 1.115375
v -0.158787 -0.125000 1.206099
v 0.000000 0.000000 1.250000
v 0.000000 0.125000 1.216506
v 0.000000 0.216506 1.125000
v 0.000000 0.250000 1.000000
v 0.000000 0.216506 0.875000
v 0.000000 0.125000 0.783494
v 0.000000 0.000000 0.750000
v 0.000000 -0.125000 0.783494
v 0.000000 -0.216506 0.875000
v 0.000000 -0.250000 1.000000
v 0.000000 -0.216506 1.125000
v 0.000000 -0.125000 1.216506
v 0.163158 0.000000 1.239306
v 0.158786 0.125000 1.206099
v 0.146842 0.216506 1.115376
v 0.130526 0.250000 0.991445
v 0.114210 0.216506 0.867514
v 0.102266 0.125000 0.776791
v 0.097895 0.000000 0.743584
v 0.102266 -0.125000 0.776791
v 0.114210 -0.216506 0.867514
v 0.130526 -0.250000 0.991445
v 0.146842 -0.216506 1.115376
v 0.158786 -0.125000 1.206099
v 0.323523 0.000000 1.207407
v 0.314854 0.125000 1.175055
v 0.291171 0.216506 1.086667
v 0.258819 0.250000 0.965926
v 0.226466 0.216506 0.845185
v 0.202783 0.125000 0.756797
v 0.194114 0.000000 0.724444
v 0.202783 -0.125000 0.756797
v 0.226466 -0.216506 0.845185
v 0.258819 -0.250000 0.965926
v 0.291171 -0.216506 1.086667
v 0.314854 -0.125000 1.175055
v 0.478355 0.000000 1.154849
v 0.465537 0.125000 1.123905
v 0.430519 0.216506 1.039364
v 0.382684 0.250000 0.923879
v 0.334848 0.216506 0.808394
v 0.299830 0.125000 0.723854
v 0.287013 0.000000 0.692910
v 0.299830 -0.125000 0.723854
v 0.334848 -0.216506 0.808394
v 0.382684 -0.250000 0.923879
v 0.430519 -0.216506 1.039364
v 0.465537 -0.125000 1.123905
v 0.625000 0.000000 1.082532
v 0.608253 0.125000 1.053525
v 0.562500 0.216506 0.974279
v 0.500000 0.250000 0.866025
v 0.437500 0.216506 0.757772
v 0.391747 0.125000 0.678525
v 0.375000 0.000000 0.649519
v 0.391747 -0.125000 0.678525
v 0.437500 -0.216506 0.757772
v 0.500000 -0.250000 0.866025
v 0.562500 -0.216506 0.974279
v 0.608253 -0.125000 1.053525
v 0.760952 0.000000 0.991692
v 0.740562 0.125000 0.965120
v 0.684856 0.216506 0.892523
v 0.608761 0.250000 0.793353
v 0.532666 0.216506 0.694184
v 0.476961 0.125000 0.621587
v 0.456571 0.000000 0.595015
v 0.476961 -0.125000 0.621587
v 0.532666 -0.216506 0.694184
v 0.608761 -0.250000 0.793353
v 0.684856 -0.216506 0.892523
v 0.740562 -0.125000 0.965120
v 0.883883 0.000000 0.883884
v 0.860199 0.125000 0.860200
v 0.795495 0.216506 0.795496
v 0.707106 0.250000 0.707107
v 0.618718 0.216506 0.618719
v 0.554013 0.125000 0.554014
v 0.530330 0.000000 0.530330
v 0.554013 -0.125000 0.554014
v 0.618718 -0.216506 0.618719
v 0.707106 -0.250000 0.707107
v 0.795495 -0.216506 0.795496
v 0.860199 -0.125000 0.860200
v 0.991692 0.000000 0.760952
v 0.965119 0.125000 0.740562
v 0.892523 0.216506 0.684856
v 0.793353 0.250000 0.608761
v 0.694184 0.216506 0.532666
v 0.621587 0.125000 0.476961
v 0.595015 0.000000 0.456571
v 0.621587 -0.125000 0.476961
v 0.694184 -0.216506 0.532666
v 0.793353 -0.250000 0.608761
v 0.892523 -0.216506 0.684856
v 0.965119 -0.125000 0.740562
v 1.082532 0.000000 0.625000
v 1.053525 0.125000 0.608253
v 0.974279 0.216506 0.562500
v 0.866025 0.250000 0.500000
v 0.757772 0.216506 0.437500
v 0.678525 0.125000 0.391747
v 0.649519 0.000000 0.375000
v 0.678525 -0.125000 0.391747
v 0.757772 -0.216506 0.437500
v 0.866025 -0.250000 0.500000
v 0.974279 -0.216506 0.562500
v 1.053525 -0.125000 0.608253
v 1.154849 0.000000 0.478355
v 1.123905 0.125000 0.465537
v 1.039364 0.216506 0.430519
v 0.923879 0.250000 0.382684
v 0.808394 0.216506 0.334848
v 0.723854 0.125000 0.299830
v 0.692910 0.000000 0.287013
v 0.723854 -0.125000 0.299830
v 0.808394 -0.216506 0.334848
v 0.923879 -0.250000 0.382684
v 1.039364 -0.216506 0.430519
v 1.123905 -0.125000 0.465537
v 1.207407 0.000000 0.323523
v 1.175055 0.125000 0.314855
v 1.086667 0.216506 0.291171
v 0.965926 0.250000 0.258819
v 0.845185 0.216506 0.226466
v 0.756797 0.125000 0.202783
v 0.724444 0.000000 0.194114
v 0.756797 -0.125000 0.202783
v 0.845185 -0.216506 0.226466
v 0.965926 -0.250000 0.258819
v 1.086667 -0.216506 0.291171
v 1.175055 -0.125000 0.314855
v 1.239306 0.000000 0.163158
v 1.206099 0.125000 0.158786
v 1.115376 0.216506 0.146842
v 0.991445 0.250000 0.130526
v 0.867514 0.216506 0.114210
v 0.776791 0.125000 0.102266
v 0.743584 0.000000 0.097895
v 0.776791 -0.125000 0.102266
v 0.867514 -0.216506 0.114210
v 0.991445 -0.250000 0.130526
v 1.115376 -0.216506 0.146842
v 1.206099 -0.125000 0.158786
vn 0.9640 0.2583 -0.0632
vn 0.7063 0.7063 -0.0463
vn 0.2588 0.9658 -0.0170
vn -0.2588 0.9658 0.0170
vn -0.7063 0.7063 0.0463
vn -0.9640 0.2583 0.0632
vn -0.9640 -0.2583 0.0632
vn -0.7063 -0.7063 0.0463
vn -0.2588 -0.9658 0.0170
vn 0.2588 -0.9658 -0.0170
vn 0.7063 -0.7063 -0.0463
vn 0.9640 -0.2583 -0.0632
vn 0.9475 0.2583 -0.1885
vn 0.6943 0.7063 -0.1381
vn 0.2544 0.9658 -0.0506
vn -0.2544 0.9658 0.0506
vn -0.6943 0.7063 0.1381
vn -0.9475 0.2583 0.1885
vn -0.9475 -0.2583 0.1885
vn -0.6943 -0.7063 0.1381
vn -0.2544 -0.9658 0.0506
vn 0.2544 -0.9658 -0.0506
vn 0.6943 -0.7063 -0.1381
vn 0.9475 -0.2583 -0.1885
vn 0.9148 0.2583 -0.3105
vn 0.6703 0.7063 -0.2275
vn 0.2456 0.9658 -0.0834
vn -0.2456 0.9658 0.0834
vn -0.6703 0.7063 0.2275
vn -0.9148 0.2583 0.3105
vn -0.9148 -0.2583 0.3105
vn -0.6703 -0.7063 0.2275
vn -0.2456 -0.9658 0.0834
vn 0.2456 -0.9658 -0.0834
vn 0.6703 -0.7063 -0.2275
vn 0.9148 -0.2583 -0.3105
vn 0.8664 0.2583 -0.4273
vn 0.6349 0.7063 -0.3131
vn 0.2326 0.9658 -0.1147
vn -0.2326 0.9658 0.1147
vn -0.6349 0.7063 0.3131
vn -0.8664 0.2583 0.4273
vn -0.8664 -0.2583 0.4273
vn -0.6349 -0.7063 0.3131
vn -0.2326 -0.9658 0.1147
vn 0.2326 -0.9658 -0.1147
vn 0.6349 -0.7063 -0.3131
vn 0.8664 -0.2583 -0.4273
vn 0.8033 0.2583 -0.5367
vn 0.5886 0.7063 -0.3933
vn 0.2156 0.9658 -0.1441
vn -0.2156 0.9658 0.1441
vn -0.5886 0.7063 0.3933
vn -0.8033 0.2583 0.5367
vn -0.8033 -0.2583 0.5367
vn -0.5886 -0.7063 0.3933
vn -0.2156 -0.9658 0.1441
vn 0.2156 -0.9658 -0.1441
vn 0.5886 -0.7063 -0.3933
vn 0.8033 -0.2583 -0.5367
vn 0.7263 0.2583 -0.6370
vn 0.5322 0.7063 -0.4667
vn 0.1950 0.9658 -0.1710
vn -0.1950 0.9658 0.1710
vn -0.5322 0.7063 0.4667
vn -0.7263 0.2583 0.6370
vn -0.7263 -0.2583 0.6370
vn -0.5322 -0.7063 0.4667
vn -0.1950 -0.9658 0.1710
vn 0.1950 -0.9658 -0.1710
vn 0.5322 -0.7063 -0.4667
vn 0.7263 -0.2583 -0.6370
vn 0.6370 0.2583 -0.7263
vn 0.4667 0.7063 -0.5322
vn 0.1710 0.9658 -0.1950
vn -0.1710 0.9658 0.1950
vn -0.4667 0.7063 0.5322
vn -0.6370 0.2583 0.7263
vn -0.6370 -0.2583 0.7263
vn -0.4667 -0.7063 0.5322
vn -0.1710 -0.9658 0.1950
vn 0.1710 -0.9658 -0.1950
vn 0.4667 -0.7063 -0.5322
vn 0.6370 -0.2583 -0.7263
vn 0.5367 0.2583 -0.8033
vn 0.3933 0.7063 -0.5886
vn 0.1441 0.9658 -0.2156
vn -0.1441 0.9658 0.2156
vn -0.3933 0.7063 0.5886
vn -0.5367 0.2583 0.8033
vn -0.5367 -0.2583 0.8033
vn -0.3933 -0.7063 0.5886
vn -0.1441 -0.9658 0.2156
vn 0.1441 -0.9658 -0.2156
vn 0.3933 -0.7063 -0.5886
vn 0.5367 -0.2583 -0.8033
vn 0.4273 0.2583 -0.8664
vn 0.3131 0.7063 -0.6349
vn 0.1147 0.9658 -0.2326
vn -0.1147 0.9658 0.2326
vn -0.3131 0.7063 0.6349
vn -0.4273 0.2583 0.8664
vn -0.4273 -0.2583 0.8664
vn -0.3131 -0.7063 0.6349
vn -0.1147 -0.9658 0.2326
vn 0.1147 -0.9658 -0.2326
vn 0.3131 -0.7063 -0.6349
vn 0.4273 -0.2583 -0.8664
vn 0.3105 0.2583 -0.9148
vn 0.2275 0.7063 -0.6703
vn 0.0834 0.9658 -0.2456
vn -0.0834 0.9658 0.2456
vn -0.2275 0.7063 0.6703
vn -0.3105 0.2583 0.9148
vn -0.3105 -0.2583 0.9148
vn -0.2275 -0.7063 0.6703
vn -0.0834 -0.9658 0.2456
vn 0.0834 -0.9658 -0.2456
vn 0.2275 -0.7063 -0.6703
vn 0.3105 -0.2583 -0.9148
vn 0.1885 0.2583 -0.9475
vn 0.1381 0.7063 -0.6943
vn 0.0506 0.9658 -0.2544
vn -0.0506 0.9658 0.2544
vn -0.1381 0.7063 0.6943
vn -0.1885 0.2583 0.9475
vn -0.1885 -0.2583 0.9475
vn -0.1381 -0.7063 0.6943
vn -0.0506 -0.9658 0.2544
vn 0.0506 -0.9658 -0.2544
vn 0.1381 -0.7063 -0.6943
vn 0.1885 -0.2583 -0.9475
vn 0.0632 0.2583 -0.9640
vn 0.0463 0.7063 -0.7063
vn 0.0170 0.9658 -0.2588
vn -0.0170 0.9658 0.2588
vn -0.0463 0.7063 0.7063
vn -0.0632 0.2583 0.9640
vn -0.0632 -0.2583 0.9640
vn -0.0463 -0.7063 0.7063
vn -0.0170 -0.9658 0.2588
vn 0.0170 -0.9658 -0.2588
vn 0.0463 -0.7063 -0.7063
vn 0.0632 -0.2583 -0.9640
vn -0.0632 0.2583 -0.9640
vn -0.0463 0.7063 -0.7063
vn -0.0170 0.9658 -0.2588
vn 0.0170 0.9658 0.2588
vn 0.0463 0.7063 0.7063
vn 0.0632 0.2583 0.9640
vn 0.0632 -0.2583 0.9640
vn 0.0463 -0.7063 0.7063
vn 0.0170 -0.9658 0.2588
vn -0.0170 -0.9658 -0.2588
vn -0.0463 -0.7063 -0.7063
vn -0.0632 -0.2583 -0.9640
vn -0.1885 0.2583 -0.9475
vn -0.1381 0.7063 -0.6943
vn -0.0506 0.9658 -0.2544
vn 0.0506 0.9658 0.2544
vn 0.1381 0.7063 0.6943
vn 0.1885 0.2583 0.9475
vn 0.1885 -0.2583 0.9475
vn 0.1381 -0.7063 0.6943
vn 0.0506 -0.9658 0.2544
vn -0.0506 -0.9658 -0.2544
vn -0.1381 -0.7063 -0.6943
vn -0.1885 -0.2583 -0.9475
vn -0.3105 0.2583 -0.9148
vn -0.2275 0.7063 -0.6703
vn -0.0834 0.9658 -0.2456
vn 0.0834 0.9658 0.2456
vn 0.2275 0.7063 0.6703
vn 0.3105 0.2583 0.9148
vn 0.3105 -0.2583 0.9148
vn 0.2275 -0.7063 0.6703
vn 0.0834 -0.9658 0.2456
vn -0.0834 -0.9658 -0.2456
vn -0.2275 -0.7063 -0.6703
vn -0.3105 -0.2583 -0.9148
vn -0.4273 0.2583 -0.8664
vn -0.3131 0.7063 -0.6349
vn -0.1147 0.9658 -0.2326
vn 0.1147 0.9658 0.2326
vn 0.3131 0.7063 0.6349
vn 0.4273 0.2583 0.8664
vn 0.4273 -0.2583 0.8664
vn 0.3131 -0.7063 0.6349
vn 0.1147 -0.9658 0.2326
vn -0.1147 -0.9658 -0.2326
vn -0.3131 -0.7063 -0.6349
vn -0.4273 -0.2583 -0.8664
vn -0.5367 0.2583 -0.8033
vn -0.3933 0.7063 -0.5886
vn -0.1441 0.9658 -0.2156
vn 0.1441 0.9658 0.2156
vn 0.3933 0.7063 0.5886
vn 0.5367 0.2583 0.8033
vn 0.5367 -0.2583 0.8033
vn 0.3933 -0.7063 0.5886
vn 0.1441 -0.9658 0.2156
vn -0.1441 -0.9658 -0.2156
vn -0.3933 -0.7063 -0.5886
vn -0.5367 -0.2583 -0.8033
vn -0.6370 0.2583 -0.7263
vn -0.4667 0.7063 -0.5322
vn -0.1710 0.9658 -0.1950
vn 0.1710 0.9658 0.1950
vn 0.4667 0.7063 0.5322
vn 0.6370 0.2583 0.7263
vn 0.6370 -0.2583 0.7263
vn 0.4667 -0.7063 0.5322
vn 0.1710 -0.9658 0.1950
vn -0.1710 -0.9658 -0.1950
vn -0.4667 -0.7063 -0.5322
vn -0.6370 -0.2583 -0.7263
vn -0.7263 0.2583 -0.6370
vn -0.5322 0.7063 -0.4667
vn -0.1950 0.9658 -0.1710
vn 0.1950 0.9658 0.1710
vn 0.5322 0.7063 0.4667
vn 0.7263 0.2583 0.6370
vn 0.7263 -0.2583 0.6370
vn 0.5322 -0.7063 0.4667
vn 0.1950 -0.9658 0.1710
vn -0.1950 -0.9658 -0.1710
vn -0.5322 -0.7063 -0.4667
vn -0.7263 -0.2583 -0.6370
vn -0.8033 0.2583 -0.5367
vn -0.5886 0.7063 -0.3933
vn -0.2156 0.9658 -0.1441
vn 0.2156 0.9658 0.1441
vn 0.5886 0.7063 0.3933
vn 0.8033 0.2583 0.5367
vn 0.8033 -0.2583 0.5367
vn 0.5886 -0.7063 0.3933
vn 0.2156 -0.9658 0.1441
vn -0.2156 -0.9658 -0.1441
vn -0.5886 -0.7063 -0.3933
vn -0.8033 -0.2583 -0.5367
vn -0.8664 0.2583 -0.4273
vn -0.6349 0.7063 -0.3131
vn -0.2326 0.9658 -0.1147
vn 0.2326 0.9658 0.1147
vn 0.6349 0.7063 0.3131
vn 0.8664 0.2583 0.4273
vn 0.8664 -0.2583 0.4273
vn 0.6349 -0.7063 0.3131
vn 0.2326 -0.9658 0.1147
vn -0.2326 -0.9658 -0.1147
vn -0.6349 -0.7063 -0.3131
vn -0.8664 -0.2583 -0.4273
vn -0.9148 0.2583 -0.3105
vn -0.6703 0.7063 -0.2275
vn -0.2456 0.9658 -0.0834
vn 0.2456 0.9658 0.0834
vn 0.6703 0.7063 0.2275
vn 0.9148 0.2583 0.3105
vn 0.9148 -0.2583 0.3105
vn 0.6703 -0.7063 0.2275
vn 0.2456 -0.9658 0.0834
vn -0.2456 -0.9658 -0.0834
vn -0.6703 -0.7063 -0.2275
vn -0.9148 -0.2583 -0.3105
vn -0.9475 0.2583 -0.1885
vn -0.6943 0.7063 -0.1381
vn -0.2544 0.9658 -0.0506
vn 0.2544 0.9658 0.0506
vn 0.6943 0.7063 0.1381
vn 0.9475 0.2583 0.1885
vn 0.9475 -0.2583 0.1885
vn 0.6943 -0.7063 0.1381
vn 0.2544 -0.9658 0.0506
vn -0.2544 -0.9658 -0.0506
vn -0.6943 -0.7063 -0.1381
vn -0.9475 -0.2583 -0.1885
vn -0.9640 0.2583 -0.0632
vn -0.7063 0.7063 -0.0463
vn -0.2588 0.9658 -0.0170
vn 0.2588 0.9658 0.0170
vn 0.7063 0.7063 0.0463
vn 0.9640 0.2583 0.0632
vn 0.9640 -0.2583 0.0632
vn 0.7063 -0.7063 0.0463
vn 0.2588 -0.9658 0.0170
vn -0.2588 -0.9658 -0.0170
vn -0.7063 -0.7063 -0.0463
vn -0.9640 -0.2583 -0.0632
vt 0.520833 0.500000
vt 0.500000 0.583333
vt 0.500000 0.500000
vt 0.520833 0.666667
vt 0.500000 0.666667
vt 0.500000 0.750000
vt 0.520833 0.750000
vt 0.500000 0.833333
vt 0.520833 0.833333
vt 0.500000 0.916667
vt 0.520833 1.000000
vt 0.500000 1.000000
vt 0.520833 0.000000
vt 0.500000 0.083333
vt 0.500000 0.000000
vt 0.520833 0.083333
vt 0.500000 0.166667
vt 0.520833 0.166667
vt 0.500000 0.250000
vt 0.520833 0.250000
vt 0.500000 0.333333
vt 0.520833 0.333333
vt 0.500000 0.416667
vt 0.520833 0.416667
vt 0.541667 0.500000
vt 0.520833 0.583333
vt 0.541667 0.583333
vt 0.541667 0.666667
vt 0.541667 0.750000
vt 0.541667 0.916667
vt 0.520833 0.916667
vt 0.541667 0.000000
vt 0.541667 0.083333
vt 0.541667 0.250000
vt 0.541667 0.333333
vt 0.541667 0.416667
vt 0.562500 0.583333
vt 0.562500 0.666667
vt 0.562500 0.833333
vt 0.541667 0.833333
vt 0.562500 0.916667
vt 0.562500 1.000000
vt 0.541667 1.000000
vt 0.562500 0.000000
vt 0.562500 0.083333
vt 0.541667 0.166667
vt 0.562500 0.250000
vt 0.562500 0.333333
vt 0.562500 0.416667
vt 0.562500 0.500000
vt 0.583333 0.583333
vt 0.583333 0.666667
vt 0.583333 0.750000
vt 0.562500 0.750000
vt 0.583333 0.916667
vt 0.583333 0.000000
vt 0.583333 0.083333
vt 0.562500 0.166667
vt 0.583333 0.250000
vt 0.583333 0.333333
vt 0.583333 0.416667
vt 0.604167 0.500000
vt 0.583333 0.500000
vt 0.604167 0.666667
vt 0.604167 0.750000
vt 0.583333 0.833333
vt 0.604167 0.916667
vt 0.583333 1.000000
vt 0.604167 0.000000
vt 0.604167 0.083333
vt 0.583333 0.166667
vt 0.604167 0.166667
vt 0.604167 0.250000
vt 0.604167 0.333333
vt 0.625000 0.500000
vt 0.604167 0.583333
vt 0.625000 0.583333
vt 0.625000 0.666667
vt 0.625000 0.750000
vt 0.604167 0.833333
vt 0.625000 0.833333
vt 0.625000 0.916667
vt 0.604167 1.000000
vt 0.625000 0.083333
vt 0.625000 0.166667
vt 0.625000 0.250000
vt 0.625000 0.416667
vt 0.604167 0.416667
vt 0.645833 0.500000
vt 0.645833 0.666667
vt 0.645833 0.750000
vt 0.645833 0.916667
vt 0.625000 1.000000
vt 0.645833 0.000000
vt 0.625000 0.000000
vt 0.645833 0.083333
vt 0.645833 0.250000
vt 0.645833 0.333333
vt 0.625000 0.333333
vt 0.645833 0.416667
vt 0.666667 0.500000
vt 0.645833 0.583333
vt 0.666667 0.666667
vt 0.666667 0.750000
vt 0.645833 0.833333
vt 0.666667 0.916667
vt 0.645833 1.000000
vt 0.666667 0.000000
vt 0.666667 0.083333
vt 0.645833 0.166667
vt 0.666667 0.166667
vt 0.666667 0.250000
vt 0.666667 0.333333
vt 0.666667 0.416667
vt 0.687500 0.583333
vt 0.666667 0.583333
vt 0.687500 0.666667
vt 0.687500 0.750000
vt 0.666667 0.833333
vt 0.687500 0.833333
vt 0.687500 0.916667
vt 0.666667 1.000000
vt 0.687500 0.000000
vt 0.687500 0.083333
vt 0.687500 0.250000
vt 0.687500 0.333333
vt 0.687500 0.416667
vt 0.708333 0.500000
vt 0.687500 0.500000
vt 0.708333 0.583333
vt 0.708333 0.666667
vt 0.708333 0.750000
vt 0.708333 0.916667
vt 0.687500 1.000000
vt 0.708333 0.000000
vt 0.708333 0.083333
vt 0.687500 0.166667
vt 0.708333 0.166667
vt 0.708333 0.250000
vt 0.708333 0.333333
vt 0.708333 0.416667
vt 0.729167 0.500000
vt 0.729167 0.583333
vt 0.729167 0.750000
vt 0.708333 0.833333
vt 0.729167 0.833333
vt 0.729167 0.916667
vt 0.708333 1.000000
vt 0.729167 0.083333
vt 0.729167 0.250000
vt 0.729167 0.333333
vt 0.729167 0.416667
vt 0.750000 0.500000
vt 0.750000 0.583333
vt 0.729167 0.666667
vt 0.750000 0.666667
vt 0.750000 0.833333
vt 0.750000 0.916667
vt 0.729167 1.000000
vt 0.750000 0.000000
vt 0.729167 0.000000
vt 0.750000 0.083333
vt 0.729167 0.166667
vt 0.750000 0.166667
vt 0.750000 0.250000
vt 0.750000 0.333333
vt 0.770833 0.500000
vt 0.770833 0.583333
vt 0.770833 0.666667
vt 0.750000 0.750000
vt 0.770833 0.750000
vt 0.770833 0.833333
vt 0.770833 0.916667
vt 0.750000 1.000000
vt 0.770833 0.083333
vt 0.770833 0.250000
vt 0.770833 0.333333
vt 0.770833 0.416667
vt 0.750000 0.416667
vt 0.791667 0.500000
vt 0.791667 0.666667
vt 0.791667 0.750000
vt 0.791667 0.833333
vt 0.791667 0.916667
vt 0.770833 1.000000
vt 0.791667 0.000000
vt 0.770833 0.000000
vt 0.791667 0.083333
vt 0.770833 0.166667
vt 0.791667 0.166667
vt 0.791667 0.250000
vt 0.791667 0.333333
vt 0.791667 0.416667
vt 0.812500 0.500000
vt 0.791667 0.583333
vt 0.812500 0.583333
vt 0.812500 0.666667
vt 0.812500 0.833333
vt 0.812500 0.916667
vt 0.791667 1.000000
vt 0.812500 0.000000
vt 0.812500 0.083333
vt 0.812500 0.250000
vt 0.812500 0.416667
vt 0.833333 0.500000
vt 0.833333 0.666667
vt 0.812500 0.750000
vt 0.833333 0.750000
vt 0.833333 0.833333
vt 0.833333 0.916667
vt 0.812500 1.000000
vt 0.833333 0.000000
vt 0.833333 0.083333
vt 0.812500 0.166667
vt 0.833333 0.166667
vt 0.833333 0.250000
vt 0.812500 0.333333
vt 0.833333 0.333333
vt 0.833333 0.416667
vt 0.854167 0.500000
vt 0.833333 0.583333
vt 0.854167 0.583333
vt 0.854167 0.666667
vt 0.854167 0.750000
vt 0.854167 0.833333
vt 0.854167 1.000000
vt 0.833333 1.000000
vt 0.854167 0.000000
vt 0.854167 0.166667
vt 0.854167 0.250000
vt 0.854167 0.333333
vt 0.854167 0.416667
vt 0.875000 0.500000
vt 0.875000 0.583333
vt 0.875000 0.750000
vt 0.875000 0.833333
vt 0.854167 0.916667
vt 0.875000 0.916667
vt 0.875000 0.000000
vt 0.854167 0.083333
vt 0.875000 0.166667
vt 0.875000 0.250000
vt 0.875000 0.333333
vt 0.875000 0.416667
vt 0.895833 0.500000
vt 0.895833 0.583333
vt 0.875000 0.666667
vt 0.895833 0.666667
vt 0.895833 0.833333
vt 0.895833 0.916667
vt 0.875000 1.000000
vt 0.895833 0.000000
vt 0.875000 0.083333
vt 0.895833 0.166667
vt 0.895833 0.250000
vt 0.895833 0.416667
vt 0.916667 0.583333
vt 0.916667 0.750000
vt 0.895833 0.750000
vt 0.916667 0.833333
vt 0.916667 0.916667
vt 0.895833 1.000000
vt 0.916667 0.000000
vt 0.895833 0.083333
vt 0.916667 0.083333
vt 0.916667 0.250000
vt 0.895833 0.333333
vt 0.916667 0.333333
vt 0.916667 0.416667
vt 0.937500 0.500000
vt 0.916667 0.500000
vt 0.937500 0.583333
vt 0.916667 0.666667
vt 0.937500 0.666667
vt 0.937500 0.833333
vt 0.937500 0.916667
vt 0.916667 1.000000
vt 0.937500 0.083333
vt 0.916667 0.166667
vt 0.937500 0.166667
vt 0.937500 0.250000
vt 0.937500 0.416667
vt 0.958333 0.583333
vt 0.958333 0.666667
vt 0.937500 0.750000
vt 0.958333 0.833333
vt 0.958333 0.916667
vt 0.937500 1.000000
vt 0.958333 0.000000
vt 0.937500 0.000000
vt 0.958333 0.083333
vt 0.958333 0.166667
vt 0.958333 0.333333
vt 0.937500 0.333333
vt 0.958333 0.416667
vt 0.979167 0.500000
vt 0.958333 0.500000
vt 0.979167 0.583333
vt 0.979167 0.666667
vt 0.958333 0.750000
vt 0.979167 0.750000
vt 0.979167 0.833333
vt 0.979167 0.916667
vt 0.958333 1.000000
vt 0.979167 0.000000
vt 0.979167 0.166667
vt 0.979167 0.250000
vt 0.958333 0.250000
vt 0.979167 0.333333
vt 0.979167 0.416667
vt 1.000000 0.583333
vt 1.000000 0.666667
vt 1.000000 0.750000
vt 1.000000 0.833333
vt 1.000000 0.916667
vt 0.979167 1.000000
vt 1.000000 0.000000
vt 0.979167 0.083333
vt 1.000000 0.166667
vt 1.000000 0.250000
vt 1.000000 0.333333
vt 1.000000 0.416667
vt 0.020833 0.500000
vt 0.000000 0.583333
vt 0.000000 0.500000
vt 0.020833 0.583333
vt 0.000000 0.666667
vt 0.020833 0.666667
vt 0.000000 0.750000
vt 0.020833 0.750000
vt 0.000000 0.833333
vt 0.020833 0.833333
vt 0.000000 0.916667
vt 0.020833 0.916667
vt 0.000000 1.000000
vt 0.000000 0.000000
vt 0.020833 0.083333
vt 0.000000 0.083333
vt 0.000000 0.166667
vt 0.020833 0.250000
vt 0.000000 0.250000
vt 0.020833 0.333333
vt 0.000000 0.333333
vt 0.020833 0.416667
vt 0.000000 0.416667
vt 0.041667 0.583333
vt 0.041667 0.666667
vt 0.041667 0.750000
vt 0.041667 0.833333
vt 0.041667 0.916667
vt 0.020833 1.000000
vt 0.041667 0.000000
vt 0.020833 0.000000
vt 0.041667 0.083333
vt 0.020833 0.166667
vt 0.041667 0.166667
vt 0.041667 0.250000
vt 0.041667 0.333333
vt 0.041667 0.500000
vt 0.062500 0.500000
vt 0.062500 0.583333
vt 0.062500 0.750000
vt 0.062500 0.833333
vt 0.062500 0.916667
vt 0.041667 1.000000
vt 0.062500 0.000000
vt 0.062500 0.166667
vt 0.062500 0.250000
vt 0.062500 0.416667
vt 0.041667 0.416667
vt 0.083333 0.500000
vt 0.083333 0.583333
vt 0.062500 0.666667
vt 0.083333 0.666667
vt 0.083333 0.750000
vt 0.083333 0.833333
vt 0.083333 1.000000
vt 0.062500 1.000000
vt 0.083333 0.000000
vt 0.062500 0.083333
vt 0.083333 0.083333
vt 0.083333 0.166667
vt 0.083333 0.333333
vt 0.062500 0.333333
vt 0.083333 0.416667
vt 0.104167 0.500000
vt 0.104167 0.583333
vt 0.104167 0.666667
vt 0.104167 0.833333
vt 0.083333 0.916667
vt 0.104167 0.916667
vt 0.104167 0.000000
vt 0.104167 0.166667
vt 0.083333 0.250000
vt 0.104167 0.250000
vt 0.104167 0.416667
vt 0.125000 0.500000
vt 0.125000 0.666667
vt 0.104167 0.750000
vt 0.125000 0.750000
vt 0.125000 0.833333
vt 0.125000 0.916667
vt 0.104167 1.000000
vt 0.125000 0.000000
vt 0.104167 0.083333
vt 0.125000 0.083333
vt 0.125000 0.250000
vt 0.104167 0.333333
vt 0.125000 0.333333
vt 0.125000 0.416667
vt 0.145833 0.583333
vt 0.125000 0.583333
vt 0.145833 0.666667
vt 0.145833 0.833333
vt 0.145833 0.916667
vt 0.125000 1.000000
vt 0.145833 0.000000
vt 0.145833 0.083333
vt 0.125000 0.166667
vt 0.145833 0.166667
vt 0.145833 0.250000
vt 0.145833 0.333333
vt 0.145833 0.416667
vt 0.145833 0.500000
vt 0.166667 0.583333
vt 0.166667 0.666667
vt 0.145833 0.750000
vt 0.166667 0.750000
vt 0.166667 0.916667
vt 0.145833 1.000000
vt 0.166667 0.000000
vt 0.166667 0.083333
vt 0.166667 0.166667
vt 0.166667 0.333333
vt 0.166667 0.416667
vt 0.187500 0.500000
vt 0.166667 0.500000
vt 0.187500 0.583333
vt 0.187500 0.666667
vt 0.187500 0.750000
vt 0.166667 0.833333
vt 0.187500 0.833333
vt 0.187500 0.916667
vt 0.166667 1.000000
vt 0.187500 0.000000
vt 0.187500 0.083333
vt 0.187500 0.250000
vt 0.166667 0.250000
vt 0.187500 0.416667
vt 0.208333 0.500000
vt 0.208333 0.583333
vt 0.208333 0.666667
vt 0.208333 0.750000
vt 0.208333 0.916667
vt 0.187500 1.000000
vt 0.208333 0.000000
vt 0.208333 0.083333
vt 0.187500 0.166667
vt 0.208333 0.166667
vt 0.208333 0.250000
vt 0.187500 0.333333
vt 0.208333 0.416667
vt 0.229167 0.500000
vt 0.229167 0.666667
vt 0.229167 0.750000
vt 0.208333 0.833333
vt 0.229167 0.916667
vt 0.208333 1.000000
vt 0.229167 0.000000
vt 0.229167 0.083333
vt 0.229167 0.250000
vt 0.208333 0.333333
vt 0.229167 0.333333
vt 0.229167 0.416667
vt 0.250000 0.500000
vt 0.229167 0.583333
vt 0.250000 0.583333
vt 0.250000 0.750000
vt 0.250000 0.833333
vt 0.229167 0.833333
vt 0.250000 1.000000
vt 0.229167 1.000000
vt 0.250000 0.000000
vt 0.250000 0.083333
vt 0.229167 0.166667
vt 0.250000 0.166667
vt 0.250000 0.250000
vt 0.250000 0.333333
vt 0.250000 0.416667
vt 0.270833 0.583333
vt 0.250000 0.666667
vt 0.270833 0.666667
vt 0.270833 0.750000
vt 0.270833 0.833333
vt 0.250000 0.916667
vt 0.270833 0.916667
vt 0.270833 0.000000
vt 0.270833 0.166667
vt 0.270833 0.250000
vt 0.270833 0.333333
vt 0.270833 0.416667
vt 0.291667 0.500000
vt 0.270833 0.500000
vt 0.291667 0.583333
vt 0.291667 0.666667
vt 0.291667 0.750000
vt 0.291667 0.833333
vt 0.291667 1.000000
vt 0.270833 1.000000
vt 0.291667 0.000000
vt 0.270833 0.083333
vt 0.291667 0.083333
vt 0.291667 0.250000
vt 0.291667 0.333333
vt 0.291667 0.416667
vt 0.312500 0.500000
vt 0.312500 0.583333
vt 0.312500 0.666667
vt 0.312500 0.750000
vt 0.312500 0.833333
vt 0.291667 0.916667
vt 0.312500 0.916667
vt 0.312500 0.000000
vt 0.312500 0.083333
vt 0.291667 0.166667
vt 0.312500 0.166667
vt 0.312500 0.333333
vt 0.312500 0.416667
vt 0.333333 0.500000
vt 0.333333 0.583333
vt 0.333333 0.750000
vt 0.333333 0.833333
vt 0.333333 0.916667
vt 0.312500 1.000000
vt 0.333333 0.000000
vt 0.333333 0.083333
vt 0.333333 0.166667
vt 0.312500 0.250000
vt 0.333333 0.250000
vt 0.333333 0.333333
vt 0.354167 0.583333
vt 0.333333 0.666667
vt 0.354167 0.666667
vt 0.354167 0.750000
vt 0.354167 0.833333
vt 0.354167 0.916667
vt 0.333333 1.000000
vt 0.354167 0.000000
vt 0.354167 0.083333
vt 0.354167 0.166667
vt 0.354167 0.250000
vt 0.354167 0.416667
vt 0.333333 0.416667
vt 0.354167 0.500000
vt 0.375000 0.583333
vt 0.375000 0.750000
vt 0.375000 0.833333
vt 0.375000 0.916667
vt 0.354167 1.000000
vt 0.375000 0.000000
vt 0.375000 0.083333
vt 0.375000 0.166667
vt 0.375000 0.250000
vt 0.354167 0.333333
vt 0.375000 0.416667
vt 0.375000 0.500000
vt 0.395833 0.583333
vt 0.375000 0.666667
vt 0.395833 0.750000
vt 0.395833 0.833333
vt 0.395833 0.916667
vt 0.375000 1.000000
vt 0.395833 0.000000
vt 0.395833 0.166667
vt 0.395833 0.250000
vt 0.375000 0.333333
vt 0.395833 0.333333
vt 0.395833 0.416667
vt 0.416667 0.500000
vt 0.395833 0.500000
vt 0.416667 0.583333
vt 0.395833 0.666667
vt 0.416667 0.666667
vt 0.416667 0.750000
vt 0.416667 0.833333
vt 0.416667 0.916667
vt 0.395833 1.000000
vt 0.416667 0.000000
vt 0.395833 0.083333
vt 0.416667 0.166667
vt 0.416667 0.250000
vt 0.416667 0.416667
vt 0.437500 0.500000
vt 0.437500 0.583333
vt 0.437500 0.750000
vt 0.437500 0.833333
vt 0.437500 0.916667
vt 0.416667 1.000000
vt 0.437500 0.000000
vt 0.416667 0.083333
vt 0.437500 0.083333
vt 0.437500 0.166667
vt 0.437500 0.250000
vt 0.416667 0.333333
vt 0.437500 0.333333
vt 0.437500 0.416667
vt 0.458333 0.500000
vt 0.458333 0.583333
vt 0.437500 0.666667
vt 0.458333 0.666667
vt 0.458333 0.750000
vt 0.458333 0.833333
vt 0.458333 0.916667
vt 0.437500 1.000000
vt 0.458333 0.000000
vt 0.458333 0.166667
vt 0.458333 0.250000
vt 0.458333 0.333333
vt 0.458333 0.416667
vt 0.479167 0.583333
vt 0.479167 0.666667
vt 0.479167 0.750000
vt 0.479167 0.833333
vt 0.479167 1.000000
vt 0.458333 1.000000
vt 0.479167 0.000000
vt 0.458333 0.083333
vt 0.479167 0.083333
vt 0.479167 0.250000
vt 0.479167 0.333333
vt 0.479167 0.416667
vt 0.479167 0.500000
vt 0.479167 0.916667
vt 0.479167 0.166667
vt 1.000000 0.500000
vt 1.000000 1.000000
vt 1.000000 0.083333
s 0
f 646/836/685 635/837/685 634/838/685
f 635/837/686 648/839/686 636/840/686
f 648/839/687 637/841/687 636/840/687
f 649/842/688 638/843/688 637/841/688
f 650/844/689 639/845/689 638/843/689
f 639/845/690 652/846/690 640/847/690
f 652/848/691 641/849/691 640/850/691
f 653/851/692 642/852/692 641/849/692
f 654/853/693 643/854/693 642/852/693
f 655/855/694 644/856/694 643/854/694
f 656/857/695 645/858/695 644/856/695
f 657/859/696 634/838/696 645/858/696
f 658/860/697 647/861/697 646/836/697
f 659/862/698 648/839/698 647/861/698
f 660/863/699 649/842/699 648/839/699
f 661/864/700 650/844/700 649/842/700
f 650/844/701 663/865/701 651/866/701
f 663/865/702 652/846/702 651/866/702
f 664/867/703 653/851/703 652/848/703
f 665/868/704 654/853/704 653/851/704
f 654/853/705 667/869/705 655/855/705
f 655/855/706 668/870/706 656/857/706
f 656/857/707 669/871/707 657/859/707
f 669/871/708 646/836/708 657/859/708
f 658/860/709 671/872/709 659/862/709
f 671/872/710 660/863/710 659/862/710
f 672/873/711 661/864/711 660/863/711
f 661/864/712 674/874/712 662/875/712
f 662/875/713 675/876/713 663/865/713
f 663/865/714 676/877/714 664/878/714
f 676/879/715 665/868/715 664/867/715
f 677/880/716 666/881/716 665/868/716
f 666/881/717 679/882/717 667/869/717
f 667/869/718 680/883/718 668/870/718
f 668/870/719 681/884/719 669/871/719
f 681/884/720 658/860/720 669/871/720
f 670/885/721 683/886/721 671/872/721
f 671/872/722 684/887/722 672/873/722
f 672/873/723 685/888/723 673/889/723
f 685/888/724 674/874/724 673/889/724
f 674/874/725 687/890/725 675/876/725
f 687/890/726 676/877/726 675/876/726
f 688/891/727 677/880/727 676/879/727
f 689/892/728 678/893/728 677/880/728
f 678/893/729 691/894/729 679/882/729
f 691/894/730 680/883/730 679/882/730
f 692/895/731 681/884/731 680/883/731
f 693/896/732 670/885/732 681/884/732
f 694/897/733 683/886/733 682/898/733
f 683/886/734 696/899/734 684/887/734
f 696/899/735 685/888/735 684/887/735
f 697/900/736 686/901/736 685/888/736
f 686/901/737 699/902/737 687/890/737
f 699/902/738 688/903/738 687/890/738
f 700/904/739 689/892/739 688/891/739
f 701/905/740 690/906/740 689/892/740
f 702/907/741 691/894/741 690/906/741
f 703/908/742 692/895/742 691/894/742
f 704/909/743 693/896/743 692/895/743
f 693/896/744 694/897/744 682/898/744
f 706/910/745 695/911/745 694/897/745
f 707/912/746 696/899/746 695/911/746
f 708/913/747 697/900/747 696/899/747
f 709/914/748 698/915/748 697/900/748
f 710/916/749 699/902/749 698/915/749
f 711/917/750 700/918/750 699/902/750
f 700/904/751 713/919/751 701/905/751
f 713/919/752 702/907/752 701/905/752
f 714/920/753 703/908/753 702/907/753
f 715/921/754 704/909/754 703/908/754
f 704/909/755 717/922/755 705/923/755
f 717/922/756 694/897/756 705/923/756
f 718/924/757 707/912/757 706/910/757
f 707/912/758 720/925/758 708/913/758
f 720/925/759 709/914/759 708/913/759
f 721/926/760 710/916/760 709/914/760
f 710/916/761 723/927/761 711/917/761
f 723/927/762 712/928/762 711/917/762
f 724/929/763 713/919/763 712/930/763
f 725/931/764 714/920/764 713/919/764
f 714/920/765 727/932/765 715/921/765
f 715/921/766 728/933/766 716/934/766
f 728/933/767 717/922/767 716/934/767
f 729/935/768 706/910/768 717/922/768
f 730/936/769 719/937/769 718/924/769
f 719/937/770 732/938/770 720/925/770
f 720/925/771 733/939/771 721/926/771
f 733/939/772 722/940/772 721/926/772
f 722/940/773 735/941/773 723/927/773
f 735/941/774 724/942/774 723/927/774
f 736/943/775 725/931/775 724/929/775
f 737/944/776 726/945/776 725/931/776
f 738/946/777 727/932/777 726/945/777
f 739/947/778 728/933/778 727/932/778
f 740/948/779 729/935/779 728/933/779
f 741/949/780 718/924/780 729/935/780
f 730/936/781 743/950/781 731/951/781
f 743/950/782 732/938/782 731/951/782
f 744/952/783 733/939/783 732/938/783
f 745/953/784 734/954/784 733/939/784
f 746/955/785 735/941/785 734/954/785
f 747/956/786 736/957/786 735/941/786
f 748/958/787 737/944/787 736/943/787
f 749/959/788 738/946/788 737/944/788
f 738/946/789 751/960/789 739/947/789
f 739/947/790 752/961/790 740/948/790
f 752/961/791 741/949/791 740/948/791
f 753/962/792 730/936/792 741/949/792
f 754/963/793 743/950/793 742/964/793
f 755/965/794 744/952/794 743/950/794
f 756/966/795 745/953/795 744/952/795
f 757/967/796 746/955/796 745/953/796
f 746/955/797 759/968/797 747/956/797
f 759/968/798 748/969/798 747/956/798
f 760/970/799 749/959/799 748/958/799
f 761/971/800 750/972/800 749/959/800
f 762/973/801 751/960/801 750/972/801
f 763/974/802 752/961/802 751/960/802
f 764/975/803 753/962/803 752/961/803
f 765/976/804 742/964/804 753/962/804
f 766/977/805 755/965/805 754/963/805
f 767/978/806 756/966/806 755/965/806
f 756/966/807 769/979/807 757/967/807
f 769/979/808 758/980/808 757/967/808
f 770/981/809 759/968/809 758/980/809
f 771/982/810 760/983/810 759/968/810
f 760/970/811 773/984/811 761/971/811
f 773/984/812 762/973/812 761/971/812
f 762/973/813 775/985/813 763/974/813
f 775/985/814 764/975/814 763/974/814
f 776/986/815 765/976/815 764/975/815
f 777/987/816 754/963/816 765/976/816
f 778/988/817 767/978/817 766/977/817
f 779/989/818 768/990/818 767/978/818
f 780/991/819 769/979/819 768/990/819
f 769/979/820 782/992/820 770/981/820
f 770/981/821 783/993/821 771/982/821
f 783/993/822 772/994/822 771/982/822
f 784/995/823 773/984/823 772/996/823
f 785/997/824 774/998/824 773/984/824
f 786/999/825 775/985/825 774/998/825
f 787/1000/826 776/986/826 775/985/826
f 788/1001/827 777/987/827 776/986/827
f 777/987/828 778/988/828 766/977/828
f 790/1002/829 779/989/829 778/988/829
f 791/1003/830 780/991/830 779/989/830
f 792/1004/831 781/1005/831 780/991/831
f 793/1006/832 782/992/832 781/1005/832
f 794/1007/833 783/993/833 782/992/833
f 795/1008/834 784/1009/834 783/993/834
f 784/995/835 797/1010/835 785/997/835
f 797/1010/836 786/999/836 785/997/836
f 786/999/837 799/1011/837 787/1000/837
f 787/1000/838 800/1012/838 788/1001/838
f 788/1001/839 801/1013/839 789/1014/839
f 789/1014/840 790/1002/840 778/988/840
f 802/1015/841 791/1003/841 790/1002/841
f 791/1003/842 804/1016/842 792/1004/842
f 792/1004/843 805/1017/843 793/1006/843
f 805/1017/844 794/1007/844 793/1006/844
f 806/1018/845 795/1008/845 794/1007/845
f 807/1019/846 796/1020/846 795/1008/846
f 808/1021/847 797/1010/847 796/1022/847
f 809/1023/848 798/1024/848 797/1010/848
f 810/1025/849 799/1011/849 798/1024/849
f 811/1026/850 800/1012/850 799/1011/850
f 812/1027/851 801/1013/851 800/1012/851
f 813/1028/852 790/1002/852 801/1013/852
f 814/1029/853 803/1030/853 802/1015/853
f 815/1031/854 804/1016/854 803/1030/854
f 816/1032/855 805/1017/855 804/1016/855
f 805/1017/856 818/1033/856 806/1018/856
f 818/1033/857 807/1019/857 806/1018/857
f 819/1034/858 808/1035/858 807/1019/858
f 820/1036/859 809/1023/859 808/1021/859
f 821/1037/860 810/1025/860 809/1023/860
f 810/1025/861 823/1038/861 811/1026/861
f 823/1038/862 812/1027/862 811/1026/862
f 812/1027/863 825/1039/863 813/1028/863
f 825/1039/864 802/1015/864 813/1028/864
f 826/1040/865 815/1031/865 814/1029/865
f 815/1031/866 828/1041/866 816/1032/866
f 828/1041/867 817/1042/867 816/1032/867
f 829/1043/868 818/1033/868 817/1042/868
f 830/1044/869 819/1034/869 818/1033/869
f 831/1045/870 820/1046/870 819/1034/870
f 832/1047/871 821/1037/871 820/1036/871
f 833/1048/872 822/1049/872 821/1037/872
f 834/1050/873 823/1038/873 822/1049/873
f 835/1051/874 824/1052/874 823/1038/874
f 836/1053/875 825/1039/875 824/1052/875
f 837/1054/876 814/1029/876 825/1039/876
f 838/1055/877 827/1056/877 826/1040/877
f 839/1057/878 828/1041/878 827/1056/878
f 840/1058/879 829/1043/879 828/1041/879
f 841/1059/880 830/1044/880 829/1043/880
f 842/1060/881 831/1045/881 830/1044/881
f 831/1045/882 844/1061/882 832/1062/882
f 844/1063/883 833/1048/883 832/1047/883
f 833/1048/884 846/1064/884 834/1050/884
f 834/1050/885 847/1065/885 835/1051/885
f 835/1051/886 848/1066/886 836/1053/886
f 836/1053/887 849/1067/887 837/1054/887
f 849/1067/888 826/1040/888 837/1054/888
f 850/1068/889 839/1057/889 838/1055/889
f 851/1069/890 840/1058/890 839/1057/890
f 840/1058/891 853/1070/891 841/1059/891
f 853/1070/892 842/1060/892 841/1059/892
f 854/1071/893 843/1072/893 842/1060/893
f 855/1073/894 844/1061/894 843/1072/894
f 856/1074/895 845/1075/895 844/1063/895
f 845/1075/896 858/1076/896 846/1064/896
f 858/1076/897 847/1065/897 846/1064/897
f 859/1077/898 848/1066/898 847/1065/898
f 860/1078/899 849/1067/899 848/1066/899
f 861/1079/900 838/1055/900 849/1067/900
f 862/1080/901 851/1069/901 850/1068/901
f 863/1081/902 852/1082/902 851/1069/902
f 864/1083/903 853/1070/903 852/1082/903
f 853/1070/904 866/1084/904 854/1071/904
f 866/1084/905 855/1073/905 854/1071/905
f 867/1085/906 856/1086/906 855/1073/906
f 868/1087/907 857/1088/907 856/1074/907
f 857/1088/908 870/1089/908 858/1076/908
f 870/1089/909 859/1077/909 858/1076/909
f 871/1090/910 860/1078/910 859/1077/910
f 860/1078/911 873/1091/911 861/1079/911
f 873/1091/912 850/1068/912 861/1079/912
f 862/1080/913 875/1092/913 863/1081/913
f 875/1092/914 864/1083/914 863/1081/914
f 864/1083/915 877/1093/915 865/1094/915
f 877/1093/916 866/1084/916 865/1094/916
f 878/1095/917 867/1085/917 866/1084/917
f 879/1096/918 868/1097/918 867/1085/918
f 880/1098/919 869/1099/919 868/1087/919
f 881/1100/920 870/1089/920 869/1099/920
f 870/1089/921 883/1101/921 871/1090/921
f 883/1101/922 872/1102/922 871/1090/922
f 884/1103/923 873/1091/923 872/1102/923
f 885/1104/924 862/1080/924 873/1091/924
f 886/1105/925 875/1092/925 874/1106/925
f 887/1107/926 876/1108/926 875/1092/926
f 888/1109/927 877/1093/927 876/1108/927
f 877/1093/928 890/1110/928 878/1095/928
f 890/1110/929 879/1096/929 878/1095/929
f 891/1111/930 880/1112/930 879/1096/930
f 880/1098/931 893/1113/931 881/1100/931
f 893/1113/932 882/1114/932 881/1100/932
f 894/1115/933 883/1101/933 882/1114/933
f 895/1116/934 884/1103/934 883/1101/934
f 884/1103/935 897/1117/935 885/1104/935
f 897/1117/936 874/1106/936 885/1104/936
f 886/1105/937 899/1118/937 887/1107/937
f 899/1118/938 888/1109/938 887/1107/938
f 900/1119/939 889/1120/939 888/1109/939
f 889/1120/940 902/1121/940 890/1110/940
f 902/1121/941 891/1111/941 890/1110/941
f 903/1122/942 892/1123/942 891/1111/942
f 904/1124/943 893/1113/943 892/1125/943
f 905/1126/944 894/1115/944 893/1113/944
f 906/1127/945 895/1116/945 894/1115/945
f 895/1116/946 908/1128/946 896/1129/946
f 908/1128/947 897/1117/947 896/1129/947
f 909/1130/948 886/1105/948 897/1117/948
f 910/1131/949 899/1118/949 898/1132/949
f 911/1133/950 900/1119/950 899/1118/950
f 912/1134/951 901/1135/951 900/1119/951
f 913/1136/952 902/1121/952 901/1135/952
f 914/1137/953 903/1122/953 902/1121/953
f 915/1138/954 904/1139/954 903/1122/954
f 916/1140/955 905/1126/955 904/1124/955
f 905/1126/956 918/1141/956 906/1127/956
f 906/1127/957 919/1142/957 907/1143/957
f 907/1143/958 920/1144/958 908/1128/958
f 908/1128/959 921/1145/959 909/1130/959
f 909/1130/960 910/1131/960 898/1132/960
f 910/1131/961 923/1146/961 911/1133/961
f 923/1146/962 912/1134/962 911/1133/962
f 924/1147/963 913/1136/963 912/1134/963
f 925/1148/964 914/1137/964 913/1136/964
f 926/1149/965 915/1138/965 914/1137/965
f 927/1150/966 916/1151/966 915/1138/966
f 928/1152/967 917/1153/967 916/1140/967
f 917/1153/968 930/1154/968 918/1141/968
f 930/1154/969 919/1142/969 918/1141/969
f 931/1155/970 920/1144/970 919/1142/970
f 932/1156/971 921/1145/971 920/1144/971
f 933/1157/972 910/1131/972 921/1145/972
f 934/1158/690 923/1159/690 922/1160/690
f 935/1161/689 924/1162/689 923/1159/689
f 936/1163/688 925/1164/688 924/1162/688
f 937/1165/687 926/1166/687 925/1164/687
f 938/1167/686 927/1168/686 926/1166/686
f 939/1169/685 928/1170/685 927/1168/685
f 928/1171/696 941/1172/696 929/1173/696
f 941/1172/695 930/1174/695 929/1173/695
f 930/1174/694 943/1175/694 931/1176/694
f 931/1176/693 944/1177/693 932/1178/693
f 932/1178/692 945/1179/692 933/1180/692
f 933/1180/691 934/1158/691 922/1160/691
f 934/1158/702 947/1181/702 935/1161/702
f 935/1161/701 948/1182/701 936/1163/701
f 936/1163/700 949/1183/700 937/1165/700
f 937/1165/699 950/1184/699 938/1167/699
f 938/1167/698 951/1185/698 939/1169/698
f 951/1185/697 940/1186/697 939/1169/697
f 952/1187/708 941/1172/708 940/1188/708
f 953/1189/707 942/1190/707 941/1172/707
f 954/1191/706 943/1175/706 942/1190/706
f 955/1192/705 944/1177/705 943/1175/705
f 956/1193/704 945/1179/704 944/1177/704
f 945/1179/703 946/1194/703 934/1158/703
f 958/1195/714 947/1181/714 946/1194/714
f 959/1196/713 948/1182/713 947/1181/713
f 948/1182/712 961/1197/712 949/1183/712
f 961/1197/711 950/1184/711 949/1183/711
f 962/1198/710 951/1185/710 950/1184/710
f 963/1199/709 952/1200/709 951/1185/709
f 964/1201/720 953/1189/720 952/1187/720
f 953/1189/719 966/1202/719 954/1191/719
f 966/1202/718 955/1192/718 954/1191/718
f 967/1203/717 956/1193/717 955/1192/717
f 956/1193/716 969/1204/716 957/1205/716
f 957/1205/715 958/1195/715 946/1194/715
f 970/1206/726 959/1196/726 958/1195/726
f 971/1207/725 960/1208/725 959/1196/725
f 972/1209/724 961/1197/724 960/1208/724
f 973/1210/723 962/1198/723 961/1197/723
f 974/1211/722 963/1199/722 962/1198/722
f 963/1199/721 976/1212/721 964/1213/721
f 976/1214/732 965/1215/732 964/1201/732
f 977/1216/731 966/1202/731 965/1215/731
f 978/1217/730 967/1203/730 966/1202/730
f 967/1203/729 980/1218/729 968/1219/729
f 968/1219/728 981/1220/728 969/1204/728
f 981/1220/727 958/1195/727 969/1204/727
f 982/1221/738 971/1207/738 970/1206/738
f 983/1222/737 972/1209/737 971/1207/737
f 984/1223/736 973/1210/736 972/1209/736
f 973/1210/735 986/1224/735 974/1211/735
f 986/1224/734 975/1225/734 974/1211/734
f 987/1226/733 976/1212/733 975/1225/733
f 988/1227/744 977/1216/744 976/1214/744
f 977/1216/743 990/1228/743 978/1217/743
f 990/1228/742 979/1229/742 978/1217/742
f 991/1230/741 980/1218/741 979/1229/741
f 980/1218/740 993/1231/740 981/1220/740
f 993/1231/739 970/1206/739 981/1220/739
f 994/1232/750 983/1222/750 982/1221/750
f 983/1222/749 996/1233/749 984/1223/749
f 996/1233/748 985/1234/748 984/1223/748
f 997/1235/747 986/1224/747 985/1234/747
f 998/1236/746 987/1226/746 986/1224/746
f 999/1237/745 988/1238/745 987/1226/745
f 1000/1239/756 989/1240/756 988/1227/756
f 1001/1241/755 990/1228/755 989/1240/755
f 990/1228/754 1003/1242/754 991/1230/754
f 1003/1242/753 992/1243/753 991/1230/753
f 1004/1244/752 993/1231/752 992/1243/752
f 1005/1245/751 982/1221/751 993/1231/751
f 994/1232/762 1007/1246/762 995/1247/762
f 995/1247/761 1008/1248/761 996/1233/761
f 1008/1248/760 997/1235/760 996/1233/760
f 997/1235/759 1010/1249/759 998/1236/759
f 1010/1249/758 999/1237/758 998/1236/758
f 1011/1250/757 1000/1251/757 999/1237/757
f 1012/1252/768 1001/1241/768 1000/1239/768
f 1013/1253/767 1002/1254/767 1001/1241/767
f 1014/1255/766 1003/1242/766 1002/1254/766
f 1015/1256/765 1004/1244/765 1003/1242/765
f 1016/1257/764 1005/1245/764 1004/1244/764
f 1017/1258/763 994/1232/763 1005/1245/763
f 1006/1259/774 1019/1260/774 1007/1246/774
f 1019/1260/773 1008/1248/773 1007/1246/773
f 1020/1261/772 1009/1262/772 1008/1248/772
f 1021/1263/771 1010/1249/771 1009/1262/771
f 1010/1249/770 1023/1264/770 1011/1250/770
f 1023/1264/769 1012/1265/769 1011/1250/769
f 1024/1266/780 1013/1253/780 1012/1252/780
f 1025/1267/779 1014/1255/779 1013/1253/779
f 1026/1268/778 1015/1256/778 1014/1255/778
f 1015/1256/777 1028/1269/777 1016/1257/777
f 1016/1257/776 1029/1270/776 1017/1258/776
f 1029/1270/775 1006/1259/775 1017/1258/775
f 1030/1271/786 1019/1260/786 1018/1272/786
f 1031/1273/785 1020/1261/785 1019/1260/785
f 1032/1274/784 1021/1263/784 1020/1261/784
f 1033/1275/783 1022/1276/783 1021/1263/783
f 1034/1277/782 1023/1264/782 1022/1276/782
f 1035/1278/781 1024/1279/781 1023/1264/781
f 1036/1280/792 1025/1267/792 1024/1266/792
f 1037/1281/791 1026/1268/791 1025/1267/791
f 1026/1268/790 1039/1282/790 1027/1283/790
f 1039/1282/789 1028/1269/789 1027/1283/789
f 1028/1269/788 1041/1284/788 1029/1270/788
f 1041/1284/787 1018/1272/787 1029/1270/787
f 1042/1285/798 1031/1273/798 1030/1271/798
f 1043/1286/797 1032/1274/797 1031/1273/797
f 1044/1287/796 1033/1275/796 1032/1274/796
f 1045/1288/795 1034/1277/795 1033/1275/795
f 1034/1277/794 1047/1289/794 1035/1278/794
f 1047/1289/793 1036/1290/793 1035/1278/793
f 1048/1291/804 1037/1281/804 1036/1280/804
f 1049/1292/803 1038/1293/803 1037/1281/803
f 1050/1294/802 1039/1282/802 1038/1293/802
f 1051/1295/801 1040/1296/801 1039/1282/801
f 1040/1296/800 1053/1297/800 1041/1284/800
f 1053/1297/799 1030/1271/799 1041/1284/799
f 1054/1298/810 1043/1286/810 1042/1285/810
f 1043/1286/809 1056/1299/809 1044/1287/809
f 1056/1299/808 1045/1288/808 1044/1287/808
f 1057/1300/807 1046/1301/807 1045/1288/807
f 1046/1301/806 1059/1302/806 1047/1289/806
f 1059/1302/805 1048/1303/805 1047/1289/805
f 1060/1304/816 1049/1292/816 1048/1291/816
f 1061/1305/815 1050/1294/815 1049/1292/815
f 1050/1294/814 1063/1306/814 1051/1295/814
f 1063/1306/813 1052/1307/813 1051/1295/813
f 1064/1308/812 1053/1297/812 1052/1307/812
f 1065/1309/811 1042/1285/811 1053/1297/811
f 1066/1310/822 1055/1311/822 1054/1298/822
f 1067/1312/821 1056/1299/821 1055/1311/821
f 1056/1299/820 1069/1313/820 1057/1300/820
f 1057/1300/819 1070/1314/819 1058/1315/819
f 1070/1314/818 1059/1302/818 1058/1315/818
f 1059/1302/817 1072/1316/817 1060/1317/817
f 1072/1318/828 1061/1305/828 1060/1304/828
f 1073/1319/827 1062/1320/827 1061/1305/827
f 1074/1321/826 1063/1306/826 1062/1320/826
f 1075/1322/825 1064/1308/825 1063/1306/825
f 1076/1323/824 1065/1309/824 1064/1308/824
f 1077/1324/823 1054/1298/823 1065/1309/823
f 1066/1310/834 1079/1325/834 1067/1312/834
f 1079/1325/833 1068/1326/833 1067/1312/833
f 1080/1327/832 1069/1313/832 1068/1326/832
f 1081/1328/831 1070/1314/831 1069/1313/831
f 1082/1329/830 1071/1330/830 1070/1314/830
f 1083/1331/829 1072/1316/829 1071/1330/829
f 1084/1332/840 1073/1319/840 1072/1318/840
f 1073/1319/839 1086/1333/839 1074/1321/839
f 1074/1321/838 1087/1334/838 1075/1322/838
f 1087/1334/837 1076/1323/837 1075/1322/837
f 1088/1335/836 1077/1324/836 1076/1323/836
f 1089/1336/835 1066/1310/835 1077/1324/835
f 1090/1337/846 1079/1325/846 1078/1338/846
f 1091/1339/845 1080/1327/845 1079/1325/845
f 1092/1340/844 1081/1328/844 1080/1327/844
f 1093/1341/843 1082/1329/843 1081/1328/843
f 1094/1342/842 1083/1331/842 1082/1329/842
f 1083/1331/841 1096/1343/841 1084/1344/841
f 1096/1345/852 1085/1346/852 1084/1332/852
f 1097/1347/851 1086/1333/851 1085/1346/851
f 1086/1333/850 1099/1348/850 1087/1334/850
f 1087/1334/849 1100/1349/849 1088/1335/849
f 1100/1349/848 1089/1336/848 1088/1335/848
f 1101/1350/847 1078/1338/847 1089/1336/847
f 1102/1351/858 1091/1339/858 1090/1337/858
f 1103/1352/857 1092/1340/857 1091/1339/857
f 1104/1353/856 1093/1341/856 1092/1340/856
f 1105/1354/855 1094/1342/855 1093/1341/855
f 1106/1355/854 1095/1356/854 1094/1342/854
f 1107/1357/853 1096/1343/853 1095/1356/853
f 1108/1358/864 1097/1347/864 1096/1345/864
f 1109/1359/863 1098/1360/863 1097/1347/863
f 1110/1361/862 1099/1348/862 1098/1360/862
f 1099/1348/861 1112/1362/861 1100/1349/861
f 1100/1349/860 1113/1363/860 1101/1350/860
f 1113/1363/859 1090/1337/859 1101/1350/859
f 1114/1364/870 1103/1352/870 1102/1351/870
f 1115/1365/869 1104/1353/869 1103/1352/869
f 1104/1353/868 1117/1366/868 1105/1354/868
f 1105/1354/867 1118/1367/867 1106/1355/867
f 1118/1367/866 1107/1357/866 1106/1355/866
f 1119/1368/865 1108/1369/865 1107/1357/865
f 1120/1370/876 1109/1359/876 1108/1358/876
f 1121/1371/875 1110/1361/875 1109/1359/875
f 1122/1372/874 1111/1373/874 1110/1361/874
f 1123/1374/873 1112/1362/873 1111/1373/873
f 1124/1375/872 1113/1363/872 1112/1362/872
f 1113/1363/871 1114/1364/871 1102/1351/871
f 1114/1364/882 1127/1376/882 1115/1365/882
f 1127/1376/881 1116/1377/881 1115/1365/881
f 1128/1378/880 1117/1366/880 1116/1377/880
f 1129/1379/879 1118/1367/879 1117/1366/879
f 1130/1380/878 1119/1368/878 1118/1367/878
f 1131/1381/877 1120/1382/877 1119/1368/877
f 1132/1383/888 1121/1371/888 1120/1370/888
f 1133/1384/887 1122/1372/887 1121/1371/887
f 1134/1385/886 1123/1374/886 1122/1372/886
f 1135/1386/885 1124/1375/885 1123/1374/885
f 1124/1375/884 1137/1387/884 1125/1388/884
f 1137/1387/883 1114/1364/883 1125/1388/883
f 1126/1389/894 1139/1390/894 1127/1376/894
f 1139/1390/893 1128/1378/893 1127/1376/893
f 1128/1378/892 1141/1391/892 1129/1379/892
f 1129/1379/891 1142/1392/891 1130/1380/891
f 1130/1380/890 1143/1393/890 1131/1381/890
f 1143/1393/889 1132/1394/889 1131/1381/889
f 1144/1395/900 1133/1384/900 1132/1383/900
f 1145/1396/899 1134/1385/899 1133/1384/899
f 1146/1397/898 1135/1386/898 1134/1385/898
f 1147/1398/897 1136/1399/897 1135/1386/897
f 1136/1399/896 1149/1400/896 1137/1387/896
f 1149/1400/895 1126/1389/895 1137/1387/895
f 1138/1401/906 1151/1402/906 1139/1390/906
f 1151/1402/905 1140/1403/905 1139/1390/905
f 1140/1403/904 1153/1404/904 1141/1391/904
f 1153/1404/903 1142/1392/903 1141/1391/903
f 1154/1405/902 1143/1393/902 1142/1392/902
f 1155/1406/901 1144/1407/901 1143/1393/901
f 1156/1408/912 1145/1396/912 1144/1395/912
f 1145/1396/911 1158/1409/911 1146/1397/911
f 1146/1397/910 1159/1410/910 1147/1398/910
f 1159/1410/909 1148/1411/909 1147/1398/909
f 1160/1412/908 1149/1400/908 1148/1411/908
f 1161/1413/907 1138/1401/907 1149/1400/907
f 1162/1414/918 1151/1402/918 1150/1415/918
f 1163/1416/917 1152/1417/917 1151/1402/917
f 1164/1418/916 1153/1404/916 1152/1417/916
f 1165/1419/915 1154/1405/915 1153/1404/915
f 1166/1420/914 1155/1406/914 1154/1405/914
f 1167/1421/913 1156/1422/913 1155/1406/913
f 1168/1423/924 1157/1424/924 1156/1408/924
f 1157/1424/923 1170/1425/923 1158/1409/923
f 1170/1425/922 1159/1410/922 1158/1409/922
f 1171/1426/921 1160/1412/921 1159/1410/921
f 1160/1412/920 1173/1427/920 1161/1413/920
f 1173/1427/919 1150/1415/919 1161/1413/919
f 1174/1428/930 1163/1416/930 1162/1414/930
f 1175/1429/929 1164/1418/929 1163/1416/929
f 1164/1418/928 1177/1430/928 1165/1419/928
f 1177/1430/927 1166/1420/927 1165/1419/927
f 1178/1431/926 1167/1421/926 1166/1420/926
f 1179/1432/925 1168/1433/925 1167/1421/925
f 1180/1434/936 1169/1435/936 1168/1423/936
f 1181/1436/935 1170/1425/935 1169/1435/935
f 1182/1437/934 1171/1426/934 1170/1425/934
f 1183/1438/933 1172/1439/933 1171/1426/933
f 1184/1440/932 1173/1427/932 1172/1439/932
f 1185/1441/931 1162/1414/931 1173/1427/931
f 1186/1442/942 1175/1429/942 1174/1428/942
f 1187/1443/941 1176/1444/941 1175/1429/941
f 1188/1445/940 1177/1430/940 1176/1444/940
f 1189/1446/939 1178/1431/939 1177/1430/939
f 1190/1447/938 1179/1432/938 1178/1431/938
f 1191/1448/937 1180/1449/937 1179/1432/937
f 1192/1450/948 1181/1436/948 1180/1434/948
f 1181/1436/947 1194/1451/947 1182/1437/947
f 1194/1451/946 1183/1438/946 1182/1437/946
f 1195/1452/945 1184/1440/945 1183/1438/945
f 1196/1453/944 1185/1441/944 1184/1440/944
f 1197/1454/943 1174/1428/943 1185/1441/943
f 1186/1442/954 1199/1455/954 1187/1443/954
f 1187/1443/953 1200/1456/953 1188/1445/953
f 1188/1445/952 1201/1457/952 1189/1446/952
f 1201/1457/951 1190/1447/951 1189/1446/951
f 1202/1458/950 1191/1448/950 1190/1447/950
f 1191/1448/949 1204/1459/949 1192/1460/949
f 1204/1461/960 1193/1462/960 1192/1450/960
f 1205/1463/959 1194/1451/959 1193/1462/959
f 1194/1451/958 1207/1464/958 1195/1452/958
f 1207/1464/957 1196/1453/957 1195/1452/957
f 1208/1465/956 1197/1454/956 1196/1453/956
f 1209/1466/955 1186/1442/955 1197/1454/955
f 634/838/966 1199/1455/966 1198/1467/966
f 635/837/965 1200/1456/965 1199/1455/965
f 636/840/964 1201/1457/964 1200/1456/964
f 637/841/963 1202/1458/963 1201/1457/963
f 638/843/962 1203/1468/962 1202/1458/962
f 639/845/961 1204/1459/961 1203/1468/961
f 1204/1461/972 641/849/972 1205/1463/972
f 641/849/971 1206/1469/971 1205/1463/971
f 642/852/970 1207/1464/970 1206/1469/970
f 643/854/969 1208/1465/969 1207/1464/969
f 1208/1465/968 645/858/968 1209/1466/968
f 1209/1466/967 634/838/967 1198/1467/967
f 646/836/685 647/861/685 635/837/685
f 635/837/686 647/861/686 648/839/686
f 648/839/687 649/842/687 637/841/687
f 649/842/688 650/844/688 638/843/688
f 650/844/689 651/866/689 639/845/689
f 639/845/690 651/866/690 652/846/690
f 652/848/691 653/851/691 641/849/691
f 653/851/692 654/853/692 642/852/692
f 654/853/693 655/855/693 643/854/693
f 655/855/694 656/857/694 644/856/694
f 656/857/695 657/859/695 645/858/695
f 657/859/696 646/836/696 634/838/696
f 658/860/697 659/862/697 647/861/697
f 659/862/698 660/863/698 648/839/698
f 660/863/699 661/864/699 649/842/699
f 661/864/700 662/875/700 650/844/700
f 650/844/701 662/875/701 663/865/701
f 663/865/702 664/878/702 652/846/702
f 664/867/703 665/868/703 653/851/703
f 665/868/704 666/881/704 654/853/704
f 654/853/705 666/881/705 667/869/705
f 655/855/706 667/869/706 668/870/706
f 656/857/707 668/870/707 669/871/707
f 669/871/708 658/860/708 646/836/708
f 658/860/709 670/885/709 671/872/709
f 671/872/710 672/873/710 660/863/710
f 672/873/711 673/889/711 661/864/711
f 661/864/712 673/889/712 674/874/712
f 662/875/713 674/874/713 675/876/713
f 663/865/714 675/876/714 676/877/714
f 676/879/715 677/880/715 665/868/715
f 677/880/716 678/893/716 666/881/716
f 666/881/717 678/893/717 679/882/717
f 667/869/718 679/882/718 680/883/718
f 668/870/719 680/883/719 681/884/719
f 681/884/720 670/885/720 658/860/720
f 670/885/721 682/898/721 683/886/721
f 671/872/722 683/886/722 684/887/722
f 672/873/723 684/887/723 685/888/723
f 685/888/724 686/901/724 674/874/724
f 674/874/725 686/901/725 687/890/725
f 687/890/726 688/903/726 676/877/726
f 688/891/727 689/892/727 677/880/727
f 689/892/728 690/906/728 678/893/728
f 678/893/729 690/906/729 691/894/729
f 691/894/730 692/895/730 680/883/730
f 692/895/731 693/896/731 681/884/731
f 693/896/732 682/898/732 670/885/732
f 694/897/733 695/911/733 683/886/733
f 683/886/734 695/911/734 696/899/734
f 696/899/735 697/900/735 685/888/735
f 697/900/736 698/915/736 686/901/736
f 686/901/737 698/915/737 699/902/737
f 699/902/738 700/918/738 688/903/738
f 700/904/739 701/905/739 689/892/739
f 701/905/740 702/907/740 690/906/740
f 702/907/741 703/908/741 691/894/741
f 703/908/742 704/909/742 692/895/742
f 704/909/743 705/923/743 693/896/743
f 693/896/744 705/923/744 694/897/744
f 706/910/745 707/912/745 695/911/745
f 707/912/746 708/913/746 696/899/746
f 708/913/747 709/914/747 697/900/747
f 709/914/748 710/916/748 698/915/748
f 710/916/749 711/917/749 699/902/749
f 711/917/750 712/928/750 700/918/750
f 700/904/751 712/930/751 713/919/751
f 713/919/752 714/920/752 702/907/752
f 714/920/753 715/921/753 703/908/753
f 715/921/754 716/934/754 704/909/754
f 704/909/755 716/934/755 717/922/755
f 717/922/756 706/910/756 694/897/756
f 718/924/757 719/937/757 707/912/757
f 707/912/758 719/937/758 720/925/758
f 720/925/759 721/926/759 709/914/759
f 721/926/760 722/940/760 710/916/760
f 710/916/761 722/940/761 723/927/761
f 723/927/762 724/942/762 712/928/762
f 724/929/763 725/931/763 713/919/763
f 725/931/764 726/945/764 714/920/764
f 714/920/765 726/945/765 727/932/765
f 715/921/766 727/932/766 728/933/766
f 728/933/767 729/935/767 717/922/767
f 729/935/768 718/924/768 706/910/768
f 730/936/769 731/951/769 719/937/769
f 719/937/770 731/951/770 732/938/770
f 720/925/771 732/938/771 733/939/771
f 733/939/772 734/954/772 722/940/772
f 722/940/773 734/954/773 735/941/773
f 735/941/774 736/957/774 724/942/774
f 736/943/775 737/944/775 725/931/775
f 737/944/776 738/946/776 726/945/776
f 738/946/777 739/947/777 727/932/777
f 739/947/778 740/948/778 728/933/778
f 740/948/779 741/949/779 729/935/779
f 741/949/780 730/936/780 718/924/780
f 730/936/781 742/964/781 743/950/781
f 743/950/782 744/952/782 732/938/782
f 744/952/783 745/953/783 733/939/783
f 745/953/784 746/955/784 734/954/784
f 746/955/785 747/956/785 735/941/785
f 747/956/786 748/969/786 736/957/786
f 748/958/787 749/959/787 737/944/787
f 749/959/788 750/972/788 738/946/788
f 738/946/789 750/972/789 751/960/789
f 739/947/790 751/960/790 752/961/790
f 752/961/791 753/962/791 741/949/791
f 753/962/792 742/964/792 730/936/792
f 754/963/793 755/965/793 743/950/793
f 755/965/794 756/966/794 744/952/794
f 756/966/795 757/967/795 745/953/795
f 757/967/796 758/980/796 746/955/796
f 746/955/797 758/980/797 759/968/797
f 759/968/798 760/983/798 748/969/798
f 760/970/799 761/971/799 749/959/799
f 761/971/800 762/973/800 750/972/800
f 762/973/801 763/974/801 751/960/801
f 763/974/802 764/975/802 752/961/802
f 764/975/803 765/976/803 753/962/803
f 765/976/804 754/963/804 742/964/804
f 766/977/805 767/978/805 755/965/805
f 767/978/806 768/990/806 756/966/806
f 756/966/807 768/990/807 769/979/807
f 769/979/808 770/981/808 758/980/808
f 770/981/809 771/982/809 759/968/809
f 771/982/810 772/994/810 760/983/810
f 760/970/811 772/996/811 773/984/811
f 773/984/812 774/998/812 762/973/812
f 762/973/813 774/998/813 775/985/813
f 775/985/814 776/986/814 764/975/814
f 776/986/815 777/987/815 765/976/815
f 777/987/816 766/977/816 754/963/816
f 778/988/817 779/989/817 767/978/817
f 779/989/818 780/991/818 768/990/818
f 780/991/819 781/1005/819 769/979/819
f 769/979/820 781/1005/820 782/992/820
f 770/981/821 782/992/821 783/993/821
f 783/993/822 784/1009/822 772/994/822
f 784/995/823 785/997/823 773/984/823
f 785/997/824 786/999/824 774/998/824
f 786/999/825 787/1000/825 775/985/825
f 787/1000/826 788/1001/826 776/986/826
f 788/1001/827 789/1014/827 777/987/827
f 777/987/828 789/1014/828 778/988/828
f 790/1002/829 791/1003/829 779/989/829
f 791/1003/830 792/1004/830 780/991/830
f 792/1004/831 793/1006/831 781/1005/831
f 793/1006/832 794/1007/832 782/992/832
f 794/1007/833 795/1008/833 783/993/833
f 795/1008/834 796/1020/834 784/1009/834
f 784/995/835 796/1022/835 797/1010/835
f 797/1010/836 798/1024/836 786/999/836
f 786/999/837 798/1024/837 799/1011/837
f 787/1000/838 799/1011/838 800/1012/838
f 788/1001/839 800/1012/839 801/1013/839
f 789/1014/840 801/1013/840 790/1002/840
f 802/1015/841 803/1030/841 791/1003/841
f 791/1003/842 803/1030/842 804/1016/842
f 792/1004/843 804/1016/843 805/1017/843
f 805/1017/844 806/1018/844 794/1007/844
f 806/1018/845 807/1019/845 795/1008/845
f 807/1019/846 808/1035/846 796/1020/846
f 808/1021/847 809/1023/847 797/1010/847
f 809/1023/848 810/1025/848 798/1024/848
f 810/1025/849 811/1026/849 799/1011/849
f 811/1026/850 812/1027/850 800/1012/850
f 812/1027/851 813/1028/851 801/1013/851
f 813/1028/852 802/1015/852 790/1002/852
f 814/1029/853 815/1031/853 803/1030/853
f 815/1031/854 816/1032/854 804/1016/854
f 816/1032/855 817/1042/855 805/1017/855
f 805/1017/856 817/1042/856 818/1033/856
f 818/1033/857 819/1034/857 807/1019/857
f 819/1034/858 820/1046/858 808/1035/858
f 820/1036/859 821/1037/859 809/1023/859
f 821/1037/860 822/1049/860 810/1025/860
f 810/1025/861 822/1049/861 823/1038/861
f 823/1038/862 824/1052/862 812/1027/862
f 812/1027/863 824/1052/863 825/1039/863
f 825/1039/864 814/1029/864 802/1015/864
f 826/1040/865 827/1056/865 815/1031/865
f 815/1031/866 827/1056/866 828/1041/866
f 828/1041/867 829/1043/867 817/1042/867
f 829/1043/868 830/1044/868 818/1033/868
f 830/1044/869 831/1045/869 819/1034/869
f 831/1045/870 832/1062/870 820/1046/870
f 832/1047/871 833/1048/871 821/1037/871
f 833/1048/872 834/1050/872 822/1049/872
f 834/1050/873 835/1051/873 823/1038/873
f 835/1051/874 836/1053/874 824/1052/874
f 836/1053/875 837/1054/875 825/1039/875
f 837/1054/876 826/1040/876 814/1029/876
f 838/1055/877 839/1057/877 827/1056/877
f 839/1057/878 840/1058/878 828/1041/878
f 840/1058/879 841/1059/879 829/1043/879
f 841/1059/880 842/1060/880 830/1044/880
f 842/1060/881 843/1072/881 831/1045/881
f 831/1045/882 843/1072/882 844/1061/882
f 844/1063/883 845/1075/883 833/1048/883
f 833/1048/884 845/1075/884 846/1064/884
f 834/1050/885 846/1064/885 847/1065/885
f 835/1051/886 847/1065/886 848/1066/886
f 836/1053/887 848/1066/887 849/1067/887
f 849/1067/888 838/1055/888 826/1040/888
f 850/1068/889 851/1069/889 839/1057/889
f 851/1069/890 852/1082/890 840/1058/890
f 840/1058/891 852/1082/891 853/1070/891
f 853/1070/892 854/1071/892 842/1060/892
f 854/1071/893 855/1073/893 843/1072/893
f 855/1073/894 856/1086/894 844/1061/894
f 856/1074/895 857/1088/895 845/1075/895
f 845/1075/896 857/1088/896 858/1076/896
f 858/1076/897 859/1077/897 847/1065/897
f 859/1077/898 860/1078/898 848/1066/898
f 860/1078/899 861/1079/899 849/1067/899
f 861/1079/900 850/1068/900 838/1055/900
f 862/1080/901 863/1081/901 851/1069/901
f 863/1081/902 864/1083/902 852/1082/902
f 864/1083/903 865/1094/903 853/1070/903
f 853/1070/904 865/1094/904 866/1084/904
f 866/1084/905 867/1085/905 855/1073/905
f 867/1085/906 868/1097/906 856/1086/906
f 868/1087/907 869/1099/907 857/1088/907
f 857/1088/908 869/1099/908 870/1089/908
f 870/1089/909 871/1090/909 859/1077/909
f 871/1090/910 872/1102/910 860/1078/910
f 860/1078/911 872/1102/911 873/1091/911
f 873/1091/912 862/1080/912 850/1068/912
f 862/1080/913 874/1106/913 875/1092/913
f 875/1092/914 876/1108/914 864/1083/914
f 864/1083/915 876/1108/915 877/1093/915
f 877/1093/916 878/1095/916 866/1084/916
f 878/1095/917 879/1096/917 867/1085/917
f 879/1096/918 880/1112/918 868/1097/918
f 880/1098/919 881/1100/919 869/1099/919
f 881/1100/920 882/1114/920 870/1089/920
f 870/1089/921 882/1114/921 883/1101/921
f 883/1101/922 884/1103/922 872/1102/922
f 884/1103/923 885/1104/923 873/1091/923
f 885/1104/924 874/1106/924 862/1080/924
f 886/1105/925 887/1107/925 875/1092/925
f 887/1107/926 888/1109/926 876/1108/926
f 888/1109/927 889/1120/927 877/1093/927
f 877/1093/928 889/1120/928 890/1110/928
f 890/1110/929 891/1111/929 879/1096/929
f 891/1111/930 892/1123/930 880/1112/930
f 880/1098/931 892/1125/931 893/1113/931
f 893/1113/932 894/1115/932 882/1114/932
f 894/1115/933 895/1116/933 883/1101/933
f 895/1116/934 896/1129/934 884/1103/934
f 884/1103/935 896/1129/935 897/1117/935
f 897/1117/936 886/1105/936 874/1106/936
f 886/1105/937 898/1132/937 899/1118/937
f 899/1118/938 900/1119/938 888/1109/938
f 900/1119/939 901/1135/939 889/1120/939
f 889/1120/940 901/1135/940 902/1121/940
f 902/1121/941 903/1122/941 891/1111/941
f 903/1122/942 904/1139/942 892/1123/942
f 904/1124/943 905/1126/943 893/1113/943
f 905/1126/944 906/1127/944 894/1115/944
f 906/1127/945 907/1143/945 895/1116/945
f 895/1116/946 907/1143/946 908/1128/946
f 908/1128/947 909/1130/947 897/1117/947
f 909/1130/948 898/1132/948 886/1105/948
f 910/1131/949 911/1133/949 899/1118/949
f 911/1133/950 912/1134/950 900/1119/950
f 912/1134/951 913/1136/951 901/1135/951
f 913/1136/952 914/1137/952 902/1121/952
f 914/1137/953 915/1138/953 903/1122/953
f 915/1138/954 916/1151/954 904/1139/954
f 916/1140/955 917/1153/955 905/1126/955
f 905/1126/956 917/1153/956 918/1141/956
f 906/1127/957 918/1141/957 919/1142/957
f 907/1143/958 919/1142/958 920/1144/958
f 908/1128/959 920/1144/959 921/1145/959
f 909/1130/960 921/1145/960 910/1131/960
f 910/1131/961 922/1470/961 923/1146/961
f 923/1146/962 924/1147/962 912/1134/962
f 924/1147/963 925/1148/963 913/1136/963
f 925/1148/964 926/1149/964 914/1137/964
f 926/1149/965 927/1150/965 915/1138/965
f 927/1150/966 928/1471/966 916/1151/966
f 928/1152/967 929/1472/967 917/1153/967
f 917/1153/968 929/1472/968 930/1154/968
f 930/1154/969 931/1155/969 919/1142/969
f 931/1155/970 932/1156/970 920/1144/970
f 932/1156/971 933/1157/971 921/1145/971
f 933/1157/972 922/1470/972 910/1131/972
f 934/1158/690 935/1161/690 923/1159/690
f 935/1161/689 936/1163/689 924/1162/689
f 936/1163/688 937/1165/688 925/1164/688
f 937/1165/687 938/1167/687 926/1166/687
f 938/1167/686 939/1169/686 927/1168/686
f 939/1169/685 940/1186/685 928/1170/685
f 928/1171/696 940/1188/696 941/1172/696
f 941/1172/695 942/1190/695 930/1174/695
f 930/1174/694 942/1190/694 943/1175/694
f 931/1176/693 943/1175/693 944/1177/693
f 932/1178/692 944/1177/692 945/1179/692
f 933/1180/691 945/1179/691 934/1158/691
f 934/1158/702 946/1194/702 947/1181/702
f 935/1161/701 947/1181/701 948/1182/701
f 936/1163/700 948/1182/700 949/1183/700
f 937/1165/699 949/1183/699 950/1184/699
f 938/1167/698 950/1184/698 951/1185/698
f 951/1185/697 952/1200/697 940/1186/697
f 952/1187/708 953/1189/708 941/1172/708
f 953/1189/707 954/1191/707 942/1190/707
f 954/1191/706 955/1192/706 943/1175/706
f 955/1192/705 956/1193/705 944/1177/705
f 956/1193/704 957/1205/704 945/1179/704
f 945/1179/703 957/1205/703 946/1194/703
f 958/1195/714 959/1196/714 947/1181/714
f 959/1196/713 960/1208/713 948/1182/713
f 948/1182/712 960/1208/712 961/1197/712
f 961/1197/711 962/1198/711 950/1184/711
f 962/1198/710 963/1199/710 951/1185/710
f 963/1199/709 964/1213/709 952/1200/709
f 964/1201/720 965/1215/720 953/1189/720
f 953/1189/719 965/1215/719 966/1202/719
f 966/1202/718 967/1203/718 955/1192/718
f 967/1203/717 968/1219/717 956/1193/717
f 956/1193/716 968/1219/716 969/1204/716
f 957/1205/715 969/1204/715 958/1195/715
f 970/1206/726 971/1207/726 959/1196/726
f 971/1207/725 972/1209/725 960/1208/725
f 972/1209/724 973/1210/724 961/1197/724
f 973/1210/723 974/1211/723 962/1198/723
f 974/1211/722 975/1225/722 963/1199/722
f 963/1199/721 975/1225/721 976/1212/721
f 976/1214/732 977/1216/732 965/1215/732
f 977/1216/731 978/1217/731 966/1202/731
f 978/1217/730 979/1229/730 967/1203/730
f 967/1203/729 979/1229/729 980/1218/729
f 968/1219/728 980/1218/728 981/1220/728
f 981/1220/727 970/1206/727 958/1195/727
f 982/1221/738 983/1222/738 971/1207/738
f 983/1222/737 984/1223/737 972/1209/737
f 984/1223/736 985/1234/736 973/1210/736
f 973/1210/735 985/1234/735 986/1224/735
f 986/1224/734 987/1226/734 975/1225/734
f 987/1226/733 988/1238/733 976/1212/733
f 988/1227/744 989/1240/744 977/1216/744
f 977/1216/743 989/1240/743 990/1228/743
f 990/1228/742 991/1230/742 979/1229/742
f 991/1230/741 992/1243/741 980/1218/741
f 980/1218/740 992/1243/740 993/1231/740
f 993/1231/739 982/1221/739 970/1206/739
f 994/1232/750 995/1247/750 983/1222/750
f 983/1222/749 995/1247/749 996/1233/749
f 996/1233/748 997/1235/748 985/1234/748
f 997/1235/747 998/1236/747 986/1224/747
f 998/1236/746 999/1237/746 987/1226/746
f 999/1237/745 1000/1251/745 988/1238/745
f 1000/1239/756 1001/1241/756 989/1240/756
f 1001/1241/755 1002/1254/755 990/1228/755
f 990/1228/754 1002/1254/754 1003/1242/754
f 1003/1242/753 1004/1244/753 992/1243/753
f 1004/1244/752 1005/1245/752 993/1231/752
f 1005/1245/751 994/1232/751 982/1221/751
f 994/1232/762 1006/1259/762 1007/1246/762
f 995/1247/761 1007/1246/761 1008/1248/761
f 1008/1248/760 1009/1262/760 997/1235/760
f 997/1235/759 1009/1262/759 1010/1249/759
f 1010/1249/758 1011/1250/758 999/1237/758
f 1011/1250/757 1012/1265/757 1000/1251/757
f 1012/1252/768 1013/1253/768 1001/1241/768
f 1013/1253/767 1014/1255/767 1002/1254/767
f 1014/1255/766 1015/1256/766 1003/1242/766
f 1015/1256/765 1016/1257/765 1004/1244/765
f 1016/1257/764 1017/1258/764 1005/1245/764
f 1017/1258/763 1006/1259/763 994/1232/763
f 1006/1259/774 1018/1272/774 1019/1260/774
f 1019/1260/773 1020/1261/773 1008/1248/773
f 1020/1261/772 1021/1263/772 1009/1262/772
f 1021/1263/771 1022/1276/771 1010/1249/771
f 1010/1249/770 1022/1276/770 1023/1264/770
f 1023/1264/769 1024/1279/769 1012/1265/769
f 1024/1266/780 1025/1267/780 1013/1253/780
f 1025/1267/779 1026/1268/779 1014/1255/779
f 1026/1268/778 1027/1283/778 1015/1256/778
f 1015/1256/777 1027/1283/777 1028/1269/777
f 1016/1257/776 1028/1269/776 1029/1270/776
f 1029/1270/775 1018/1272/775 1006/1259/775
f 1030/1271/786 1031/1273/786 1019/1260/786
f 1031/1273/785 1032/1274/785 1020/1261/785
f 1032/1274/784 1033/1275/784 1021/1263/784
f 1033/1275/783 1034/1277/783 1022/1276/783
f 1034/1277/782 1035/1278/782 1023/1264/782
f 1035/1278/781 1036/1290/781 1024/1279/781
f 1036/1280/792 1037/1281/792 1025/1267/792
f 1037/1281/791 1038/1293/791 1026/1268/791
f 1026/1268/790 1038/1293/790 1039/1282/790
f 1039/1282/789 1040/1296/789 1028/1269/789
f 1028/1269/788 1040/1296/788 1041/1284/788
f 1041/1284/787 1030/1271/787 1018/1272/787
f 1042/1285/798 1043/1286/798 1031/1273/798
f 1043/1286/797 1044/1287/797 1032/1274/797
f 1044/1287/796 1045/1288/796 1033/1275/796
f 1045/1288/795 1046/1301/795 1034/1277/795
f 1034/1277/794 1046/1301/794 1047/1289/794
f 1047/1289/793 1048/1303/793 1036/1290/793
f 1048/1291/804 1049/1292/804 1037/1281/804
f 1049/1292/803 1050/1294/803 1038/1293/803
f 1050/1294/802 1051/1295/802 1039/1282/802
f 1051/1295/801 1052/1307/801 1040/1296/801
f 1040/1296/800 1052/1307/800 1053/1297/800
f 1053/1297/799 1042/1285/799 1030/1271/799
f 1054/1298/810 1055/1311/810 1043/1286/810
f 1043/1286/809 1055/1311/809 1056/1299/809
f 1056/1299/808 1057/1300/808 1045/1288/808
f 1057/1300/807 1058/1315/807 1046/1301/807
f 1046/1301/806 1058/1315/806 1059/1302/806
f 1059/1302/805 1060/1317/805 1048/1303/805
f 1060/1304/816 1061/1305/816 1049/1292/816
f 1061/1305/815 1062/1320/815 1050/1294/815
f 1050/1294/814 1062/1320/814 1063/1306/814
f 1063/1306/813 1064/1308/813 1052/1307/813
f 1064/1308/812 1065/1309/812 1053/1297/812
f 1065/1309/811 1054/1298/811 1042/1285/811
f 1066/1310/822 1067/1312/822 1055/1311/822
f 1067/1312/821 1068/1326/821 1056/1299/821
f 1056/1299/820 1068/1326/820 1069/1313/820
f 1057/1300/819 1069/1313/819 1070/1314/819
f 1070/1314/818 1071/1330/818 1059/1302/818
f 1059/1302/817 1071/1330/817 1072/1316/817
f 1072/1318/828 1073/1319/828 1061/1305/828
f 1073/1319/827 1074/1321/827 1062/1320/827
f 1074/1321/826 1075/1322/826 1063/1306/826
f 1075/1322/825 1076/1323/825 1064/1308/825
f 1076/1323/824 1077/1324/824 1065/1309/824
f 1077/1324/823 1066/1310/823 1054/1298/823
f 1066/1310/834 1078/1338/834 1079/1325/834
f 1079/1325/833 1080/1327/833 1068/1326/833
f 1080/1327/832 1081/1328/832 1069/1313/832
f 1081/1328/831 1082/1329/831 1070/1314/831
f 1082/1329/830 1083/1331/830 1071/1330/830
f 1083/1331/829 1084/1344/829 1072/1316/829
f 1084/1332/840 1085/1346/840 1073/1319/840
f 1073/1319/839 1085/1346/839 1086/1333/839
f 1074/1321/838 1086/1333/838 1087/1334/838
f 1087/1334/837 1088/1335/837 1076/1323/837
f 1088/1335/836 1089/1336/836 1077/1324/836
f 1089/1336/835 1078/1338/835 1066/1310/835
f 1090/1337/846 1091/1339/846 1079/1325/846
f 1091/1339/845 1092/1340/845 1080/1327/845
f 1092/1340/844 1093/1341/844 1081/1328/844
f 1093/1341/843 1094/1342/843 1082/1329/843
f 1094/1342/842 1095/1356/842 1083/1331/842
f 1083/1331/841 1095/1356/841 1096/1343/841
f 1096/1345/852 1097/1347/852 1085/1346/852
f 1097/1347/851 1098/1360/851 1086/1333/851
f 1086/1333/850 1098/1360/850 1099/1348/850
f 1087/1334/849 1099/1348/849 1100/1349/849
f 1100/1349/848 1101/1350/848 1089/1336/848
f 1101/1350/847 1090/1337/847 1078/1338/847
f 1102/1351/858 1103/1352/858 1091/1339/858
f 1103/1352/857 1104/1353/857 1092/1340/857
f 1104/1353/856 1105/1354/856 1093/1341/856
f 1105/1354/855 1106/1355/855 1094/1342/855
f 1106/1355/854 1107/1357/854 1095/1356/854
f 1107/1357/853 1108/1369/853 1096/1343/853
f 1108/1358/864 1109/1359/864 1097/1347/864
f 1109/1359/863 1110/1361/863 1098/1360/863
f 1110/1361/862 1111/1373/862 1099/1348/862
f 1099/1348/861 1111/1373/861 1112/1362/861
f 1100/1349/860 1112/1362/860 1113/1363/860
f 1113/1363/859 1102/1351/859 1090/1337/859
f 1114/1364/870 1115/1365/870 1103/1352/870
f 1115/1365/869 1116/1377/869 1104/1353/869
f 1104/1353/868 1116/1377/868 1117/1366/868
f 1105/1354/867 1117/1366/867 1118/1367/867
f 1118/1367/866 1119/1368/866 1107/1357/866
f 1119/1368/865 1120/1382/865 1108/1369/865
f 1120/1370/876 1121/1371/876 1109/1359/876
f 1121/1371/875 1122/1372/875 1110/1361/875
f 1122/1372/874 1123/1374/874 1111/1373/874
f 1123/1374/873 1124/1375/873 1112/1362/873
f 1124/1375/872 1125/1388/872 1113/1363/872
f 1113/1363/871 1125/1388/871 1114/1364/871
f 1114/1364/882 1126/1389/882 1127/1376/882
f 1127/1376/881 1128/1378/881 1116/1377/881
f 1128/1378/880 1129/1379/880 1117/1366/880
f 1129/1379/879 1130/1380/879 1118/1367/879
f 1130/1380/878 1131/1381/878 1119/1368/878
f 1131/1381/877 1132/1394/877 1120/1382/877
f 1132/1383/888 1133/1384/888 1121/1371/888
f 1133/1384/887 1134/1385/887 1122/1372/887
f 1134/1385/886 1135/1386/886 1123/1374/886
f 1135/1386/885 1136/1399/885 1124/1375/885
f 1124/1375/884 1136/1399/884 1137/1387/884
f 1137/1387/883 1126/1389/883 1114/1364/883
f 1126/1389/894 1138/1401/894 1139/1390/894
f 1139/1390/893 1140/1403/893 1128/1378/893
f 1128/1378/892 1140/1403/892 1141/1391/892
f 1129/1379/891 1141/1391/891 1142/1392/891
f 1130/1380/890 1142/1392/890 1143/1393/890
f 1143/1393/889 1144/1407/889 1132/1394/889
f 1144/1395/900 1145/1396/900 1133/1384/900
f 1145/1396/899 1146/1397/899 1134/1385/899
f 1146/1397/898 1147/1398/898 1135/1386/898
f 1147/1398/897 1148/1411/897 1136/1399/897
f 1136/1399/896 1148/1411/896 1149/1400/896
f 1149/1400/895 1138/1401/895 1126/1389/895
f 1138/1401/906 1150/1415/906 1151/1402/906
f 1151/1402/905 1152/1417/905 1140/1403/905
f 1140/1403/904 1152/1417/904 1153/1404/904
f 1153/1404/903 1154/1405/903 1142/1392/903
f 1154/1405/902 1155/1406/902 1143/1393/902
f 1155/1406/901 1156/1422/901 1144/1407/901
f 1156/1408/912 1157/1424/912 1145/1396/912
f 1145/1396/911 1157/1424/911 1158/1409/911
f 1146/1397/910 1158/1409/910 1159/1410/910
f 1159/1410/909 1160/1412/909 1148/1411/909
f 1160/1412/908 1161/1413/908 1149/1400/908
f 1161/1413/907 1150/1415/907 1138/1401/907
f 1162/1414/918 1163/1416/918 1151/1402/918
f 1163/1416/917 1164/1418/917 1152/1417/917
f 1164/1418/916 1165/1419/916 1153/1404/916
f 1165/1419/915 1166/1420/915 1154/1405/915
f 1166/1420/914 1167/1421/914 1155/1406/914
f 1167/1421/913 1168/1433/913 1156/1422/913
f 1168/1423/924 1169/1435/924 1157/1424/924
f 1157/1424/923 1169/1435/923 1170/1425/923
f 1170/1425/922 1171/1426/922 1159/1410/922
f 1171/1426/921 1172/1439/921 1160/1412/921
f 1160/1412/920 1172/1439/920 1173/1427/920
f 1173/1427/919 1162/1414/919 1150/1415/919
f 1174/1428/930 1175/1429/930 1163/1416/930
f 1175/1429/929 1176/1444/929 1164/1418/929
f 1164/1418/928 1176/1444/928 1177/1430/928
f 1177/1430/927 1178/1431/927 1166/1420/927
f 1178/1431/926 1179/1432/926 1167/1421/926
f 1179/1432/925 1180/1449/925 1168/1433/925
f 1180/1434/936 1181/1436/936 1169/1435/936
f 1181/1436/935 1182/1437/935 1170/1425/935
f 1182/1437/934 1183/1438/934 1171/1426/934
f 1183/1438/933 1184/1440/933 1172/1439/933
f 1184/1440/932 1185/1441/932 1173/1427/932
f 1185/1441/931 1174/1428/931 1162/1414/931
f 1186/1442/942 1187/1443/942 1175/1429/942
f 1187/1443/941 1188/1445/941 1176/1444/941
f 1188/1445/940 1189/1446/940 1177/1430/940
f 1189/1446/939 1190/1447/939 1178/1431/939
f 1190/1447/938 1191/1448/938 1179/1432/938
f 1191/1448/937 1192/1460/937 1180/1449/937
f 1192/1450/948 1193/1462/948 1181/1436/948
f 1181/1436/947 1193/1462/947 1194/1451/947
f 1194/1451/946 1195/1452/946 1183/1438/946
f 1195/1452/945 1196/1453/945 1184/1440/945
f 1196/1453/944 1197/1454/944 1185/1441/944
f 1197/1454/943 1186/1442/943 1174/1428/943
f 1186/1442/954 1198/1467/954 1199/1455/954
f 1187/1443/953 1199/1455/953 1200/1456/953
f 1188/1445/952 1200/1456/952 1201/1457/952
f 1201/1457/951 1202/1458/951 1190/1447/951
f 1202/1458/950 1203/1468/950 1191/1448/950
f 1191/1448/949 1203/1468/949 1204/1459/949
f 1204/1461/960 1205/1463/960 1193/1462/960
f 1205/1463/959 1206/1469/959 1194/1451/959
f 1194/1451/958 1206/1469/958 1207/1464/958
f 1207/1464/957 1208/1465/957 1196/1453/957
f 1208/1465/956 1209/1466/956 1197/1454/956
f 1209/1466/955 1198/1467/955 1186/1442/955
f 634/838/966 635/837/966 1199/1455/966
f 635/837/965 636/840/965 1200/1456/965
f 636/840/964 637/841/964 1201/1457/964
f 637/841/963 638/843/963 1202/1458/963
f 638/843/962 639/845/962 1203/1468/962
f 639/845/961 640/847/961 1204/1459/961
f 1204/1461/972 640/850/972 641/849/972
f 641/849/971 642/852/971 1206/1469/971
f 642/852/970 643/854/970 1207/1464/970
f 643/854/969 644/856/969 1208/1465/969
f 1208/1465/968 644/856/968 645/858/968
f 1209/1466/967 645/858/967 634/838/967
o Suzanne
v 0.437500 0.164062 0.765625
v -0.437500 0.164062 0.765625
v 0.500000 0.093750 0.687500
v -0.500000 0.093750 0.687500
v 0.546875 0.054688 0.578125
v -0.546875 0.054688 0.578125
v 0.351562 -0.023438 0.617188
v -0.351562 -0.023438 0.617188
v 0.351562 0.031250 0.718750
v -0.351562 0.031250 0.718750
v 0.351562 0.132812 0.781250
v -0.351562 0.132812 0.781250
v 0.273438 0.164062 0.796875
v -0.273438 0.164062 0.796875
v 0.203125 0.093750 0.742188
v -0.203125 0.093750 0.742188
v 0.156250 0.054688 0.648438
v -0.156250 0.054688 0.648438
v 0.078125 0.242188 0.656250
v -0.078125 0.242188 0.656250
v 0.140625 0.242188 0.742188
v -0.140625 0.242188 0.742188
v 0.242188 0.242188 0.796875
v -0.242188 0.242188 0.796875
v 0.273438 0.328125 0.796875
v -0.273438 0.328125 0.796875
v 0.203125 0.390625 0.742188
v -0.203125 0.390625 0.742188
v 0.156250 0.437500 0.648438
v -0.156250 0.437500 0.648438
v 0.351562 0.515625 0.617188
v -0.351562 0.515625 0.617188
v 0.351562 0.453125 0.718750
v -0.351562 0.453125 0.718750
v 0.351562 0.359375 0.781250
v -0.351562 0.359375 0.781250
v 0.437500 0.328125 0.765625
v -0.437500 0.328125 0.765625
v 0.500000 0.390625 0.687500
v -0.500000 0.390625 0.687500
v 0.546875 0.437500 0.578125
v -0.546875 0.437500 0.578125
v 0.625000 0.242188 0.562500
v -0.625000 0.242188 0.562500
v 0.562500 0.242188 0.671875
v -0.562500 0.242188 0.671875
v 0.468750 0.242188 0.757812
v -0.468750 0.242188 0.757812
v 0.476562 0.242188 0.773438
v -0.476562 0.242188 0.773438
v 0.445312 0.335938 0.781250
v -0.445312 0.335938 0.781250
v 0.351562 0.375000 0.804688
v -0.351562 0.375000 0.804688
v 0.265625 0.335938 0.820312
v -0.265625 0.335938 0.820312
v 0.226562 0.242188 0.820312
v -0.226562 0.242188 0.820312
v 0.265625 0.156250 0.820312
v -0.265625 0.156250 0.820312
v 0.351562 0.242188 0.828125
v -0.351562 0.242188 0.828125
v 0.351562 0.117188 0.804688
v -0.351562 0.117188 0.804688
v 0.445312 0.156250 0.781250
v -0.445312 0.156250 0.781250
v 0.000000 0.429688 0.742188
v 0.000000 0.351562 0.820312
v 0.000000 -0.679688 0.734375
v 0.000000 -0.320312 0.781250
v 0.000000 -0.187500 0.796875
v 0.000000 -0.773438 0.718750
v 0.000000 0.406250 0.601562
v 0.000000 0.570312 0.570312
v 0.000000 0.898438 -0.546875
v 0.000000 0.562500 -0.851562
v 0.000000 0.070312 -0.828125
v 0.000000 -0.382812 -0.351562
v 0.203125 -0.187500 0.562500
v -0.203125 -0.187500 0.562500
v 0.312500 -0.437500 0.570312
v -0.312500 -0.437500 0.570312
v 0.351562 -0.695312 0.570312
v -0.351562 -0.695312 0.570312
v 0.367188 -0.890625 0.531250
v -0.367188 -0.890625 0.531250
v 0.328125 -0.945312 0.523438
v -0.328125 -0.945312 0.523438
v 0.179688 -0.968750 0.554688
v -0.179688 -0.968750 0.554688
v 0.000000 -0.984375 0.578125
v 0.437500 -0.140625 0.531250
v -0.437500 -0.140625 0.531250
v 0.632812 -0.039062 0.539062
v -0.632812 -0.039062 0.539062
v 0.828125 0.148438 0.445312
v -0.828125 0.148438 0.445312
v 0.859375 0.429688 0.593750
v -0.859375 0.429688 0.593750
v 0.710938 0.484375 0.625000
v -0.710938 0.484375 0.625000
v 0.492188 0.601562 0.687500
v -0.492188 0.601562 0.687500
v 0.320312 0.757812 0.734375
v -0.320312 0.757812 0.734375
v 0.156250 0.718750 0.757812
v -0.156250 0.718750 0.757812
v 0.062500 0.492188 0.750000
v -0.062500 0.492188 0.750000
v 0.164062 0.414062 0.773438
v -0.164062 0.414062 0.773438
v 0.125000 0.304688 0.765625
v -0.125000 0.304688 0.765625
v 0.203125 0.093750 0.742188
v -0.203125 0.093750 0.742188
v 0.375000 0.015625 0.703125
v -0.375000 0.015625 0.703125
v 0.492188 0.062500 0.671875
v -0.492188 0.062500 0.671875
v 0.625000 0.187500 0.648438
v -0.625000 0.187500 0.648438
v 0.640625 0.296875 0.648438
v -0.640625 0.296875 0.648438
v 0.601562 0.375000 0.664062
v -0.601562 0.375000 0.664062
v 0.429688 0.437500 0.718750
v -0.429688 0.437500 0.718750
v 0.250000 0.468750 0.757812
v -0.250000 0.468750 0.757812
v 0.000000 -0.765625 0.734375
v 0.109375 -0.718750 0.734375
v -0.109375 -0.718750 0.734375
v 0.117188 -0.835938 0.710938
v -0.117188 -0.835938 0.710938
v 0.062500 -0.882812 0.695312
v -0.062500 -0.882812 0.695312
v 0.000000 -0.890625 0.687500
v 0.000000 -0.195312 0.750000
v 0.000000 -0.140625 0.742188
v 0.101562 -0.148438 0.742188
v -0.101562 -0.148438 0.742188
v 0.125000 -0.226562 0.750000
v -0.125000 -0.226562 0.750000
v 0.085938 -0.289062 0.742188
v -0.085938 -0.289062 0.742188
v 0.398438 -0.046875 0.671875
v -0.398438 -0.046875 0.671875
v 0.617188 0.054688 0.625000
v -0.617188 0.054688 0.625000
v 0.726562 0.203125 0.601562
v -0.726562 0.203125 0.601562
v 0.742188 0.375000 0.656250
v -0.742188 0.375000 0.656250
v 0.687500 0.414062 0.726562
v -0.687500 0.414062 0.726562
v 0.437500 0.546875 0.796875
v -0.437500 0.546875 0.796875
v 0.312500 0.640625 0.835938
v -0.312500 0.640625 0.835938
v 0.203125 0.617188 0.851562
v -0.203125 0.617188 0.851562
v 0.101562 0.429688 0.843750
v -0.101562 0.429688 0.843750
v 0.125000 -0.101562 0.812500
v -0.125000 -0.101562 0.812500
v 0.210938 -0.445312 0.710938
v -0.210938 -0.445312 0.710938
v 0.250000 -0.703125 0.687500
v -0.250000 -0.703125 0.687500
v 0.265625 -0.820312 0.664062
v -0.265625 -0.820312 0.664062
v 0.234375 -0.914062 0.632812
v -0.234375 -0.914062 0.632812
v 0.164062 -0.929688 0.632812
v -0.164062 -0.929688 0.632812
v 0.000000 -0.945312 0.640625
v 0.000000 0.046875 0.726562
v 0.000000 0.210938 0.765625
v 0.328125 0.476562 0.742188
v -0.328125 0.476562 0.742188
v 0.164062 0.140625 0.750000
v -0.164062 0.140625 0.750000
v 0.132812 0.210938 0.757812
v -0.132812 0.210938 0.757812
v 0.117188 -0.687500 0.734375
v -0.117188 -0.687500 0.734375
v 0.078125 -0.445312 0.750000
v -0.078125 -0.445312 0.750000
v 0.000000 -0.445312 0.750000
v 0.000000 -0.328125 0.742188
v 0.093750 -0.273438 0.781250
v -0.093750 -0.273438 0.781250
v 0.132812 -0.226562 0.796875
v -0.132812 -0.226562 0.796875
v 0.109375 -0.132812 0.781250
v -0.109375 -0.132812 0.781250
v 0.039062 -0.125000 0.781250
v -0.039062 -0.125000 0.781250
v 0.000000 -0.203125 0.828125
v 0.046875 -0.148438 0.812500
v -0.046875 -0.148438 0.812500
v 0.093750 -0.156250 0.812500
v -0.093750 -0.156250 0.812500
v 0.109375 -0.226562 0.828125
v -0.109375 -0.226562 0.828125
v 0.078125 -0.250000 0.804688
v -0.078125 -0.250000 0.804688
v 0.000000 -0.289062 0.804688
v 0.257812 -0.312500 0.554688
v -0.257812 -0.312500 0.554688
v 0.164062 -0.242188 0.710938
v -0.164062 -0.242188 0.710938
v 0.179688 -0.312500 0.710938
v -0.179688 -0.312500 0.710938
v 0.234375 -0.250000 0.554688
v -0.234375 -0.250000 0.554688
v 0.000000 -0.875000 0.687500
v 0.046875 -0.867188 0.687500
v -0.046875 -0.867188 0.687500
v 0.093750 -0.820312 0.710938
v -0.093750 -0.820312 0.710938
v 0.093750 -0.742188 0.726562
v -0.093750 -0.742188 0.726562
v 0.000000 -0.781250 0.656250
v 0.093750 -0.750000 0.664062
v -0.093750 -0.750000 0.664062
v 0.093750 -0.812500 0.640625
v -0.093750 -0.812500 0.640625
v 0.046875 -0.851562 0.632812
v -0.046875 -0.851562 0.632812
v 0.000000 -0.859375 0.632812
v 0.171875 0.218750 0.781250
v -0.171875 0.218750 0.781250
v 0.187500 0.156250 0.773438
v -0.187500 0.156250 0.773438
v 0.335938 0.429688 0.757812
v -0.335938 0.429688 0.757812
v 0.273438 0.421875 0.773438
v -0.273438 0.421875 0.773438
v 0.421875 0.398438 0.773438
v -0.421875 0.398438 0.773438
v 0.562500 0.351562 0.695312
v -0.562500 0.351562 0.695312
v 0.585938 0.289062 0.687500
v -0.585938 0.289062 0.687500
v 0.578125 0.195312 0.679688
v -0.578125 0.195312 0.679688
v 0.476562 0.101562 0.718750
v -0.476562 0.101562 0.718750
v 0.375000 0.062500 0.742188
v -0.375000 0.062500 0.742188
v 0.226562 0.109375 0.781250
v -0.226562 0.109375 0.781250
v 0.179688 0.296875 0.781250
v -0.179688 0.296875 0.781250
v 0.210938 0.375000 0.781250
v -0.210938 0.375000 0.781250
v 0.234375 0.359375 0.757812
v -0.234375 0.359375 0.757812
v 0.195312 0.296875 0.757812
v -0.195312 0.296875 0.757812
v 0.242188 0.125000 0.757812
v -0.242188 0.125000 0.757812
v 0.375000 0.085938 0.726562
v -0.375000 0.085938 0.726562
v 0.460938 0.117188 0.703125
v -0.460938 0.117188 0.703125
v 0.546875 0.210938 0.671875
v -0.546875 0.210938 0.671875
v 0.554688 0.281250 0.671875
v -0.554688 0.281250 0.671875
v 0.531250 0.335938 0.679688
v -0.531250 0.335938 0.679688
v 0.414062 0.390625 0.750000
v -0.414062 0.390625 0.750000
v 0.281250 0.398438 0.765625
v -0.281250 0.398438 0.765625
v 0.335938 0.406250 0.750000
v -0.335938 0.406250 0.750000
v 0.203125 0.171875 0.750000
v -0.203125 0.171875 0.750000
v 0.195312 0.226562 0.750000
v -0.195312 0.226562 0.750000
v 0.109375 0.460938 0.609375
v -0.109375 0.460938 0.609375
v 0.195312 0.664062 0.617188
v -0.195312 0.664062 0.617188
v 0.335938 0.687500 0.593750
v -0.335938 0.687500 0.593750
v 0.484375 0.554688 0.554688
v -0.484375 0.554688 0.554688
v 0.679688 0.453125 0.492188
v -0.679688 0.453125 0.492188
v 0.796875 0.406250 0.460938
v -0.796875 0.406250 0.460938
v 0.773438 0.164062 0.375000
v -0.773438 0.164062 0.375000
v 0.601562 0.000000 0.414062
v -0.601562 0.000000 0.414062
v 0.437500 -0.093750 0.468750
v -0.437500 -0.093750 0.468750
v 0.000000 0.898438 0.289062
v 0.000000 0.984375 -0.078125
v 0.000000 -0.195312 -0.671875
v 0.000000 -0.460938 0.187500
v 0.000000 -0.976562 0.460938
v 0.000000 -0.804688 0.343750
v 0.000000 -0.570312 0.320312
v 0.000000 -0.484375 0.281250
v 0.851562 0.234375 0.054688
v -0.851562 0.234375 0.054688
v 0.859375 0.320312 -0.046875
v -0.859375 0.320312 -0.046875
v 0.773438 0.265625 -0.437500
v -0.773438 0.265625 -0.437500
v 0.460938 0.437500 -0.703125
v -0.460938 0.437500 -0.703125
v 0.734375 -0.046875 0.070312
v -0.734375 -0.046875 0.070312
v 0.593750 -0.125000 -0.164062
v -0.593750 -0.125000 -0.164062
v 0.640625 -0.007812 -0.429688
v -0.640625 -0.007812 -0.429688
v 0.335938 0.054688 -0.664062
v -0.335938 0.054688 -0.664062
v 0.234375 -0.351562 0.406250
v -0.234375 -0.351562 0.406250
v 0.179688 -0.414062 0.257812
v -0.179688 -0.414062 0.257812
v 0.289062 -0.710938 0.382812
v -0.289062 -0.710938 0.382812
v 0.250000 -0.500000 0.390625
v -0.250000 -0.500000 0.390625
v 0.328125 -0.914062 0.398438
v -0.328125 -0.914062 0.398438
v 0.140625 -0.757812 0.367188
v -0.140625 -0.757812 0.367188
v 0.125000 -0.539062 0.359375
v -0.125000 -0.539062 0.359375
v 0.164062 -0.945312 0.437500
v -0.164062 -0.945312 0.437500
v 0.218750 -0.281250 0.429688
v -0.218750 -0.281250 0.429688
v 0.210938 -0.226562 0.468750
v -0.210938 -0.226562 0.468750
v 0.203125 -0.171875 0.500000
v -0.203125 -0.171875 0.500000
v 0.210938 -0.390625 0.164062
v -0.210938 -0.390625 0.164062
v 0.296875 -0.312500 -0.265625
v -0.296875 -0.312500 -0.265625
v 0.343750 -0.148438 -0.539062
v -0.343750 -0.148438 -0.539062
v 0.453125 0.867188 -0.382812
v -0.453125 0.867188 -0.382812
v 0.453125 0.929688 -0.070312
v -0.453125 0.929688 -0.070312
v 0.453125 0.851562 0.234375
v -0.453125 0.851562 0.234375
v 0.460938 0.523438 0.429688
v -0.460938 0.523438 0.429688
v 0.726562 0.406250 0.335938
v -0.726562 0.406250 0.335938
v 0.632812 0.453125 0.281250
v -0.632812 0.453125 0.281250
v 0.640625 0.703125 0.054688
v -0.640625 0.703125 0.054688
v 0.796875 0.562500 0.125000
v -0.796875 0.562500 0.125000
v 0.796875 0.617188 -0.117188
v -0.796875 0.617188 -0.117188
v 0.640625 0.750000 -0.195312
v -0.640625 0.750000 -0.195312
v 0.640625 0.679688 -0.445312
v -0.640625 0.679688 -0.445312
v 0.796875 0.539062 -0.359375
v -0.796875 0.539062 -0.359375
v 0.617188 0.328125 -0.585938
v -0.617188 0.328125 -0.585938
v 0.484375 0.023438 -0.546875
v -0.484375 0.023438 -0.546875
v 0.820312 0.328125 -0.203125
v -0.820312 0.328125 -0.203125
v 0.406250 -0.171875 0.148438
v -0.406250 -0.171875 0.148438
v 0.429688 -0.195312 -0.210938
v -0.429688 -0.195312 -0.210938
v 0.890625 0.406250 -0.234375
v -0.890625 0.406250 -0.234375
v 0.773438 -0.140625 -0.125000
v -0.773438 -0.140625 -0.125000
v 1.039062 -0.101562 -0.328125
v -1.039062 -0.101562 -0.328125
v 1.281250 0.054688 -0.429688
v -1.281250 0.054688 -0.429688
v 1.351562 0.320312 -0.421875
v -1.351562 0.320312 -0.421875
v 1.234375 0.507812 -0.421875
v -1.234375 0.507812 -0.421875
v 1.023438 0.476562 -0.312500
v -1.023438 0.476562 -0.312500
v 1.015625 0.414062 -0.289062
v -1.015625 0.414062 -0.289062
v 1.187500 0.437500 -0.390625
v -1.187500 0.437500 -0.390625
v 1.265625 0.289062 -0.406250
v -1.265625 0.289062 -0.406250
v 1.210938 0.078125 -0.406250
v -1.210938 0.078125 -0.406250
v 1.031250 -0.039062 -0.304688
v -1.031250 -0.039062 -0.304688
v 0.828125 -0.070312 -0.132812
v -0.828125 -0.070312 -0.132812
v 0.921875 0.359375 -0.218750
v -0.921875 0.359375 -0.218750
v 0.945312 0.304688 -0.289062
v -0.945312 0.304688 -0.289062
v 0.882812 -0.023438 -0.210938
v -0.882812 -0.023438 -0.210938
v 1.039062 0.000000 -0.367188
v -1.039062 0.000000 -0.367188
v 1.187500 0.093750 -0.445312
v -1.187500 0.093750 -0.445312
v 1.234375 0.250000 -0.445312
v -1.234375 0.250000 -0.445312
v 1.171875 0.359375 -0.437500
v -1.171875 0.359375 -0.437500
v 1.023438 0.343750 -0.359375
v -1.023438 0.343750 -0.359375
v 0.843750 0.289062 -0.210938
v -0.843750 0.289062 -0.210938
v 0.835938 0.171875 -0.273438
v -0.835938 0.171875 -0.273438
v 0.757812 0.093750 -0.273438
v -0.757812 0.093750 -0.273438
v 0.820312 0.085938 -0.273438
v -0.820312 0.085938 -0.273438
v 0.843750 0.015625 -0.273438
v -0.843750 0.015625 -0.273438
v 0.812500 -0.015625 -0.273438
v -0.812500 -0.015625 -0.273438
v 0.726562 0.000000 -0.070312
v -0.726562 0.000000 -0.070312
v 0.718750 -0.023438 -0.171875
v -0.718750 -0.023438 -0.171875
v 0.718750 0.039062 -0.187500
v -0.718750 0.039062 -0.187500
v 0.796875 0.203125 -0.210938
v -0.796875 0.203125 -0.210938
v 0.890625 0.242188 -0.265625
v -0.890625 0.242188 -0.265625
v 0.890625 0.234375 -0.320312
v -0.890625 0.234375 -0.320312
v 0.812500 -0.015625 -0.320312
v -0.812500 -0.015625 -0.320312
v 0.851562 0.015625 -0.320312
v -0.851562 0.015625 -0.320312
v 0.828125 0.078125 -0.320312
v -0.828125 0.078125 -0.320312
v 0.765625 0.093750 -0.320312
v -0.765625 0.093750 -0.320312
v 0.843750 0.171875 -0.320312
v -0.843750 0.171875 -0.320312
v 1.039062 0.328125 -0.414062
v -1.039062 0.328125 -0.414062
v 1.187500 0.343750 -0.484375
v -1.187500 0.343750 -0.484375
v 1.257812 0.242188 -0.492188
v -1.257812 0.242188 -0.492188
v 1.210938 0.085938 -0.484375
v -1.210938 0.085938 -0.484375
v 1.046875 0.000000 -0.421875
v -1.046875 0.000000 -0.421875
v 0.882812 -0.015625 -0.265625
v -0.882812 -0.015625 -0.265625
v 0.953125 0.289062 -0.343750
v -0.953125 0.289062 -0.343750
v 0.890625 0.109375 -0.328125
v -0.890625 0.109375 -0.328125
v 0.937500 0.062500 -0.335938
v -0.937500 0.062500 -0.335938
v 1.000000 0.125000 -0.367188
v -1.000000 0.125000 -0.367188
v 0.960938 0.171875 -0.351562
v -0.960938 0.171875 -0.351562
v 1.015625 0.234375 -0.375000
v -1.015625 0.234375 -0.375000
v 1.054688 0.187500 -0.382812
v -1.054688 0.187500 -0.382812
v 1.109375 0.210938 -0.390625
v -1.109375 0.210938 -0.390625
v 1.085938 0.273438 -0.390625
v -1.085938 0.273438 -0.390625
v 1.023438 0.437500 -0.484375
v -1.023438 0.437500 -0.484375
v 1.250000 0.468750 -0.546875
v -1.250000 0.468750 -0.546875
v 1.367188 0.296875 -0.500000
v -1.367188 0.296875 -0.500000
v 1.312500 0.054688 -0.531250
v -1.312500 0.054688 -0.531250
v 1.039062 -0.085938 -0.492188
v -1.039062 -0.085938 -0.492188
v 0.789062 -0.125000 -0.328125
v -0.789062 -0.125000 -0.328125
v 0.859375 0.382812 -0.382812
v -0.859375 0.382812 -0.382812
vn 0.6617 -0.2026 0.7219
vn -0.6617 -0.2026 0.7219
vn 0.8268 -0.3051 0.4725
vn -0.8268 -0.3051 0.4725
vn 0.4076 -0.7905 0.4570
vn -0.4076 -0.7905 0.4570
vn 0.3791 -0.5163 0.7679
vn -0.3791 -0.5163 0.7679
vn -0.0859 -0.5222 0.8485
vn 0.0859 -0.5222 0.8485
vn -0.2664 -0.8487 0.4570
vn 0.2664 -0.8487 0.4570
vn -0.7824 -0.3294 0.5285
vn 0.7606 -0.3400 0.5531
vn -0.4706 -0.1981 0.8598
vn 0.4706 -0.1981 0.8598
vn -0.4649 0.1958 0.8634
vn 0.4649 0.1958 0.8634
vn -0.7656 0.3223 0.5568
vn 0.7683 0.3293 0.5488
vn -0.2560 0.8073 0.5317
vn 0.2487 0.8249 0.5076
vn -0.0821 0.6023 0.7940
vn 0.1017 0.5518 0.8277
vn 0.3329 0.5231 0.7846
vn -0.3861 0.5446 0.7445
vn 0.4246 0.7711 0.4745
vn -0.4059 0.7641 0.5014
vn 0.8251 0.2968 0.4808
vn -0.8299 0.2940 0.4742
vn 0.6888 0.1868 0.7005
vn -0.6617 0.2026 0.7219
vn 0.8400 0.3436 -0.4200
vn -0.7816 0.3058 -0.5437
vn 0.2074 0.8296 -0.5185
vn -0.2037 0.8146 -0.5431
vn -0.4056 0.7605 -0.5070
vn 0.4381 0.7988 -0.4123
vn -0.8642 0.3143 -0.3928
vn 0.7861 0.3276 -0.5241
vn -0.7783 -0.3538 -0.5188
vn 0.7782 -0.3538 -0.5188
vn -0.4381 -0.7988 -0.4123
vn 0.4381 -0.7988 -0.4123
vn 0.2037 -0.8146 -0.5431
vn -0.2037 -0.8146 -0.5431
vn 0.7683 -0.3293 -0.5488
vn -0.7683 -0.3293 -0.5488
vn 0.4000 -0.0623 0.9144
vn -0.4000 -0.0623 0.9144
vn 0.3069 -0.1754 0.9354
vn -0.3069 -0.1754 0.9354
vn 0.0945 -0.1835 0.9785
vn -0.0945 -0.1835 0.9785
vn -0.0624 -0.0283 0.9977
vn 0.0624 -0.0283 0.9977
vn -0.0624 0.0260 0.9977
vn 0.0624 0.0260 0.9977
vn 0.0996 0.1729 0.9799
vn -0.0996 0.1729 0.9799
vn 0.3036 0.1656 0.9383
vn -0.3036 0.1656 0.9383
vn 0.4002 0.0572 0.9147
vn -0.4002 0.0572 0.9147
vn 0.1367 -0.8748 0.4648
vn -0.1054 -0.8433 0.5270
vn 0.2303 -0.8656 0.4447
vn -0.1916 -0.8620 0.4693
vn 0.5788 -0.5049 0.6404
vn -0.5788 -0.5049 0.6404
vn 0.7763 -0.0633 0.6272
vn -0.7763 -0.0633 0.6272
vn 0.7471 0.1132 0.6550
vn -0.7471 0.1132 0.6550
vn 0.3747 -0.8345 0.4040
vn -0.3747 -0.8345 0.4040
vn 0.3557 -0.7290 0.5848
vn -0.4177 -0.5751 0.7034
vn 0.6947 -0.4197 0.5841
vn -0.6947 -0.4197 0.5841
vn 0.7028 -0.3915 0.5939
vn -0.5537 -0.2978 0.7777
vn 0.3127 0.3425 0.8860
vn -0.8227 0.3606 0.4395
vn 0.5091 0.6482 0.5663
vn -0.5041 0.6448 0.5745
vn 0.5977 0.5565 0.5771
vn -0.5977 0.5565 0.5771
vn -0.0486 0.6560 0.7532
vn 0.0371 0.6685 0.7428
vn -0.7104 0.2715 0.6494
vn 0.7386 0.3768 0.5590
vn -0.6013 0.5262 0.6013
vn 0.5774 0.5774 0.5774
vn 0.5070 -0.6281 0.5903
vn -0.5364 -0.3230 0.7797
vn 0.2226 -0.4694 0.8545
vn -0.2226 -0.4694 0.8545
vn -0.0348 -0.5792 0.8144
vn 0.1073 -0.5010 0.8588
vn -0.0899 -0.7843 0.6138
vn 0.0770 -0.5759 0.8139
vn 0.0547 -0.1695 0.9840
vn -0.0279 -0.8645 0.5019
vn 0.4260 -0.0609 0.9027
vn -0.1687 -0.3128 0.9347
vn 0.3352 -0.1828 0.9243
vn -0.4350 -0.1812 0.8820
vn 0.3579 -0.3068 0.8819
vn -0.3223 -0.2762 0.9054
vn 0.3069 0.2113 0.9280
vn -0.4815 -0.2408 0.8427
vn -0.1598 0.3903 0.9067
vn 0.1598 0.3903 0.9067
vn 0.6819 -0.2915 0.6709
vn -0.1854 -0.4956 0.8485
vn 0.0585 -0.0781 0.9952
vn -0.0585 -0.0781 0.9952
vn -0.0066 -0.2316 0.9728
vn -0.0585 -0.0845 0.9947
vn 0.1008 -0.7103 0.6966
vn -0.1008 -0.7103 0.6966
vn 0.1322 -0.5947 0.7930
vn -0.1322 -0.5947 0.7930
vn 0.3128 -0.1662 0.9352
vn -0.3143 -0.3928 0.8642
vn 0.3288 -0.0360 0.9437
vn -0.3288 -0.0360 0.9437
vn 0.3233 -0.0808 0.9429
vn -0.3233 -0.0808 0.9429
vn -0.0232 0.0511 0.9984
vn -0.0000 0.0665 0.9978
vn -0.0043 -0.0651 0.9979
vn -0.0000 -0.0665 0.9978
vn -0.0000 -0.0000 1.0000
vn 0.8447 -0.5335 0.0445
vn -0.8447 -0.5335 0.0445
vn 0.9500 0.2692 -0.1583
vn -0.9500 0.2692 -0.1583
vn 0.0693 0.9004 -0.4294
vn -0.1018 0.9165 -0.3870
vn -1.0000 -0.0000 -0.0000
vn 0.6905 0.5492 0.4708
vn 0.4071 -0.8956 0.1791
vn -0.4319 -0.8639 0.2592
vn 0.2873 -0.5747 0.7663
vn -0.2873 -0.5747 0.7663
vn -0.6326 0.5353 0.5596
vn 0.6326 0.5353 0.5596
vn 0.0862 0.7759 0.6250
vn -0.0862 0.7759 0.6250
vn 0.7532 0.2870 0.5918
vn -0.7639 0.2971 0.5729
vn 0.3416 -0.5409 0.7686
vn -0.3416 -0.5409 0.7686
vn 0.0502 0.2343 0.9709
vn -0.0375 0.2247 0.9737
vn -0.1304 -0.6087 0.7826
vn 0.1304 -0.6087 0.7826
vn -0.5059 0.0716 0.8596
vn 0.5059 0.0716 0.8596
vn -0.5774 -0.5774 0.5774
vn 0.5774 -0.5774 0.5774
vn 0.5460 -0.4310 0.7184
vn -0.3319 0.0738 0.9404
vn 0.3231 0.0311 0.9459
vn -0.2815 0.0662 0.9573
vn 0.7357 0.3910 0.5531
vn -0.8753 0.2059 0.4376
vn 0.8480 0.3180 0.4240
vn -0.8973 0.1994 0.3938
vn 0.8505 0.3798 0.3638
vn -0.8505 0.3798 0.3638
vn 0.1783 -0.4161 0.8917
vn -0.2524 -0.8655 0.4327
vn -0.1296 -0.1945 0.9723
vn 0.1296 -0.1945 0.9723
vn -0.4472 -0.0000 0.8944
vn 0.4472 -0.0000 0.8944
vn -0.1582 0.9494 0.2713
vn 0.1582 0.9494 0.2713
vn -0.6463 0.7337 0.2096
vn 0.6463 0.7337 0.2096
vn 1.0000 -0.0000 -0.0000
vn 0.3051 -0.9450 0.1181
vn -0.3051 -0.9450 0.1181
vn 0.0217 -0.3031 0.9527
vn -0.0217 -0.3031 0.9527
vn 0.1353 -0.3479 0.9277
vn -0.1353 -0.3479 0.9277
vn -0.4681 -0.2239 0.8548
vn 0.4681 -0.2239 0.8548
vn -0.2710 0.0271 0.9622
vn 0.2710 0.0271 0.9622
vn -0.1717 -0.0090 0.9851
vn 0.2595 0.1038 0.9601
vn -0.4332 -0.4874 0.7581
vn 0.6684 -0.4595 0.5849
vn -0.1599 -0.8797 0.4478
vn 0.1599 -0.8797 0.4478
vn 0.3900 -0.5895 0.7074
vn -0.3900 -0.5895 0.7074
vn 0.6547 -0.4589 0.6007
vn -0.6547 -0.4589 0.6007
vn 0.5378 -0.1144 0.8353
vn -0.5378 -0.1144 0.8353
vn 0.5657 0.1197 0.8159
vn -0.5774 0.1155 0.8083
vn 0.4082 0.4082 0.8165
vn -0.5214 0.6574 0.5441
vn 0.1796 0.7882 0.5886
vn -0.1796 0.7882 0.5886
vn 0.1881 0.3387 0.9219
vn -0.1881 0.3387 0.9219
vn -0.0870 0.2756 0.9573
vn 0.0870 0.2756 0.9573
vn 0.2804 -0.2181 0.9348
vn -0.3553 -0.5739 0.7379
vn 0.3015 -0.3015 0.9045
vn -0.3015 -0.3015 0.9045
vn -0.3766 -0.8339 0.4035
vn 0.0631 -0.3156 0.9468
vn 0.0823 -0.7822 0.6175
vn 0.2016 -0.9071 0.3696
vn -0.3707 -0.2851 0.8839
vn 0.3707 -0.2851 0.8839
vn -0.2692 -0.0577 0.9614
vn 0.4568 0.0508 0.8881
vn -0.2797 0.5245 0.8042
vn 0.2797 0.5245 0.8042
vn -0.0213 0.5546 0.8319
vn 0.0487 0.6815 0.7302
vn 0.3778 0.6342 0.6746
vn -0.3378 0.5221 0.7831
vn 0.4988 0.5300 0.6858
vn -0.4988 0.5300 0.6858
vn 0.5425 -0.3391 0.7686
vn -0.5425 -0.3391 0.7686
vn 0.8305 -0.0615 0.5536
vn -0.8305 -0.0615 0.5536
vn 0.7814 0.1116 0.6140
vn -0.7814 0.1116 0.6140
vn -0.4338 0.8888 -0.1481
vn 0.4338 0.8888 -0.1481
vn -0.8515 0.3744 -0.3670
vn 0.8515 0.3744 -0.3670
vn -0.2664 0.8710 -0.4127
vn 0.2197 0.8626 -0.4557
vn 0.5932 0.7445 -0.3063
vn -0.5914 0.7489 -0.2991
vn 0.3714 0.8685 -0.3284
vn -0.3653 0.8833 -0.2938
vn 0.2901 0.9141 -0.2833
vn -0.2901 0.9141 -0.2833
vn 0.8873 0.1343 -0.4412
vn -0.7964 0.1323 -0.5901
vn 0.5108 -0.6649 -0.5450
vn -0.5108 -0.6649 -0.5450
vn 0.3695 -0.8566 -0.3601
vn -0.3695 -0.8566 -0.3601
vn 0.3617 -0.3858 -0.8487
vn -0.1649 -0.6644 -0.7289
vn 0.1952 -0.0976 -0.9759
vn -0.3011 -0.0125 -0.9535
vn -0.0107 -0.5633 -0.8262
vn -0.2562 -0.3112 -0.9152
vn 0.1533 -0.9649 -0.2134
vn -0.1533 -0.9649 -0.2134
vn 0.1260 -0.9624 -0.2406
vn -0.1260 -0.9624 -0.2406
vn 0.9396 0.1573 -0.3041
vn -0.9396 0.1573 -0.3041
vn 0.9278 0.1838 -0.3246
vn -0.9278 0.1838 -0.3246
vn 0.2192 0.0766 -0.9727
vn -0.2192 0.0766 -0.9727
vn 0.1211 -0.0530 -0.9912
vn 0.1497 -0.3635 -0.9195
vn 0.9094 0.1371 -0.3927
vn -0.3706 -0.6780 -0.6349
vn 0.9202 0.1355 -0.3672
vn -0.9202 0.1355 -0.3672
vn 0.9173 0.3440 -0.2007
vn -0.9457 0.2673 -0.1850
vn 0.9004 0.3642 -0.2380
vn -0.9337 0.2813 -0.2215
vn 0.8945 0.4337 0.1084
vn -0.9501 0.2455 -0.1922
vn 0.1596 -0.9577 -0.2394
vn -0.1835 -0.7864 -0.5898
vn 0.3693 -0.4712 -0.8010
vn -0.3727 -0.4759 -0.7966
vn 0.2986 -0.8236 -0.4821
vn -0.3263 -0.8342 -0.4446
vn 0.2995 -0.9442 -0.1368
vn -0.2995 -0.9442 -0.1368
vn 0.3287 -0.9163 -0.2291
vn -0.3287 -0.9163 -0.2291
vn 0.8305 0.3333 -0.4463
vn -0.8642 -0.4737 0.1696
vn 0.9166 -0.3740 0.1414
vn -0.9166 -0.3740 0.1414
vn 0.2950 -0.0454 -0.9544
vn -0.4189 -0.2265 -0.8793
vn 0.1272 0.9658 0.2260
vn -0.1119 0.9626 0.2468
vn 0.1320 0.9750 -0.1788
vn -0.1320 0.9750 -0.1788
vn 0.3878 0.6192 -0.6828
vn -0.3878 0.6192 -0.6828
vn 0.4951 0.8618 -0.1100
vn -0.4951 0.8618 -0.1100
vn 0.2561 0.6447 0.7202
vn -0.2561 0.6447 0.7202
vn 0.5966 0.7888 0.1479
vn -0.5966 0.7888 0.1479
vn 0.7125 0.6755 -0.1900
vn -0.7125 0.6755 -0.1900
vn 0.7104 0.1364 -0.6904
vn -0.6304 0.2517 -0.7343
vn 0.6823 0.2318 -0.6933
vn -0.6823 0.2318 -0.6933
vn 0.6574 0.7254 -0.2040
vn -0.6574 0.7254 -0.2040
vn 0.7289 0.6729 0.1262
vn -0.7289 0.6729 0.1262
vn 0.7791 0.4074 0.4764
vn -0.7791 0.4074 0.4764
vn 0.3669 0.8840 -0.2898
vn -0.3238 0.9434 -0.0720
vn 0.2854 0.6237 0.7277
vn -0.1548 0.5080 0.8473
vn -0.1681 0.1005 -0.9806
vn 0.1681 0.1005 -0.9806
vn 0.2925 0.5674 0.7697
vn -0.2925 0.5674 0.7697
vn -0.1616 0.1847 0.9694
vn 0.1616 0.1847 0.9694
vn 0.8681 0.0893 -0.4883
vn -0.9340 0.2255 0.2773
vn 0.9276 0.0762 0.3657
vn -0.9276 0.0762 0.3657
vn 0.9750 0.2169 0.0490
vn -0.9750 0.2169 0.0490
vn 0.9817 -0.0304 -0.1882
vn -0.9956 0.0893 -0.0288
vn 0.7466 -0.6646 0.0285
vn -0.6374 -0.7651 0.0915
vn 0.3723 -0.9243 0.0847
vn -0.3720 -0.9244 0.0845
vn 0.3986 -0.8754 0.2734
vn -0.3986 -0.8754 0.2734
vn 0.6328 -0.7642 0.1247
vn -0.6328 -0.7642 0.1247
vn 0.7325 -0.6368 0.2407
vn -0.7325 -0.6368 0.2407
vn 0.2637 -0.4499 0.8533
vn -0.2637 -0.4499 0.8533
vn 0.5881 -0.3070 -0.7483
vn -0.5236 -0.3290 -0.7859
vn 0.4694 -0.2400 -0.8498
vn -0.5396 -0.3343 -0.7727
vn 0.4463 -0.8452 -0.2941
vn -0.2144 -0.8341 -0.5082
vn 0.6973 -0.6610 -0.2771
vn -0.7365 -0.6154 -0.2808
vn 0.4972 -0.4408 -0.7473
vn -0.4972 -0.4408 -0.7473
vn 0.3691 0.2855 0.8844
vn -0.3244 0.4867 0.8111
vn 0.4467 0.0975 0.8894
vn -0.4467 0.0975 0.8894
vn 0.3188 0.1993 0.9266
vn -0.1817 -0.0079 0.9833
vn 0.2076 -0.0836 0.9746
vn -0.2925 -0.0758 0.9533
vn 0.3398 0.0824 0.9369
vn -0.5847 -0.2198 0.7809
vn 0.5957 -0.3850 0.7049
vn -0.5957 -0.3850 0.7049
vn 0.4843 0.5580 0.6738
vn -0.4843 0.5580 0.6738
vn -0.2675 0.8318 0.4864
vn 0.2675 0.8318 0.4864
vn -0.8576 0.2223 0.4637
vn 0.7885 0.2366 0.5677
vn -0.5257 -0.3579 0.7717
vn 0.5242 -0.3548 0.7742
vn 0.4663 -0.5991 0.6509
vn -0.4390 -0.5252 0.7290
vn 0.7104 -0.4567 0.5356
vn -0.7104 -0.4567 0.5356
vn 0.7507 -0.6131 -0.2461
vn -0.6302 -0.7658 0.1282
vn -0.1788 0.2923 0.9395
vn 0.2175 0.2733 0.9370
vn 0.9042 -0.3578 -0.2332
vn -0.9042 -0.3578 -0.2332
vn 0.0400 0.3399 0.9396
vn -0.0400 0.3399 0.9396
vn 0.2734 0.9064 0.3221
vn -0.2734 0.9064 0.3221
vn 0.4480 -0.4480 0.7737
vn -0.7177 0.1689 0.6755
vn 0.5534 -0.5534 0.6225
vn -0.9008 -0.4075 0.1501
vn 0.5724 -0.3122 0.7582
vn -0.5815 -0.5217 0.6243
vn 0.5597 -0.5533 0.6169
vn -0.6138 -0.2571 0.7465
vn 0.8271 0.5323 -0.1802
vn -0.8271 0.5323 -0.1802
vn 0.9227 -0.3765 -0.0825
vn -0.8717 -0.4446 -0.2063
vn 0.9972 -0.0181 -0.0725
vn -0.9972 -0.0181 -0.0725
vn 0.6895 -0.6644 0.2883
vn -0.6895 -0.6644 0.2883
vn 0.7815 -0.6176 0.0882
vn -0.7930 -0.5947 0.1322
vn 0.7022 -0.7022 0.1170
vn -0.7022 -0.7022 0.1170
vn 0.1240 0.9921 0.0207
vn -0.2408 0.9631 -0.1204
vn 0.9435 0.3145 0.1048
vn -0.9251 0.3469 0.1542
vn 0.6213 -0.7767 0.1036
vn -0.6213 -0.7767 0.1036
vn -0.0000 1.0000 -0.0000
vn 0.6197 -0.6899 0.3742
vn -0.6197 -0.6899 0.3742
vn 0.2752 -0.8808 0.3853
vn -0.2752 -0.8808 0.3853
vn -0.7929 -0.5252 -0.3089
vn 0.7929 -0.5252 -0.3089
vn -0.8096 0.2429 -0.5343
vn 0.8538 0.2328 -0.4657
vn -0.5621 0.8231 -0.0803
vn 0.5433 0.6985 -0.4657
vn -0.0071 0.9899 0.1414
vn 0.1096 0.9939 -0.0157
vn 0.1046 0.0392 0.9937
vn -0.1738 0.0097 0.9847
vn 0.2461 0.0852 0.9655
vn -0.4134 0.0413 0.9096
vn 0.3009 0.0926 0.9491
vn -0.3009 0.0926 0.9491
vn 0.2104 0.0124 0.9775
vn -0.1220 0.0458 0.9915
vn -0.0099 0.3867 0.9221
vn 0.0099 0.3867 0.9221
vn 0.3787 -0.0364 0.9248
vn -0.4244 -0.0320 0.9049
vn 0.2530 -0.1897 0.9487
vn -0.2570 0.0723 0.9637
vn -0.4870 0.6088 0.6262
vn 0.2981 0.7454 0.5963
vn 0.6693 0.1802 0.7208
vn -0.6693 0.1802 0.7208
vn 0.4388 -0.2008 0.8759
vn -0.4723 -0.1986 0.8588
vn 0.5786 -0.1334 0.8046
vn -0.2975 -0.4062 0.8640
vn 0.5002 0.2833 0.8182
vn -0.5002 0.2833 0.8182
vn 0.2980 0.5802 0.7580
vn -0.2980 0.5802 0.7580
vn 0.0929 -0.9912 -0.0944
vn -0.0929 -0.9912 -0.0944
vn 0.4688 -0.8715 0.1442
vn -0.4688 -0.8715 0.1442
vn 0.9309 -0.2541 0.2624
vn -0.9264 -0.2460 0.2851
vn 0.8465 0.5291 -0.0595
vn -0.8267 0.5627 -0.0035
vn -0.2511 0.9439 -0.2145
vn 0.2146 0.9243 -0.3157
vn -0.4841 0.8743 -0.0361
vn 0.4196 0.8851 -0.2012
vn -0.5256 -0.0030 -0.8507
vn 0.5470 -0.0144 -0.8370
vn -0.1466 0.0104 -0.9891
vn 0.1466 0.0104 -0.9891
vn 0.4046 0.0266 -0.9141
vn -0.4046 0.0266 -0.9141
vn -0.8073 0.5901 0.0041
vn 0.7330 0.6786 0.0472
vn 0.4200 -0.2291 -0.8781
vn -0.4200 -0.2291 -0.8781
vn -0.0687 -0.9943 -0.0818
vn 0.0687 -0.9943 -0.0818
vn 0.6713 -0.1971 0.7145
vn -0.6713 -0.1971 0.7145
vn 0.8326 -0.3017 0.4646
vn -0.8326 -0.3017 0.4646
vn 0.4258 -0.7967 0.4290
vn -0.4258 -0.7967 0.4290
vn 0.3265 -0.4954 0.8050
vn -0.3265 -0.4954 0.8050
vn -0.0649 -0.5714 0.8181
vn 0.0649 -0.5714 0.8181
vn -0.2738 -0.8315 0.4834
vn 0.2738 -0.8315 0.4834
vn -0.7606 -0.3400 0.5531
vn 0.7824 -0.3294 0.5285
vn -0.4658 -0.1863 0.8651
vn 0.4658 -0.1863 0.8651
vn -0.4983 0.1812 0.8478
vn 0.4983 0.1812 0.8478
vn -0.7683 0.3293 0.5488
vn 0.7656 0.3223 0.5568
vn -0.2487 0.8249 0.5076
vn 0.2560 0.8073 0.5317
vn -0.1017 0.5518 0.8277
vn 0.0821 0.6023 0.7940
vn 0.3861 0.5446 0.7445
vn -0.3329 0.5231 0.7846
vn 0.4059 0.7641 0.5014
vn -0.4246 0.7711 0.4745
vn 0.8299 0.2940 0.4742
vn -0.8251 0.2968 0.4808
vn 0.6617 0.2026 0.7219
vn -0.6888 0.1868 0.7005
vn 0.7816 0.3058 -0.5437
vn -0.8400 0.3436 -0.4200
vn 0.2037 0.8146 -0.5431
vn -0.2074 0.8296 -0.5185
vn -0.4381 0.7988 -0.4123
vn 0.4056 0.7605 -0.5070
vn -0.7861 0.3276 -0.5241
vn 0.8642 0.3143 -0.3928
vn -0.8519 -0.3408 -0.3976
vn 0.8519 -0.3408 -0.3976
vn -0.4056 -0.7605 -0.5070
vn 0.4056 -0.7605 -0.5070
vn 0.2074 -0.8296 -0.5185
vn -0.2074 -0.8296 -0.5185
vn 0.8297 -0.3734 -0.4149
vn -0.8297 -0.3734 -0.4149
vn 0.1054 -0.8433 0.5270
vn -0.1367 -0.8748 0.4648
vn 0.1916 -0.8620 0.4693
vn -0.2303 -0.8656 0.4447
vn 0.5959 -0.4256 0.6810
vn -0.5959 -0.4256 0.6810
vn 0.7563 -0.0299 0.6535
vn -0.7563 -0.0299 0.6535
vn 0.8069 0.0689 0.5866
vn -0.8069 0.0689 0.5866
vn 0.2334 -0.7779 0.5834
vn -0.2334 -0.7779 0.5834
vn 0.4177 -0.5751 0.7034
vn -0.3557 -0.7290 0.5848
vn 0.6872 -0.4191 0.5934
vn -0.6872 -0.4191 0.5934
vn 0.5537 -0.2978 0.7777
vn -0.7028 -0.3915 0.5939
vn 0.8227 0.3606 0.4395
vn -0.3127 0.3425 0.8860
vn 0.5041 0.6448 0.5745
vn -0.5091 0.6482 0.5663
vn 0.6155 0.4924 0.6155
vn -0.6155 0.4924 0.6155
vn -0.0371 0.6685 0.7428
vn 0.0486 0.6560 0.7532
vn -0.7386 0.3768 0.5590
vn 0.7104 0.2715 0.6494
vn -0.5774 0.5774 0.5774
vn 0.6013 0.5262 0.6013
vn 0.5364 -0.3230 0.7797
vn -0.5070 -0.6281 0.5903
vn 0.2181 -0.4685 0.8561
vn -0.2181 -0.4685 0.8561
vn -0.1073 -0.5010 0.8588
vn 0.0348 -0.5792 0.8144
vn -0.0770 -0.5759 0.8139
vn 0.0899 -0.7843 0.6138
vn 0.0279 -0.8645 0.5019
vn -0.0547 -0.1695 0.9840
vn 0.1687 -0.3128 0.9347
vn -0.4260 -0.0609 0.9027
vn 0.4350 -0.1812 0.8820
vn -0.3352 -0.1828 0.9243
vn 0.3223 -0.2762 0.9054
vn -0.3579 -0.3068 0.8819
vn 0.4815 -0.2408 0.8427
vn -0.3069 0.2113 0.9280
vn -0.0317 -0.1899 0.9813
vn 0.0317 -0.1899 0.9813
vn 0.1854 -0.4956 0.8485
vn -0.6819 -0.2915 0.6709
vn 0.2623 -0.3498 0.8994
vn -0.2623 -0.3498 0.8994
vn 0.0585 -0.0845 0.9947
vn 0.0066 -0.2316 0.9728
vn -0.0136 -0.6507 0.7592
vn 0.0136 -0.6507 0.7592
vn 0.2404 -0.5476 0.8014
vn -0.2404 -0.5476 0.8014
vn 0.3143 -0.3928 0.8642
vn -0.3128 -0.1662 0.9352
vn 0.2821 -0.0164 0.9592
vn -0.2821 -0.0164 0.9592
vn 0.3273 -0.1432 0.9340
vn -0.3273 -0.1432 0.9340
vn 0.0232 0.0511 0.9984
vn 0.0043 -0.0651 0.9979
vn 0.7826 -0.6087 -0.1304
vn -0.7826 -0.6087 -0.1304
vn 0.9448 0.1919 -0.2657
vn -0.9448 0.1919 -0.2657
vn 0.1018 0.9165 -0.3870
vn -0.0693 0.9004 -0.4294
vn -0.6905 0.5492 0.4708
vn 0.4319 -0.8639 0.2592
vn -0.4071 -0.8956 0.1791
vn -0.6667 0.6667 0.3333
vn 0.6667 0.6667 0.3333
vn 0.1348 0.8086 0.5727
vn -0.1348 0.8086 0.5727
vn 0.7639 0.2971 0.5729
vn -0.7532 0.2870 0.5918
vn 0.4116 -0.8575 0.3087
vn -0.4116 -0.8575 0.3087
vn 0.0375 0.2247 0.9737
vn -0.0502 0.2343 0.9709
vn 0.1304 -0.2609 0.9565
vn -0.1304 -0.2609 0.9565
vn -0.0631 -0.8206 0.5681
vn 0.0631 -0.8206 0.5681
vn 0.7325 0.2817 0.6198
vn -0.7325 0.2817 0.6198
vn 0.3319 0.0738 0.9404
vn -0.5460 -0.4310 0.7184
vn 0.2815 0.0662 0.9573
vn -0.3231 0.0311 0.9459
vn 0.8753 0.2059 0.4376
vn -0.7357 0.3910 0.5531
vn 0.8973 0.1994 0.3938
vn -0.8480 0.3180 0.4240
vn 0.9586 0.0664 0.2767
vn -0.9586 0.0664 0.2767
vn 0.2524 -0.8655 0.4327
vn -0.1783 -0.4161 0.8917
vn -0.1751 -0.2043 0.9631
vn 0.1751 -0.2043 0.9631
vn -0.1219 -0.1829 0.9755
vn 0.1219 -0.1829 0.9755
vn -0.1562 0.3123 0.9370
vn 0.1562 0.3123 0.9370
vn -0.7238 0.6857 0.0762
vn 0.7238 0.6857 0.0762
vn 0.0478 -0.2870 0.9567
vn -0.0478 -0.2870 0.9567
vn -0.5488 -0.3293 0.7683
vn 0.5488 -0.3293 0.7683
vn -0.4945 -0.1130 0.8618
vn 0.4945 -0.1130 0.8618
vn -0.2595 0.1038 0.9601
vn 0.1717 -0.0090 0.9851
vn -0.6684 -0.4595 0.5849
vn 0.4332 -0.4874 0.7581
vn -0.1156 -0.6359 0.7631
vn 0.1156 -0.6359 0.7631
vn 0.4242 -0.6211 0.6590
vn -0.4242 -0.6211 0.6590
vn 0.4767 -0.3557 0.8039
vn -0.4767 -0.3557 0.8039
vn 0.5871 -0.0839 0.8052
vn -0.5871 -0.0839 0.8052
vn 0.5774 0.1155 0.8083
vn -0.5657 0.1197 0.8159
vn 0.5214 0.6574 0.5441
vn -0.4082 0.4082 0.8165
vn 0.3358 0.3478 0.8754
vn -0.3358 0.3478 0.8754
vn 0.1452 0.3774 0.9146
vn -0.1452 0.3774 0.9146
vn 0.0301 0.2306 0.9726
vn -0.0301 0.2306 0.9726
vn 0.3553 -0.5739 0.7379
vn -0.2804 -0.2181 0.9348
vn 0.2627 -0.2252 0.9382
vn -0.2627 -0.2252 0.9382
vn -0.0631 -0.3156 0.9468
vn 0.3766 -0.8339 0.4035
vn -0.2016 -0.9071 0.3696
vn -0.0823 -0.7822 0.6175
vn -0.3356 -0.2397 0.9110
vn 0.3356 -0.2397 0.9110
vn -0.4568 0.0508 0.8881
vn 0.2692 -0.0577 0.9614
vn -0.0247 0.4072 0.9130
vn 0.0247 0.4072 0.9130
vn -0.0487 0.6815 0.7302
vn 0.0213 0.5546 0.8319
vn 0.3378 0.5221 0.7831
vn -0.3778 0.6342 0.6746
vn 0.7895 -0.3158 0.5263
vn -0.7895 -0.3158 0.5263
vn 0.8070 -0.0807 0.5851
vn -0.8070 -0.0807 0.5851
vn 0.7868 0.1210 0.6052
vn -0.7868 0.1210 0.6052
vn -0.6357 0.6811 -0.3633
vn 0.6357 0.6811 -0.3633
vn -0.8507 0.3650 -0.3783
vn 0.8507 0.3650 -0.3783
vn -0.2197 0.8626 -0.4557
vn 0.2664 0.8710 -0.4127
vn 0.5914 0.7489 -0.2991
vn -0.5932 0.7445 -0.3063
vn 0.3653 0.8833 -0.2938
vn -0.3714 0.8685 -0.3284
vn 0.2760 0.9159 -0.2915
vn -0.2760 0.9159 -0.2915
vn 0.7964 0.1323 -0.5901
vn -0.8873 0.1343 -0.4412
vn 0.5442 -0.7524 -0.3712
vn -0.5442 -0.7524 -0.3712
vn 0.4027 -0.7323 -0.5492
vn -0.4027 -0.7323 -0.5492
vn 0.1649 -0.6644 -0.7289
vn -0.3617 -0.3858 -0.8487
vn 0.3011 -0.0125 -0.9535
vn -0.1952 -0.0976 -0.9759
vn 0.2562 -0.3112 -0.9152
vn 0.0107 -0.5633 -0.8262
vn 0.0779 -0.9948 -0.0663
vn -0.0779 -0.9948 -0.0663
vn 0.1094 -0.9718 -0.2089
vn -0.1094 -0.9718 -0.2089
vn 0.8150 -0.5621 -0.1405
vn -0.8150 -0.5621 -0.1405
vn 0.9358 0.1396 -0.3236
vn -0.9358 0.1396 -0.3236
vn 0.1132 -0.0274 -0.9932
vn -0.1132 -0.0274 -0.9932
vn -0.1497 -0.3635 -0.9195
vn -0.1211 -0.0530 -0.9912
vn 0.3706 -0.6780 -0.6349
vn -0.9094 0.1371 -0.3927
vn 0.9193 0.1393 -0.3682
vn -0.9193 0.1393 -0.3682
vn 0.9457 0.2673 -0.1850
vn -0.9173 0.3440 -0.2007
vn 0.9337 0.2813 -0.2215
vn -0.9004 0.3642 -0.2380
vn 0.9501 0.2455 -0.1922
vn -0.8945 0.4337 0.1084
vn 0.1835 -0.7864 -0.5898
vn -0.1596 -0.9577 -0.2394
vn 0.3727 -0.4759 -0.7966
vn -0.3693 -0.4712 -0.8010
vn 0.3263 -0.8342 -0.4446
vn -0.2986 -0.8236 -0.4821
vn 0.2620 -0.9574 -0.1217
vn -0.2620 -0.9574 -0.1217
vn 0.2996 -0.9443 -0.1362
vn -0.2996 -0.9443 -0.1362
vn 0.8642 -0.4737 0.1696
vn -0.8305 0.3333 -0.4463
vn 0.6869 -0.6358 0.3521
vn -0.6869 -0.6358 0.3521
vn 0.4189 -0.2265 -0.8793
vn -0.2950 -0.0454 -0.9544
vn 0.1119 0.9626 0.2468
vn -0.1272 0.9658 0.2260
vn 0.1208 0.9734 -0.1947
vn -0.1208 0.9734 -0.1947
vn 0.3140 0.5711 -0.7585
vn -0.3140 0.5711 -0.7585
vn 0.3231 0.9288 -0.1817
vn -0.3231 0.9288 -0.1817
vn 0.0452 0.7955 0.6043
vn -0.0452 0.7955 0.6043
vn 0.6144 0.7696 0.1738
vn -0.6144 0.7696 0.1738
vn 0.6935 0.6857 -0.2212
vn -0.6935 0.6857 -0.2212
vn 0.6304 0.2517 -0.7343
vn -0.7104 0.1364 -0.6904
vn 0.3179 0.5704 -0.7574
vn -0.3179 0.5704 -0.7574
vn 0.6289 0.7624 -0.1525
vn -0.6289 0.7624 -0.1525
vn 0.7088 0.6833 0.1752
vn -0.7088 0.6833 0.1752
vn 0.6885 0.3830 0.6158
vn -0.6885 0.3830 0.6158
vn 0.3238 0.9434 -0.0720
vn -0.3669 0.8840 -0.2898
vn 0.1548 0.5080 0.8473
vn -0.2854 0.6237 0.7277
vn -0.1819 0.1145 -0.9766
vn 0.1819 0.1145 -0.9766
vn -0.2638 0.9462 -0.1871
vn 0.2638 0.9462 -0.1871
vn 0.9340 0.2255 0.2773
vn -0.8681 0.0893 -0.4883
vn 0.9758 0.1241 0.1800
vn -0.9758 0.1241 0.1800
vn 0.9613 0.1472 -0.2330
vn -0.9613 0.1472 -0.2330
vn 0.9956 0.0893 -0.0288
vn -0.9817 -0.0304 -0.1882
vn 0.6374 -0.7651 0.0915
vn -0.7466 -0.6646 0.0285
vn 0.3720 -0.9244 0.0845
vn -0.3723 -0.9243 0.0847
vn 0.5281 -0.8354 0.1522
vn -0.5281 -0.8354 0.1522
vn 0.3070 -0.5237 0.7946
vn -0.3070 -0.5237 0.7946
vn 0.5236 -0.3290 -0.7859
vn -0.5881 -0.3070 -0.7483
vn 0.5396 -0.3343 -0.7727
vn -0.4694 -0.2400 -0.8498
vn 0.2144 -0.8341 -0.5082
vn -0.4463 -0.8452 -0.2941
vn 0.7365 -0.6154 -0.2808
vn -0.6973 -0.6610 -0.2771
vn 0.3244 0.4867 0.8111
vn -0.3691 0.2855 0.8844
vn 0.4649 0.2593 0.8465
vn -0.4649 0.2593 0.8465
vn 0.1817 -0.0079 0.9833
vn -0.3188 0.1993 0.9266
vn 0.2925 -0.0758 0.9533
vn -0.2076 -0.0836 0.9746
vn 0.5847 -0.2198 0.7809
vn -0.3398 0.0824 0.9369
vn 0.6509 -0.1939 0.7340
vn -0.6509 -0.1939 0.7340
vn 0.4075 0.7506 0.5201
vn -0.4075 0.7506 0.5201
vn -0.2655 0.8296 0.4911
vn 0.2655 0.8296 0.4911
vn -0.7885 0.2366 0.5677
vn 0.8576 0.2223 0.4637
vn -0.5242 -0.3548 0.7742
vn 0.5257 -0.3579 0.7717
vn 0.4390 -0.5252 0.7290
vn -0.4663 -0.5991 0.6509
vn 0.6888 -0.4428 0.5740
vn -0.6888 -0.4428 0.5740
vn 0.6302 -0.7658 0.1282
vn -0.7507 -0.6131 -0.2461
vn -0.2175 0.2733 0.9370
vn 0.1788 0.2923 0.9395
vn 0.9046 -0.3869 -0.1792
vn -0.9046 -0.3869 -0.1792
vn 0.1782 -0.0891 0.9800
vn -0.1782 -0.0891 0.9800
vn -0.2335 0.8972 0.3749
vn 0.2335 0.8972 0.3749
vn 0.7177 0.1689 0.6755
vn -0.4480 -0.4480 0.7737
vn 0.5313 0.5844 0.6134
vn -0.5313 0.5844 0.6134
vn 0.9008 -0.4075 0.1501
vn -0.5534 -0.5534 0.6225
vn 0.5815 -0.5217 0.6243
vn -0.5724 -0.3122 0.7582
vn 0.6138 -0.2571 0.7465
vn -0.5597 -0.5533 0.6169
vn 0.8779 -0.4788 0.0076
vn -0.8779 -0.4788 0.0076
vn 0.8717 -0.4446 -0.2063
vn -0.9227 -0.3765 -0.0825
vn 0.7661 -0.6363 0.0909
vn -0.7661 -0.6363 0.0909
vn 0.7930 -0.5947 0.1322
vn -0.7815 -0.6176 0.0882
vn 0.2408 0.9631 -0.1204
vn -0.1240 0.9921 0.0207
vn 0.9251 0.3469 0.1542
vn -0.9435 0.3145 0.1048
vn 0.7071 -0.7071 -0.0000
vn -0.7071 -0.7071 -0.0000
vn -0.0157 0.9898 0.1414
vn 0.0157 0.9898 0.1414
vn 0.6266 -0.7211 0.2956
vn -0.6266 -0.7211 0.2956
vn 0.2714 -0.9022 0.3353
vn -0.2714 -0.9022 0.3353
vn -0.8651 -0.4853 -0.1266
vn 0.8651 -0.4853 -0.1266
vn -0.8538 0.2328 -0.4657
vn 0.8096 0.2429 -0.5343
vn -0.5433 0.6985 -0.4657
vn 0.5621 0.8231 -0.0803
vn -0.1096 0.9939 -0.0157
vn 0.0071 0.9899 0.1414
vn 0.1738 0.0097 0.9847
vn -0.1046 0.0392 0.9937
vn 0.4134 0.0413 0.9096
vn -0.2461 0.0852 0.9655
vn 0.3228 -0.0461 0.9453
vn -0.3228 -0.0461 0.9453
vn 0.1220 0.0458 0.9915
vn -0.2104 0.0124 0.9775
vn 0.5679 0.1916 0.8005
vn -0.5679 0.1916 0.8005
vn 0.4244 -0.0320 0.9049
vn -0.3787 -0.0364 0.9248
vn 0.2570 0.0723 0.9637
vn -0.2530 -0.1897 0.9487
vn 0.1351 -0.0225 0.9906
vn -0.1351 -0.0225 0.9906
vn -0.2981 0.7454 0.5963
vn 0.4870 0.6088 0.6262
vn 0.5571 -0.1486 0.8171
vn -0.5571 -0.1486 0.8171
vn 0.4723 -0.1986 0.8588
vn -0.4388 -0.2008 0.8759
vn 0.2975 -0.4062 0.8640
vn -0.5786 -0.1334 0.8046
vn 0.5771 0.2164 0.7875
vn -0.5771 0.2164 0.7875
vn 0.0931 -0.9932 -0.0692
vn -0.0931 -0.9932 -0.0692
vn 0.5161 -0.8527 -0.0812
vn -0.5161 -0.8527 -0.0812
vn 0.9264 -0.2460 0.2851
vn -0.9309 -0.2541 0.2624
vn 0.8267 0.5627 -0.0035
vn -0.8465 0.5291 -0.0595
vn -0.2146 0.9243 -0.3157
vn 0.2511 0.9439 -0.2145
vn -0.4196 0.8851 -0.2012
vn 0.4841 0.8743 -0.0361
vn -0.5470 -0.0144 -0.8370
vn 0.5256 -0.0030 -0.8507
vn -0.2556 -0.0749 -0.9639
vn 0.2556 -0.0749 -0.9639
vn -0.7330 0.6786 0.0472
vn 0.8073 0.5901 0.0041
vn 0.6844 -0.1711 -0.7088
vn -0.6844 -0.1711 -0.7088
vn -0.3604 -0.8283 -0.4290
vn 0.3604 -0.8283 -0.4290
vt 0.843250 0.588863
vt 0.794218 0.611927
vt 0.815334 0.560948
vt 0.866314 0.937441
vt 0.889378 0.888409
vt 0.917293 0.916324
vt 0.746541 0.611927
vt 0.781622 0.527235
vt 0.866314 0.985118
vt 0.951006 0.950037
vt 0.781622 0.696619
vt 0.781622 0.950037
vt 0.833697 0.611927
vt 0.815334 0.662907
vt 0.815334 0.916325
vt 0.866314 0.897962
vt 0.843250 0.634991
vt 0.866314 0.684023
vt 0.794218 0.865345
vt 0.843250 0.888409
vt 0.866314 0.731700
vt 0.746541 0.865345
vt 0.917293 0.662907
vt 0.815334 0.814366
vt 0.781622 0.780653
vt 0.866314 0.644544
vt 0.833697 0.865345
vt 0.889378 0.634991
vt 0.938410 0.611927
vt 0.866314 0.793249
vt 0.843250 0.842281
vt 0.951006 0.696619
vt 0.866314 0.745572
vt 0.917294 0.560947
vt 0.986087 0.611927
vt 0.917294 0.814365
vt 0.951006 0.780653
vt 0.889378 0.588863
vt 0.898931 0.611927
vt 0.889378 0.842281
vt 0.866314 0.579310
vt 0.898931 0.865345
vt 0.938410 0.865345
vt 0.866314 0.539831
vt 0.951006 0.527235
vt 0.986087 0.865345
vt 0.866314 0.492154
vt 0.847600 0.593213
vt 0.885028 0.884059
vt 0.892780 0.865345
vt 0.866314 0.585461
vt 0.885028 0.846631
vt 0.885028 0.593213
vt 0.866314 0.832728
vt 0.866314 0.838879
vt 0.892780 0.611927
vt 0.847600 0.846631
vt 0.866314 0.638393
vt 0.885028 0.630641
vt 0.839848 0.865345
vt 0.847600 0.630641
vt 0.847600 0.884059
vt 0.839848 0.611927
vt 0.866314 0.891811
vt 0.866314 0.611927
vt 0.866314 0.865345
vt 0.517028 0.068490
vt 0.500000 0.054411
vt 0.520711 0.060503
vt 0.482972 0.068490
vt 0.500000 0.064527
vt 0.522612 0.070678
vt 0.530457 0.065062
vt 0.477388 0.070678
vt 0.479289 0.060503
vt 0.532878 0.067822
vt 0.467122 0.067822
vt 0.469543 0.065062
vt 0.544695 0.083023
vt 0.526301 0.079422
vt 0.473699 0.079422
vt 0.455305 0.083023
vt 0.565647 0.115495
vt 0.529228 0.091098
vt 0.470772 0.091098
vt 0.434353 0.115495
vt 0.586916 0.172042
vt 0.600470 0.238288
vt 0.535885 0.215568
vt 0.399530 0.238288
vt 0.413084 0.172042
vt 0.464115 0.215568
vt 0.650908 0.240294
vt 0.626605 0.208159
vt 0.349092 0.240294
vt 0.363038 0.261221
vt 0.655896 0.284413
vt 0.636962 0.261221
vt 0.344104 0.284413
vt 0.684517 0.317795
vt 0.689501 0.268805
vt 0.315483 0.317795
vt 0.340493 0.313152
vt 0.671357 0.334694
vt 0.659507 0.313152
vt 0.328643 0.334694
vt 0.350893 0.322437
vt 0.636775 0.370732
vt 0.649107 0.322437
vt 0.363225 0.370732
vt 0.386364 0.353108
vt 0.594178 0.371277
vt 0.613636 0.353108
vt 0.405822 0.371277
vt 0.581044 0.398468
vt 0.602261 0.395588
vt 0.418956 0.398468
vt 0.422649 0.373341
vt 0.532016 0.387365
vt 0.577351 0.373341
vt 0.467984 0.387365
vt 0.460183 0.354339
vt 0.500000 0.382860
vt 0.539817 0.354339
vt 0.500000 0.340417
vt 0.579057 0.335646
vt 0.559135 0.334326
vt 0.420943 0.335646
vt 0.592090 0.332885
vt 0.606163 0.325516
vt 0.407910 0.332885
vt 0.628251 0.311636
vt 0.393837 0.325516
vt 0.635551 0.300507
vt 0.371749 0.311636
vt 0.631484 0.283889
vt 0.364449 0.300507
vt 0.611331 0.264411
vt 0.368516 0.283889
vt 0.592372 0.254897
vt 0.388669 0.264411
vt 0.559669 0.267717
vt 0.407628 0.254897
vt 0.500000 0.252445
vt 0.440331 0.267717
vt 0.544001 0.314523
vt 0.455999 0.314523
vt 0.500000 0.295691
vt 0.543637 0.293371
vt 0.456363 0.293371
vt 0.550878 0.277832
vt 0.449122 0.277832
vt 0.506819 0.075382
vt 0.493181 0.075382
vt 0.511782 0.080633
vt 0.488218 0.080633
vt 0.512172 0.093457
vt 0.537536 0.127779
vt 0.513874 0.097191
vt 0.486126 0.097191
vt 0.462464 0.127779
vt 0.487828 0.093457
vt 0.500000 0.157864
vt 0.514257 0.133422
vt 0.520226 0.164615
vt 0.485743 0.133422
vt 0.500000 0.134352
vt 0.500000 0.100063
vt 0.500000 0.091346
vt 0.530258 0.180239
vt 0.517666 0.172353
vt 0.482334 0.172353
vt 0.469742 0.180239
vt 0.479774 0.164615
vt 0.523673 0.198817
vt 0.521901 0.181560
vt 0.478099 0.181560
vt 0.476327 0.198817
vt 0.508211 0.197295
vt 0.500000 0.203867
vt 0.491789 0.197295
vt 0.481043 0.194728
vt 0.500000 0.192167
vt 0.500000 0.197278
vt 0.500000 0.165170
vt 0.500000 0.171718
vt 0.486462 0.176949
vt 0.508818 0.192407
vt 0.491182 0.192407
vt 0.515232 0.190709
vt 0.518957 0.194728
vt 0.484768 0.190709
vt 0.483092 0.181873
vt 0.513538 0.176949
vt 0.516908 0.181873
vt 0.500000 0.186182
vt 0.544209 0.172814
vt 0.455791 0.172814
vt 0.458673 0.154899
vt 0.541327 0.154899
vt 0.578661 0.139176
vt 0.421339 0.139176
vt 0.583245 0.154155
vt 0.416755 0.154155
vt 0.509911 0.090724
vt 0.490089 0.090724
vt 0.500000 0.089977
vt 0.509713 0.082236
vt 0.490287 0.082236
vt 0.505196 0.077083
vt 0.494804 0.077083
vt 0.500000 0.073497
vt 0.500000 0.075473
vt 0.500000 0.080320
vt 0.496555 0.080840
vt 0.506660 0.083289
vt 0.503445 0.080840
vt 0.493340 0.083289
vt 0.506822 0.086791
vt 0.493178 0.086791
vt 0.500000 0.085637
vt 0.562361 0.284338
vt 0.559190 0.294882
vt 0.437639 0.284338
vt 0.440810 0.294882
vt 0.563180 0.307151
vt 0.436820 0.307151
vt 0.570458 0.318697
vt 0.429542 0.318697
vt 0.430757 0.278245
vt 0.589914 0.271772
vt 0.569243 0.278245
vt 0.410086 0.271772
vt 0.602190 0.277180
vt 0.397810 0.277180
vt 0.617110 0.287175
vt 0.382890 0.287175
vt 0.618074 0.299197
vt 0.381926 0.299197
vt 0.384129 0.307438
vt 0.615871 0.307438
vt 0.401576 0.313725
vt 0.590828 0.319797
vt 0.598424 0.313725
vt 0.409172 0.319797
vt 0.582130 0.320991
vt 0.417870 0.320991
vt 0.583998 0.312892
vt 0.416002 0.312892
vt 0.421385 0.309394
vt 0.589656 0.312336
vt 0.410344 0.312336
vt 0.596347 0.309249
vt 0.403653 0.309249
vt 0.606014 0.302517
vt 0.393986 0.302517
vt 0.607735 0.297520
vt 0.392265 0.297520
vt 0.606985 0.291216
vt 0.393015 0.291216
vt 0.598275 0.283083
vt 0.401725 0.283083
vt 0.589866 0.280167
vt 0.410134 0.280167
vt 0.576352 0.284624
vt 0.423648 0.284624
vt 0.572831 0.289915
vt 0.427169 0.289915
vt 0.573307 0.303342
vt 0.578615 0.309394
vt 0.426693 0.303342
vt 0.572447 0.295716
vt 0.427553 0.295716
vt 0.529647 0.428636
vt 0.500000 0.428636
vt 0.470353 0.428636
vt 0.584616 0.428636
vt 0.415384 0.428636
vt 0.397739 0.395588
vt 0.377699 0.417889
vt 0.622301 0.417889
vt 0.333786 0.388954
vt 0.666214 0.388954
vt 0.298519 0.344467
vt 0.712163 0.315527
vt 0.701481 0.344467
vt 0.287837 0.315527
vt 0.310499 0.268805
vt 0.295695 0.260225
vt 0.672947 0.224880
vt 0.704305 0.260225
vt 0.327053 0.224880
vt 0.640497 0.198841
vt 0.359503 0.198841
vt 0.625128 0.029461
vt 0.598617 0.056841
vt 0.603553 0.023452
vt 0.374872 0.029461
vt 0.401383 0.056841
vt 0.364247 0.082198
vt 0.556354 0.040906
vt 0.546781 0.009442
vt 0.396447 0.023452
vt 0.443646 0.040906
vt 0.527159 0.049514
vt 0.500000 0.033223
vt 0.453219 0.009442
vt 0.472841 0.049514
vt 0.537222 0.060794
vt 0.462778 0.060794
vt 0.558499 0.065137
vt 0.441501 0.065137
vt 0.588127 0.085177
vt 0.411873 0.085177
vt 0.635753 0.082198
vt 0.607239 0.113940
vt 0.392761 0.113940
vt 0.612663 0.133675
vt 0.387337 0.133675
vt 0.394533 0.151503
vt 0.600708 0.162985
vt 0.399292 0.162985
vt 0.373395 0.208159
vt 0.859647 0.117994
vt 0.861342 0.027230
vt 0.922374 0.064228
vt 0.140353 0.117994
vt 0.138658 0.027230
vt 0.176713 0.101559
vt 0.823287 0.101559
vt 0.774604 0.010837
vt 0.225396 0.010837
vt 0.234137 0.087001
vt 0.661952 0.087561
vt 0.647010 0.028716
vt 0.338048 0.087561
vt 0.352990 0.028716
vt 0.743592 0.198572
vt 0.766410 0.233065
vt 0.256408 0.198572
vt 0.233590 0.233065
vt 0.889478 0.177602
vt 0.987633 0.154243
vt 0.110522 0.177602
vt 0.077626 0.064228
vt 0.844317 0.347370
vt 0.958963 0.357385
vt 0.899807 0.420886
vt 0.155683 0.347370
vt 0.041037 0.357385
vt 0.118831 0.309153
vt 0.903302 0.261367
vt 0.999860 0.253531
vt 0.096698 0.261367
vt 0.000140 0.253531
vt 0.012367 0.154243
vt 0.724763 0.340212
vt 0.744725 0.304629
vt 0.766113 0.319494
vt 0.255275 0.304629
vt 0.275237 0.340212
vt 0.233887 0.319494
vt 0.793427 0.280495
vt 0.826663 0.297810
vt 0.206573 0.280495
vt 0.173337 0.297810
vt 0.823620 0.254612
vt 0.855331 0.267956
vt 0.176380 0.254612
vt 0.144669 0.267956
vt 0.835860 0.225225
vt 0.868309 0.233525
vt 0.164140 0.225225
vt 0.131691 0.233525
vt 0.851288 0.181145
vt 0.813499 0.190705
vt 0.148712 0.181145
vt 0.881169 0.309153
vt 0.772263 0.374010
vt 0.744519 0.390057
vt 0.227737 0.374010
vt 0.824765 0.470987
vt 0.100193 0.420886
vt 0.792141 0.464714
vt 0.726855 0.432574
vt 0.273145 0.432574
vt 0.207859 0.464714
vt 0.255481 0.390057
vt 0.175235 0.470987
vt 0.795638 0.489991
vt 0.204362 0.489991
vt 0.786137 0.227788
vt 0.213863 0.227788
vt 0.802950 0.203415
vt 0.197050 0.203415
vt 0.765863 0.087001
vt 0.691484 0.146686
vt 0.308516 0.146686
vt 0.230666 0.128771
vt 0.780113 0.169386
vt 0.219887 0.169386
vt 0.605467 0.151503
vt 0.803789 0.171181
vt 0.196211 0.171181
vt 0.169083 0.139518
vt 0.769334 0.128771
vt 0.830917 0.139518
vt 0.464516 0.959188
vt 0.545439 0.884582
vt 0.574628 0.959188
vt 0.285710 0.959188
vt 0.204787 0.884582
vt 0.272900 0.891852
vt 0.605134 0.846978
vt 0.715894 0.897069
vt 0.145092 0.846978
vt 0.175598 0.959188
vt 0.034332 0.897069
vt 0.683874 0.757011
vt 0.066352 0.757011
vt 0.144866 0.784410
vt 0.605360 0.784410
vt 0.617867 0.719156
vt 0.132359 0.719156
vt 0.175391 0.744212
vt 0.574835 0.744212
vt 0.568728 0.682132
vt 0.181498 0.682132
vt 0.215230 0.712528
vt 0.483006 0.686791
vt 0.508539 0.641024
vt 0.267220 0.686791
vt 0.241687 0.641024
vt 0.534996 0.712528
vt 0.478880 0.719593
vt 0.271346 0.719593
vt 0.513415 0.736977
vt 0.236811 0.736977
vt 0.557599 0.789442
vt 0.192627 0.789442
vt 0.209109 0.760754
vt 0.553841 0.821849
vt 0.196385 0.821849
vt 0.524671 0.842380
vt 0.225555 0.842380
vt 0.485193 0.845321
vt 0.265033 0.845321
vt 0.770208 0.191225
vt 0.229792 0.191225
vt 0.213850 0.181127
vt 0.409610 0.674022
vt 0.408153 0.587507
vt 0.340616 0.674022
vt 0.400301 0.910556
vt 0.477326 0.891852
vt 0.349925 0.910556
vt 0.443630 0.713731
vt 0.306596 0.713731
vt 0.392812 0.710774
vt 0.429725 0.728622
vt 0.357414 0.710774
vt 0.422979 0.754609
vt 0.432640 0.746527
vt 0.320501 0.728622
vt 0.327247 0.754609
vt 0.317586 0.746527
vt 0.391578 0.815187
vt 0.427719 0.796173
vt 0.358648 0.815187
vt 0.448277 0.830976
vt 0.414155 0.878318
vt 0.301949 0.830976
vt 0.322507 0.796173
vt 0.336071 0.878318
vt 0.802580 0.199758
vt 0.197420 0.199758
vt 0.797710 0.195652
vt 0.202290 0.195652
vt 0.210391 0.184671
vt 0.786150 0.181127
vt 0.789609 0.184671
vt 0.466042 0.804091
vt 0.490498 0.816075
vt 0.284184 0.804091
vt 0.259728 0.816075
vt 0.302184 0.783921
vt 0.438745 0.764960
vt 0.448042 0.783921
vt 0.311481 0.764960
vt 0.305010 0.756351
vt 0.445216 0.756351
vt 0.300407 0.743458
vt 0.456307 0.732687
vt 0.449819 0.743458
vt 0.293919 0.732687
vt 0.475471 0.740871
vt 0.274755 0.740871
vt 0.514211 0.817769
vt 0.236015 0.817769
vt 0.527961 0.808598
vt 0.222265 0.808598
vt 0.530079 0.790754
vt 0.220147 0.790754
vt 0.518620 0.772385
vt 0.541117 0.760754
vt 0.231606 0.772385
vt 0.498668 0.755033
vt 0.251558 0.755033
vt 0.459660 0.770459
vt 0.290566 0.770459
vt 0.282197 0.756171
vt 0.468029 0.756171
vt 0.477354 0.785393
vt 0.272872 0.785393
vt 0.263059 0.769899
vt 0.504617 0.782999
vt 0.496545 0.797122
vt 0.245609 0.782999
vt 0.253681 0.797122
vt 0.513713 0.804019
vt 0.236513 0.804019
vt 0.234089 0.792591
vt 0.516137 0.792591
vt 0.574269 0.607668
vt 0.613510 0.655816
vt 0.175957 0.607668
vt 0.136716 0.655816
vt 0.644031 0.693270
vt 0.106195 0.693270
vt 0.668163 0.712097
vt 0.082063 0.712097
vt 0.676584 0.686010
vt 0.727131 0.698475
vt 0.073642 0.686010
vt 0.667013 0.640198
vt 0.729804 0.624370
vt 0.023095 0.698475
vt 0.083213 0.640198
vt 0.648152 0.594596
vt 0.721292 0.572934
vt 0.020422 0.624370
vt 0.102074 0.594596
vt 0.717709 0.538143
vt 0.630034 0.557583
vt 0.032517 0.538143
vt 0.028934 0.572934
vt 0.526877 0.539235
vt 0.120192 0.557583
vt 0.223349 0.539235
vt 0.342073 0.587507
vt 0.440865 0.334326
vt 0.186501 0.190705
vt 0.742181 0.461543
vt 0.257819 0.461543
vt 0.487167 0.769899
s 0
f 1256/1473/973 1212/1474/973 1254/1475/973
f 1213/1476/974 1257/1477/974 1255/1478/974
f 1254/1475/975 1214/1479/975 1252/1480/975
f 1215/1481/976 1255/1478/976 1253/1482/976
f 1212/1474/977 1216/1483/977 1214/1479/977
f 1217/1484/978 1213/1476/978 1215/1481/978
f 1210/1485/979 1218/1486/979 1212/1474/979
f 1219/1487/980 1211/1488/980 1213/1476/980
f 1220/1489/981 1224/1490/981 1218/1486/981
f 1225/1491/982 1221/1492/982 1219/1487/982
f 1218/1486/983 1226/1493/983 1216/1483/983
f 1227/1494/984 1219/1487/984 1217/1484/984
f 1230/1495/985 1226/1493/985 1224/1490/985
f 1231/1496/986 1227/1494/986 1229/1497/986
f 1222/1498/987 1230/1495/987 1224/1490/987
f 1231/1496/988 1223/1499/988 1225/1491/988
f 1232/1500/989 1236/1501/989 1230/1495/989
f 1237/1502/990 1233/1503/990 1231/1496/990
f 1236/1501/991 1228/1504/991 1230/1495/991
f 1237/1502/992 1229/1497/992 1239/1505/992
f 1242/1506/993 1238/1507/993 1236/1501/993
f 1243/1508/994 1239/1505/994 1241/1509/994
f 1244/1510/995 1236/1501/995 1234/1511/995
f 1245/1512/996 1237/1502/996 1243/1508/996
f 1246/1513/997 1242/1506/997 1244/1510/997
f 1247/1514/998 1243/1508/998 1249/1515/998
f 1248/1516/999 1240/1517/999 1242/1506/999
f 1249/1515/1000 1241/1509/1000 1251/1518/1000
f 1254/1475/1001 1250/1519/1001 1248/1516/1001
f 1255/1478/1002 1251/1518/1002 1253/1482/1002
f 1256/1473/1003 1248/1516/1003 1246/1513/1003
f 1257/1477/1004 1249/1515/1004 1255/1478/1004
f 1246/1513/1005 1258/1520/1005 1256/1473/1005
f 1247/1514/1006 1259/1521/1006 1261/1522/1006
f 1244/1510/1007 1260/1523/1007 1246/1513/1007
f 1245/1512/1008 1261/1522/1008 1263/1524/1008
f 1234/1511/1009 1262/1525/1009 1244/1510/1009
f 1235/1526/1010 1263/1524/1010 1265/1527/1010
f 1232/1500/1011 1264/1528/1011 1234/1511/1011
f 1233/1503/1012 1265/1527/1012 1267/1529/1012
f 1232/1500/1013 1268/1530/1013 1266/1531/1013
f 1269/1532/1014 1233/1503/1014 1267/1529/1014
f 1222/1498/1015 1272/1533/1015 1268/1530/1015
f 1273/1534/1016 1223/1499/1016 1269/1532/1016
f 1220/1489/1017 1274/1535/1017 1272/1533/1017
f 1275/1536/1018 1221/1492/1018 1273/1534/1018
f 1210/1485/1019 1258/1520/1019 1274/1535/1019
f 1259/1521/1020 1211/1488/1020 1275/1536/1020
f 1270/1537/1021 1274/1535/1021 1258/1520/1021
f 1259/1521/1022 1275/1536/1022 1271/1538/1022
f 1272/1533/1023 1274/1535/1023 1270/1537/1023
f 1271/1538/1024 1275/1536/1024 1273/1534/1024
f 1270/1537/1025 1268/1530/1025 1272/1533/1025
f 1273/1534/1026 1269/1532/1026 1271/1538/1026
f 1270/1537/1027 1266/1531/1027 1268/1530/1027
f 1269/1532/1028 1267/1529/1028 1271/1538/1028
f 1270/1537/1029 1264/1528/1029 1266/1531/1029
f 1267/1529/1030 1265/1527/1030 1271/1538/1030
f 1270/1537/1031 1262/1525/1031 1264/1528/1031
f 1265/1527/1032 1263/1524/1032 1271/1538/1032
f 1270/1537/1033 1260/1523/1033 1262/1525/1033
f 1263/1524/1034 1261/1522/1034 1271/1538/1034
f 1270/1537/1035 1258/1520/1035 1260/1523/1035
f 1261/1522/1036 1259/1521/1036 1271/1538/1036
f 1383/1539/1037 1300/1540/1037 1298/1541/1037
f 1384/1542/1038 1300/1540/1038 1385/1543/1038
f 1381/1544/1039 1298/1541/1039 1296/1545/1039
f 1382/1546/1040 1299/1547/1040 1384/1542/1040
f 1294/1548/1041 1381/1544/1041 1296/1545/1041
f 1382/1546/1042 1295/1549/1042 1297/1550/1042
f 1292/1551/1043 1379/1552/1043 1294/1548/1043
f 1380/1553/1044 1293/1554/1044 1295/1549/1044
f 1290/1555/1045 1377/1556/1045 1292/1551/1045
f 1378/1557/1046 1291/1558/1046 1293/1554/1046
f 1288/1559/1047 1355/1560/1047 1373/1561/1047
f 1356/1562/1048 1289/1563/1048 1374/1564/1048
f 1303/1565/1049 1355/1560/1049 1301/1566/1049
f 1304/1567/1050 1356/1562/1050 1358/1568/1050
f 1303/1565/1051 1359/1569/1051 1357/1570/1051
f 1360/1571/1052 1304/1567/1052 1358/1568/1052
f 1307/1572/1053 1359/1569/1053 1305/1573/1053
f 1308/1574/1054 1360/1571/1054 1362/1575/1054
f 1309/1576/1055 1361/1577/1055 1307/1572/1055
f 1310/1578/1056 1362/1575/1056 1364/1579/1056
f 1311/1580/1057 1363/1581/1057 1309/1576/1057
f 1312/1582/1058 1364/1579/1058 1366/1583/1058
f 1311/1580/1059 1367/1584/1059 1365/1585/1059
f 1368/1586/1060 1312/1582/1060 1366/1583/1060
f 1315/1587/1061 1367/1584/1061 1313/1588/1061
f 1316/1589/1062 1368/1586/1062 1370/1590/1062
f 1317/1591/1063 1369/1592/1063 1315/1587/1063
f 1318/1593/1064 1370/1590/1064 1372/1594/1064
f 1276/1595/1065 1371/1596/1065 1317/1591/1065
f 1276/1595/1066 1372/1594/1066 1277/1597/1066
f 1337/1598/1067 1371/1596/1067 1319/1599/1067
f 1338/1600/1068 1372/1594/1068 1370/1590/1068
f 1337/1598/1069 1367/1584/1069 1369/1592/1069
f 1368/1586/1070 1338/1600/1070 1370/1590/1070
f 1365/1585/1071 1388/1601/1071 1335/1602/1071
f 1366/1583/1072 1389/1603/1072 1368/1586/1072
f 1363/1581/1073 1335/1602/1073 1333/1604/1073
f 1364/1579/1074 1336/1605/1074 1366/1583/1074
f 1361/1577/1075 1333/1604/1075 1331/1606/1075
f 1362/1575/1076 1334/1607/1076 1364/1579/1076
f 1359/1569/1077 1331/1606/1077 1329/1608/1077
f 1360/1571/1078 1332/1609/1078 1362/1575/1078
f 1357/1570/1079 1329/1608/1079 1327/1610/1079
f 1358/1568/1080 1330/1611/1080 1360/1571/1080
f 1355/1560/1081 1327/1610/1081 1325/1612/1081
f 1356/1562/1082 1328/1613/1082 1358/1568/1082
f 1373/1561/1083 1325/1612/1083 1323/1614/1083
f 1374/1564/1084 1326/1615/1084 1356/1562/1084
f 1323/1614/1085 1386/1616/1085 1373/1561/1085
f 1386/1616/1086 1324/1617/1086 1374/1564/1086
f 1371/1596/1087 1321/1618/1087 1319/1599/1087
f 1372/1594/1088 1322/1619/1088 1277/1597/1088
f 1321/1618/1089 1387/1620/1089 1392/1621/1089
f 1387/1620/1090 1322/1619/1090 1393/1622/1090
f 1390/1623/1091 1387/1620/1091 1386/1616/1091
f 1391/1624/1092 1387/1620/1092 1393/1622/1092
f 1344/1625/1093 1385/1543/1093 1383/1539/1093
f 1385/1543/1094 1345/1626/1094 1384/1542/1094
f 1342/1627/1095 1383/1539/1095 1381/1544/1095
f 1384/1542/1096 1343/1628/1096 1382/1546/1096
f 1342/1627/1097 1379/1552/1097 1340/1629/1097
f 1343/1628/1098 1380/1553/1098 1382/1546/1098
f 1375/1630/1099 1394/1631/1099 1377/1556/1099
f 1395/1632/1100 1376/1633/1100 1378/1557/1100
f 1340/1629/1101 1377/1556/1101 1394/1631/1101
f 1378/1557/1102 1341/1634/1102 1395/1632/1102
f 1399/1635/1103 1396/1636/1103 1353/1637/1103
f 1399/1635/1104 1397/1638/1104 1398/1639/1104
f 1396/1636/1105 1278/1640/1105 1394/1631/1105
f 1397/1638/1106 1278/1640/1106 1398/1639/1106
f 1340/1629/1107 1278/1640/1107 1339/1641/1107
f 1341/1634/1107 1278/1640/1107 1395/1632/1107
f 1351/1642/1108 1400/1643/1108 1353/1637/1108
f 1401/1644/1109 1352/1645/1109 1354/1646/1109
f 1349/1647/1110 1402/1648/1110 1351/1642/1110
f 1403/1649/1111 1350/1650/1111 1352/1645/1111
f 1406/1651/1112 1349/1647/1112 1348/1652/1112
f 1407/1653/1113 1350/1650/1113 1405/1654/1113
f 1280/1655/1114 1348/1652/1114 1347/1656/1114
f 1280/1655/1115 1348/1652/1115 1407/1653/1115
f 1353/1637/1116 1279/1657/1116 1399/1635/1116
f 1354/1646/1117 1279/1657/1117 1401/1644/1117
f 1400/1643/1118 1417/1658/1118 1279/1657/1118
f 1401/1644/1119 1417/1658/1119 1416/1659/1119
f 1280/1655/1120 1409/1660/1120 1406/1651/1120
f 1410/1661/1121 1280/1655/1121 1407/1653/1121
f 1406/1651/1122 1411/1662/1122 1404/1663/1122
f 1412/1664/1123 1407/1653/1123 1405/1654/1123
f 1411/1662/1124 1402/1648/1124 1404/1663/1124
f 1412/1664/1125 1403/1649/1125 1414/1665/1125
f 1402/1648/1126 1415/1666/1126 1400/1643/1126
f 1416/1659/1127 1403/1649/1127 1401/1644/1127
f 1413/1667/1128 1409/1660/1128 1408/1668/1128
f 1414/1665/1129 1410/1661/1129 1412/1664/1129
f 1408/1668/1130 1415/1666/1130 1413/1667/1130
f 1416/1659/1131 1408/1668/1131 1414/1665/1131
f 1348/1652/1132 1373/1561/1132 1386/1616/1132
f 1374/1564/1133 1348/1652/1133 1386/1616/1133
f 1349/1647/1134 1420/1669/1134 1373/1561/1134
f 1421/1670/1135 1350/1650/1135 1374/1564/1135
f 1353/1637/1136 1420/1669/1136 1351/1642/1136
f 1354/1646/1137 1421/1670/1137 1423/1671/1137
f 1396/1636/1138 1422/1672/1138 1353/1637/1138
f 1397/1638/1139 1423/1671/1139 1376/1633/1139
f 1418/1673/1140 1375/1630/1140 1290/1555/1140
f 1419/1674/1141 1376/1633/1141 1423/1671/1141
f 1424/1675/1142 1422/1672/1142 1418/1673/1142
f 1425/1676/1143 1423/1671/1143 1421/1670/1143
f 1288/1559/1144 1420/1669/1144 1424/1675/1144
f 1421/1670/1145 1289/1563/1145 1425/1676/1145
f 1339/1641/1146 1431/1677/1146 1340/1629/1146
f 1339/1641/1147 1432/1678/1147 1281/1679/1147
f 1342/1627/1148 1431/1677/1148 1429/1680/1148
f 1432/1678/1149 1343/1628/1149 1430/1681/1149
f 1344/1625/1150 1429/1680/1150 1427/1682/1150
f 1430/1681/1151 1345/1626/1151 1428/1683/1151
f 1346/1684/1107 1427/1682/1107 1426/1685/1107
f 1428/1683/1107 1346/1684/1107 1426/1685/1107
f 1427/1682/1152 1440/1686/1152 1426/1685/1152
f 1428/1683/1153 1440/1686/1153 1439/1687/1153
f 1427/1682/1154 1436/1688/1154 1438/1689/1154
f 1437/1690/1155 1428/1683/1155 1439/1687/1155
f 1429/1680/1114 1434/1691/1114 1436/1688/1114
f 1435/1692/1156 1430/1681/1156 1437/1690/1156
f 1281/1679/1157 1434/1691/1157 1431/1677/1157
f 1281/1679/1158 1435/1692/1158 1433/1693/1158
f 1433/1693/1159 1438/1689/1159 1434/1691/1159
f 1439/1687/1160 1433/1693/1160 1435/1692/1160
f 1434/1691/1161 1438/1689/1161 1436/1688/1161
f 1437/1690/1162 1439/1687/1162 1435/1692/1162
f 1392/1621/1163 1443/1694/1163 1441/1695/1163
f 1444/1696/1164 1393/1622/1164 1442/1697/1164
f 1321/1618/1165 1441/1695/1165 1463/1698/1165
f 1442/1697/1166 1322/1619/1166 1464/1699/1166
f 1321/1618/1167 1465/1700/1167 1319/1599/1167
f 1322/1619/1168 1466/1701/1168 1464/1699/1168
f 1323/1614/1169 1443/1694/1169 1390/1623/1169
f 1324/1617/1170 1444/1696/1170 1462/1702/1170
f 1323/1614/1171 1459/1703/1171 1461/1704/1171
f 1460/1705/1172 1324/1617/1172 1462/1702/1172
f 1325/1612/1173 1457/1706/1173 1459/1703/1173
f 1458/1707/1174 1326/1615/1174 1460/1705/1174
f 1327/1610/1175 1455/1708/1175 1457/1706/1175
f 1456/1709/1176 1328/1613/1176 1458/1707/1176
f 1329/1608/1177 1453/1710/1177 1455/1708/1177
f 1454/1711/1178 1330/1611/1178 1456/1709/1178
f 1333/1604/1179 1453/1710/1179 1331/1606/1179
f 1334/1607/1180 1454/1711/1180 1452/1712/1180
f 1335/1602/1181 1451/1713/1181 1333/1604/1181
f 1336/1605/1182 1452/1712/1182 1450/1714/1182
f 1335/1602/1183 1445/1715/1183 1449/1716/1183
f 1446/1717/1184 1336/1605/1184 1450/1714/1184
f 1388/1601/1185 1447/1718/1185 1445/1715/1185
f 1448/1719/1186 1389/1603/1186 1446/1717/1186
f 1337/1598/1187 1465/1700/1187 1447/1718/1187
f 1466/1701/1188 1338/1600/1188 1448/1719/1188
f 1465/1700/1189 1485/1720/1189 1447/1718/1189
f 1466/1701/1190 1486/1721/1190 1468/1722/1190
f 1445/1715/1191 1485/1720/1191 1487/1723/1191
f 1486/1721/1192 1446/1717/1192 1488/1724/1192
f 1445/1715/1193 1483/1725/1193 1449/1716/1193
f 1446/1717/1194 1484/1726/1194 1488/1724/1194
f 1449/1716/1195 1481/1727/1195 1451/1713/1195
f 1450/1714/1196 1482/1728/1196 1484/1726/1196
f 1453/1710/1197 1481/1727/1197 1479/1729/1197
f 1482/1728/1198 1454/1711/1198 1480/1730/1198
f 1453/1710/1199 1477/1731/1199 1455/1708/1199
f 1454/1711/1200 1478/1732/1200 1480/1730/1200
f 1457/1706/1201 1477/1731/1201 1475/1733/1201
f 1478/1732/1202 1458/1707/1202 1476/1734/1202
f 1457/1706/1203 1473/1735/1203 1459/1703/1203
f 1458/1707/1204 1474/1736/1204 1476/1734/1204
f 1459/1703/1205 1471/1737/1205 1461/1704/1205
f 1460/1705/1206 1472/1738/1206 1474/1736/1206
f 1443/1694/1207 1471/1737/1207 1489/1739/1207
f 1472/1738/1208 1444/1696/1208 1490/1740/1208
f 1465/1700/1209 1469/1741/1209 1467/1742/1209
f 1470/1743/1210 1466/1701/1210 1468/1722/1210
f 1463/1698/1211 1491/1744/1211 1469/1741/1211
f 1492/1745/1212 1464/1699/1212 1470/1743/1212
f 1441/1695/1213 1489/1739/1213 1491/1744/1213
f 1490/1740/1214 1442/1697/1214 1492/1745/1214
f 1276/1595/1215 1493/1746/1215 1282/1747/1215
f 1494/1748/1216 1276/1595/1216 1282/1747/1216
f 1317/1591/1217 1495/1749/1217 1493/1746/1217
f 1496/1750/1218 1318/1593/1218 1494/1748/1218
f 1313/1588/1219 1495/1749/1219 1315/1587/1219
f 1314/1751/1220 1496/1750/1220 1498/1752/1220
f 1311/1580/1221 1497/1753/1221 1313/1588/1221
f 1312/1582/1222 1498/1752/1222 1500/1754/1222
f 1309/1576/1223 1499/1755/1223 1311/1580/1223
f 1310/1578/1224 1500/1754/1224 1502/1756/1224
f 1309/1576/1225 1503/1757/1225 1501/1758/1225
f 1504/1759/1226 1310/1578/1226 1502/1756/1226
f 1305/1573/1227 1503/1757/1227 1307/1572/1227
f 1306/1760/1228 1504/1759/1228 1506/1761/1228
f 1305/1573/1229 1507/1762/1229 1505/1763/1229
f 1508/1764/1230 1306/1760/1230 1506/1761/1230
f 1303/1565/1231 1509/1765/1231 1507/1762/1231
f 1510/1766/1232 1304/1567/1232 1508/1764/1232
f 1518/1767/1233 1547/1768/1233 1517/1769/1233
f 1518/1770/1234 1548/1771/1234 1538/1772/1234
f 1517/1769/1235 1545/1773/1235 1516/1774/1235
f 1517/1775/1236 1546/1776/1236 1548/1771/1236
f 1516/1774/1237 1549/1777/1237 1515/1778/1237
f 1516/1779/1238 1550/1780/1238 1546/1776/1238
f 1298/1541/1239 1515/1778/1239 1549/1777/1239
f 1515/1778/1240 1299/1547/1240 1550/1780/1240
f 1296/1545/1241 1549/1777/1241 1543/1781/1241
f 1550/1780/1242 1297/1550/1242 1544/1782/1242
f 1294/1548/1243 1543/1781/1243 1539/1783/1243
f 1544/1782/1244 1295/1549/1244 1540/1784/1244
f 1292/1551/1245 1539/1783/1245 1541/1785/1245
f 1540/1784/1246 1293/1554/1246 1542/1786/1246
f 1539/1783/1247 1547/1768/1247 1541/1785/1247
f 1548/1771/1248 1540/1784/1248 1542/1786/1248
f 1543/1781/1249 1545/1773/1249 1539/1783/1249
f 1544/1782/1250 1546/1776/1250 1550/1780/1250
f 1541/1785/1251 1537/1787/1251 1535/1788/1251
f 1542/1786/1252 1538/1772/1252 1548/1771/1252
f 1290/1555/1253 1541/1785/1253 1535/1788/1253
f 1542/1786/1254 1291/1558/1254 1536/1789/1254
f 1551/1790/1255 1424/1675/1255 1418/1673/1255
f 1552/1791/1256 1425/1676/1256 1554/1792/1256
f 1535/1788/1257 1418/1673/1257 1290/1555/1257
f 1536/1789/1258 1419/1674/1258 1552/1791/1258
f 1424/1675/1259 1555/1793/1259 1288/1559/1259
f 1425/1676/1260 1556/1794/1260 1554/1792/1260
f 1555/1793/1261 1301/1566/1261 1288/1559/1261
f 1556/1794/1262 1302/1795/1262 1510/1766/1262
f 1533/1796/1263 1513/1797/1263 1286/1798/1263
f 1534/1799/1264 1513/1800/1264 1562/1801/1264
f 1561/1802/1265 1287/1803/1265 1513/1797/1265
f 1562/1801/1266 1287/1804/1266 1560/1805/1266
f 1287/1803/1267 1557/1806/1267 1514/1807/1267
f 1558/1808/1268 1287/1804/1268 1514/1809/1268
f 1514/1807/1269 1537/1787/1269 1518/1767/1269
f 1538/1772/1270 1514/1809/1270 1518/1770/1270
f 1537/1787/1271 1551/1790/1271 1535/1788/1271
f 1538/1772/1272 1552/1791/1272 1558/1808/1272
f 1505/1763/1273 1527/1810/1273 1519/1811/1273
f 1528/1812/1274 1506/1761/1274 1520/1813/1274
f 1525/1814/1275 1286/1798/1275 1285/1815/1275
f 1526/1816/1276 1286/1817/1276 1534/1799/1276
f 1567/1818/1277 1512/1819/1277 1511/1820/1277
f 1568/1821/1278 1512/1822/1278 1566/1823/1278
f 1512/1819/1279 1563/1824/1279 1284/1825/1279
f 1564/1826/1280 1512/1822/1280 1284/1827/1280
f 1284/1825/1281 1525/1814/1281 1285/1815/1281
f 1526/1816/1282 1284/1827/1282 1285/1828/1282
f 1501/1829/1283 1571/1830/1283 1573/1831/1283
f 1572/1832/1284 1502/1833/1284 1574/1834/1284
f 1573/1831/1285 1577/1835/1285 1575/1836/1285
f 1578/1837/1286 1574/1834/1286 1576/1838/1286
f 1575/1836/1287 1579/1839/1287 1581/1840/1287
f 1580/1841/1288 1576/1838/1288 1582/1842/1288
f 1581/1840/1289 1585/1843/1289 1583/1844/1289
f 1586/1845/1290 1582/1842/1290 1584/1846/1290
f 1587/1847/1291 1585/1843/1291 1523/1848/1291
f 1588/1849/1292 1586/1845/1292 1584/1846/1292
f 1525/1814/1293 1583/1844/1293 1587/1847/1293
f 1584/1846/1294 1526/1816/1294 1588/1849/1294
f 1563/1824/1295 1581/1840/1295 1583/1844/1295
f 1582/1842/1296 1564/1826/1296 1584/1846/1296
f 1565/1850/1297 1575/1836/1297 1581/1840/1297
f 1576/1838/1298 1566/1823/1298 1582/1842/1298
f 1567/1818/1299 1573/1831/1299 1575/1836/1299
f 1574/1834/1300 1568/1821/1300 1576/1838/1300
f 1501/1829/1301 1569/1851/1301 1499/1852/1301
f 1502/1833/1302 1570/1853/1302 1574/1834/1302
f 1569/1851/1303 1511/1820/1303 1283/1854/1303
f 1570/1853/1304 1511/1855/1304 1568/1821/1304
f 1493/1856/1305 1497/1857/1305 1499/1852/1305
f 1498/1858/1306 1494/1859/1306 1500/1860/1306
f 1493/1856/1307 1569/1851/1307 1283/1854/1307
f 1570/1853/1308 1494/1859/1308 1283/1861/1308
f 1282/1862/1309 1493/1856/1309 1283/1854/1309
f 1283/1861/1310 1494/1859/1310 1282/1863/1310
f 1505/1763/1311 1571/1830/1311 1503/1757/1311
f 1506/1761/1312 1572/1832/1312 1520/1813/1312
f 1519/1811/1313 1577/1835/1313 1571/1830/1313
f 1578/1837/1314 1520/1813/1314 1572/1832/1314
f 1521/1864/1315 1579/1839/1315 1577/1835/1315
f 1580/1841/1316 1522/1865/1316 1578/1837/1316
f 1585/1843/1317 1591/1866/1317 1523/1848/1317
f 1586/1845/1318 1592/1867/1318 1580/1841/1318
f 1559/1868/1319 1593/1869/1319 1557/1806/1319
f 1560/1805/1320 1594/1870/1320 1596/1871/1320
f 1593/1869/1321 1529/1872/1321 1527/1810/1321
f 1594/1870/1322 1530/1873/1322 1596/1871/1322
f 1507/1762/1323 1593/1869/1323 1527/1810/1323
f 1594/1870/1324 1508/1764/1324 1528/1812/1324
f 1509/1765/1325 1551/1790/1325 1593/1869/1325
f 1552/1791/1326 1510/1766/1326 1594/1870/1326
f 1551/1790/1327 1557/1806/1327 1593/1869/1327
f 1594/1870/1328 1558/1808/1328 1552/1791/1328
f 1509/1765/1329 1555/1793/1329 1553/1874/1329
f 1554/1792/1330 1556/1794/1330 1510/1766/1330
f 1531/1875/1331 1587/1847/1331 1523/1848/1331
f 1532/1876/1332 1588/1849/1332 1590/1877/1332
f 1587/1847/1333 1533/1796/1333 1525/1814/1333
f 1588/1849/1334 1534/1799/1334 1590/1877/1334
f 1595/1878/1335 1531/1875/1335 1529/1872/1335
f 1596/1871/1336 1532/1876/1336 1590/1877/1336
f 1561/1802/1337 1595/1878/1337 1559/1868/1337
f 1562/1801/1338 1596/1871/1338 1590/1877/1338
f 1533/1796/1339 1589/1879/1339 1561/1802/1339
f 1562/1801/1340 1590/1877/1340 1534/1799/1340
f 1597/1880/1341 1611/1881/1341 1609/1882/1341
f 1598/1883/1342 1612/1884/1342 1624/1885/1342
f 1609/1882/1343 1613/1886/1343 1607/1887/1343
f 1614/1888/1344 1610/1889/1344 1608/1890/1344
f 1613/1886/1345 1605/1891/1345 1607/1887/1345
f 1614/1888/1346 1606/1892/1346 1616/1893/1346
f 1615/1894/1347 1603/1895/1347 1605/1891/1347
f 1616/1893/1348 1604/1896/1348 1618/1897/1348
f 1617/1898/1349 1601/1899/1349 1603/1895/1349
f 1618/1897/1350 1602/1900/1350 1620/1901/1350
f 1601/1899/1351 1621/1902/1351 1599/1903/1351
f 1622/1904/1352 1602/1900/1352 1600/1905/1352
f 1619/1906/1353 1627/1907/1353 1621/1902/1353
f 1628/1908/1354 1620/1901/1354 1622/1904/1354
f 1617/1898/1355 1629/1909/1355 1619/1906/1355
f 1630/1910/1356 1618/1897/1356 1620/1901/1356
f 1633/1911/1357 1617/1898/1357 1615/1894/1357
f 1634/1912/1358 1618/1897/1358 1632/1913/1358
f 1635/1914/1359 1615/1894/1359 1613/1886/1359
f 1636/1915/1360 1616/1893/1360 1634/1912/1360
f 1637/1916/1361 1613/1886/1361 1611/1881/1361
f 1638/1917/1362 1614/1888/1362 1636/1915/1362
f 1611/1881/1363 1625/1918/1363 1637/1916/1363
f 1626/1919/1364 1612/1884/1364 1638/1917/1364
f 1529/1872/1365 1651/1920/1365 1527/1810/1365
f 1530/1873/1366 1652/1921/1366 1654/1922/1366
f 1599/1903/1367 1653/1923/1367 1529/1924/1367
f 1600/1905/1368 1654/1925/1368 1622/1904/1368
f 1519/1811/1369 1651/1920/1369 1521/1864/1369
f 1652/1921/1370 1520/1813/1370 1522/1865/1370
f 1591/1926/1371 1623/1927/1371 1597/1880/1371
f 1624/1885/1372 1592/1928/1372 1598/1883/1372
f 1621/1902/1373 1649/1929/1373 1653/1923/1373
f 1650/1930/1374 1622/1904/1374 1654/1925/1374
f 1655/1931/1375 1649/1929/1375 1647/1932/1375
f 1656/1933/1376 1650/1930/1376 1654/1925/1376
f 1643/1934/1107 1647/1932/1107 1645/1935/1107
f 1648/1936/1107 1644/1937/1107 1646/1938/1107
f 1657/1939/1377 1643/1934/1377 1641/1940/1377
f 1658/1941/1378 1644/1937/1378 1656/1933/1378
f 1657/1939/1379 1659/1942/1379 1639/1943/1379
f 1658/1941/1380 1660/1944/1380 1642/1945/1380
f 1639/1943/1381 1625/1918/1381 1623/1927/1381
f 1640/1946/1382 1626/1919/1382 1660/1944/1382
f 1521/1864/1383 1639/1947/1383 1591/1866/1383
f 1640/1948/1384 1522/1865/1384 1592/1867/1384
f 1651/1920/1385 1657/1949/1385 1521/1864/1385
f 1652/1921/1386 1658/1950/1386 1656/1951/1386
f 1651/1920/1387 1653/1952/1387 1655/1953/1387
f 1656/1951/1388 1654/1922/1388 1652/1921/1388
f 1625/1918/1389 1661/1954/1389 1685/1955/1389
f 1662/1956/1390 1626/1919/1390 1686/1957/1390
f 1641/1940/1391 1661/1954/1391 1659/1942/1391
f 1642/1945/1392 1662/1956/1392 1672/1958/1392
f 1641/1940/1393 1669/1959/1393 1671/1960/1393
f 1670/1961/1394 1642/1945/1394 1672/1958/1394
f 1645/1935/1395 1669/1959/1395 1643/1934/1395
f 1646/1938/1396 1670/1961/1396 1668/1962/1396
f 1647/1932/1397 1667/1963/1397 1645/1935/1397
f 1648/1936/1398 1668/1962/1398 1666/1964/1398
f 1647/1932/1399 1663/1965/1399 1665/1966/1399
f 1664/1967/1400 1648/1936/1400 1666/1964/1400
f 1649/1929/1401 1683/1968/1401 1663/1965/1401
f 1684/1969/1401 1650/1930/1401 1664/1967/1401
f 1637/1916/1402 1685/1955/1402 1673/1970/1402
f 1686/1957/1403 1638/1917/1403 1674/1971/1403
f 1635/1914/1404 1673/1970/1404 1675/1972/1404
f 1674/1971/1405 1636/1915/1405 1676/1973/1405
f 1633/1911/1406 1675/1972/1406 1677/1974/1406
f 1676/1973/1407 1634/1912/1407 1678/1975/1407
f 1633/1911/1408 1679/1976/1408 1631/1977/1408
f 1634/1912/1409 1680/1978/1409 1678/1975/1409
f 1631/1977/1410 1681/1979/1410 1629/1909/1410
f 1632/1913/1411 1682/1980/1411 1680/1978/1411
f 1629/1909/1412 1683/1968/1412 1627/1907/1412
f 1630/1910/1413 1684/1969/1413 1682/1980/1413
f 1665/1966/1414 1687/1981/1414 1667/1963/1414
f 1666/1964/1415 1688/1982/1415 1690/1983/1415
f 1689/1984/1416 1693/1985/1416 1687/1981/1416
f 1690/1983/1417 1694/1986/1417 1692/1987/1417
f 1693/1985/1418 1697/1988/1418 1695/1989/1418
f 1698/1990/1419 1694/1986/1419 1696/1991/1419
f 1697/1988/1420 1701/1992/1420 1695/1989/1420
f 1698/1990/1421 1702/1993/1421 1700/1994/1421
f 1673/1970/1422 1695/1989/1422 1701/1992/1422
f 1696/1991/1423 1674/1971/1423 1702/1993/1423
f 1693/1985/1424 1685/1955/1424 1661/1954/1424
f 1694/1986/1425 1686/1957/1425 1696/1991/1425
f 1671/1960/1426 1693/1985/1426 1661/1954/1426
f 1672/1958/1427 1694/1986/1427 1688/1982/1427
f 1667/1963/1107 1671/1960/1107 1669/1959/1107
f 1672/1958/1107 1668/1962/1107 1670/1961/1107
f 1683/1968/1428 1665/1966/1428 1663/1965/1428
f 1684/1969/1429 1666/1964/1429 1690/1983/1429
f 1681/1979/1430 1689/1984/1430 1683/1968/1430
f 1690/1983/1431 1682/1980/1431 1684/1969/1431
f 1697/1988/1432 1681/1979/1432 1679/1976/1432
f 1698/1990/1433 1682/1980/1433 1692/1987/1433
f 1699/1995/1434 1679/1976/1434 1677/1974/1434
f 1700/1994/1435 1680/1978/1435 1698/1990/1435
f 1675/1972/1436 1699/1995/1436 1677/1974/1436
f 1700/1994/1437 1676/1973/1437 1678/1975/1437
f 1673/1970/1438 1701/1992/1438 1675/1972/1438
f 1676/1973/1439 1702/1993/1439 1674/1971/1439
f 1601/1899/1440 1713/1996/1440 1711/1997/1440
f 1714/1998/1441 1602/1900/1441 1712/1999/1441
f 1603/1895/1442 1711/1997/1442 1709/2000/1442
f 1712/1999/1443 1604/1896/1443 1710/2001/1443
f 1603/1895/1444 1707/2002/1444 1605/1891/1444
f 1604/1896/1445 1708/2003/1445 1710/2001/1445
f 1605/1891/1446 1705/2004/1446 1607/2005/1446
f 1606/1892/1447 1706/2006/1447 1708/2003/1447
f 1607/2005/1448 1703/2007/1448 1609/2008/1448
f 1608/2009/1449 1704/2010/1449 1706/2006/1449
f 1609/2008/1450 1715/2011/1450 1597/2012/1450
f 1610/2013/1451 1716/2014/1451 1704/2010/1451
f 1711/1997/1452 1715/2011/1452 1703/2007/1452
f 1712/1999/1453 1716/2014/1453 1714/1998/1453
f 1703/2007/1454 1709/2000/1454 1711/1997/1454
f 1710/2001/1455 1704/2010/1455 1712/1999/1455
f 1705/2004/1456 1707/2002/1456 1709/2000/1456
f 1710/2001/1457 1708/2003/1457 1706/2006/1457
f 1591/2015/1458 1715/2011/1458 1523/2016/1458
f 1592/2017/1459 1716/2014/1459 1598/2018/1459
f 1523/2016/1460 1713/1996/1460 1531/2019/1460
f 1714/1998/1461 1524/2020/1461 1532/2021/1461
f 1529/1924/1462 1713/1996/1462 1599/1903/1462
f 1714/1998/1463 1530/2022/1463 1600/1905/1463
f 1256/1473/1464 1210/1485/1464 1212/1474/1464
f 1213/1476/1465 1211/1488/1465 1257/1477/1465
f 1254/1475/1466 1212/1474/1466 1214/1479/1466
f 1215/1481/1467 1213/1476/1467 1255/1478/1467
f 1212/1474/1468 1218/1486/1468 1216/1483/1468
f 1217/1484/1469 1219/1487/1469 1213/1476/1469
f 1210/1485/1470 1220/1489/1470 1218/1486/1470
f 1219/1487/1471 1221/1492/1471 1211/1488/1471
f 1220/1489/1472 1222/1498/1472 1224/1490/1472
f 1225/1491/1473 1223/1499/1473 1221/1492/1473
f 1218/1486/1474 1224/1490/1474 1226/1493/1474
f 1227/1494/1475 1225/1491/1475 1219/1487/1475
f 1230/1495/1476 1228/1504/1476 1226/1493/1476
f 1231/1496/1477 1225/1491/1477 1227/1494/1477
f 1222/1498/1478 1232/1500/1478 1230/1495/1478
f 1231/1496/1479 1233/1503/1479 1223/1499/1479
f 1232/1500/1480 1234/1511/1480 1236/1501/1480
f 1237/1502/1481 1235/1526/1481 1233/1503/1481
f 1236/1501/1482 1238/1507/1482 1228/1504/1482
f 1237/1502/1483 1231/1496/1483 1229/1497/1483
f 1242/1506/1484 1240/1517/1484 1238/1507/1484
f 1243/1508/1485 1237/1502/1485 1239/1505/1485
f 1244/1510/1486 1242/1506/1486 1236/1501/1486
f 1245/1512/1487 1235/1526/1487 1237/1502/1487
f 1246/1513/1488 1248/1516/1488 1242/1506/1488
f 1247/1514/1489 1245/1512/1489 1243/1508/1489
f 1248/1516/1490 1250/1519/1490 1240/1517/1490
f 1249/1515/1491 1243/1508/1491 1241/1509/1491
f 1254/1475/1492 1252/1480/1492 1250/1519/1492
f 1255/1478/1493 1249/1515/1493 1251/1518/1493
f 1256/1473/1494 1254/1475/1494 1248/1516/1494
f 1257/1477/1495 1247/1514/1495 1249/1515/1495
f 1246/1513/1496 1260/1523/1496 1258/1520/1496
f 1247/1514/1497 1257/1477/1497 1259/1521/1497
f 1244/1510/1498 1262/1525/1498 1260/1523/1498
f 1245/1512/1499 1247/1514/1499 1261/1522/1499
f 1234/1511/1500 1264/1528/1500 1262/1525/1500
f 1235/1526/1501 1245/1512/1501 1263/1524/1501
f 1232/1500/1502 1266/1531/1502 1264/1528/1502
f 1233/1503/1503 1235/1526/1503 1265/1527/1503
f 1232/1500/1504 1222/1498/1504 1268/1530/1504
f 1269/1532/1505 1223/1499/1505 1233/1503/1505
f 1222/1498/1506 1220/1489/1506 1272/1533/1506
f 1273/1534/1507 1221/1492/1507 1223/1499/1507
f 1220/1489/1508 1210/1485/1508 1274/1535/1508
f 1275/1536/1509 1211/1488/1509 1221/1492/1509
f 1210/1485/1510 1256/1473/1510 1258/1520/1510
f 1259/1521/1511 1257/1477/1511 1211/1488/1511
f 1383/1539/1512 1385/1543/1512 1300/1540/1512
f 1384/1542/1513 1299/1547/1513 1300/1540/1513
f 1381/1544/1514 1383/1539/1514 1298/1541/1514
f 1382/1546/1515 1297/1550/1515 1299/1547/1515
f 1294/1548/1516 1379/1552/1516 1381/1544/1516
f 1382/1546/1517 1380/1553/1517 1295/1549/1517
f 1292/1551/1518 1377/1556/1518 1379/1552/1518
f 1380/1553/1519 1378/1557/1519 1293/1554/1519
f 1290/1555/1520 1375/1630/1520 1377/1556/1520
f 1378/1557/1521 1376/1633/1521 1291/1558/1521
f 1288/1559/1522 1301/1566/1522 1355/1560/1522
f 1356/1562/1523 1302/1795/1523 1289/1563/1523
f 1303/1565/1524 1357/1570/1524 1355/1560/1524
f 1304/1567/1525 1302/1795/1525 1356/1562/1525
f 1303/1565/1526 1305/1573/1526 1359/1569/1526
f 1360/1571/1527 1306/1760/1527 1304/1567/1527
f 1307/1572/1528 1361/1577/1528 1359/1569/1528
f 1308/1574/1529 1306/1760/1529 1360/1571/1529
f 1309/1576/1530 1363/1581/1530 1361/1577/1530
f 1310/1578/1531 1308/1574/1531 1362/1575/1531
f 1311/1580/1532 1365/1585/1532 1363/1581/1532
f 1312/1582/1533 1310/1578/1533 1364/1579/1533
f 1311/1580/1534 1313/1588/1534 1367/1584/1534
f 1368/1586/1535 1314/1751/1535 1312/1582/1535
f 1315/1587/1536 1369/1592/1536 1367/1584/1536
f 1316/1589/1537 1314/1751/1537 1368/1586/1537
f 1317/1591/1538 1371/1596/1538 1369/1592/1538
f 1318/1593/1539 1316/1589/1539 1370/1590/1539
f 1276/1595/1540 1277/1597/1540 1371/1596/1540
f 1276/1595/1541 1318/1593/1541 1372/1594/1541
f 1337/1598/1542 1369/1592/1542 1371/1596/1542
f 1338/1600/1543 1320/2023/1543 1372/1594/1543
f 1337/1598/1544 1388/1601/1544 1367/1584/1544
f 1368/1586/1545 1389/1603/1545 1338/1600/1545
f 1365/1585/1546 1367/1584/1546 1388/1601/1546
f 1366/1583/1547 1336/1605/1547 1389/1603/1547
f 1363/1581/1548 1365/1585/1548 1335/1602/1548
f 1364/1579/1549 1334/1607/1549 1336/1605/1549
f 1361/1577/1550 1363/1581/1550 1333/1604/1550
f 1362/1575/1551 1332/1609/1551 1334/1607/1551
f 1359/1569/1552 1361/1577/1552 1331/1606/1552
f 1360/1571/1553 1330/1611/1553 1332/1609/1553
f 1357/1570/1554 1359/1569/1554 1329/1608/1554
f 1358/1568/1555 1328/1613/1555 1330/1611/1555
f 1355/1560/1556 1357/1570/1556 1327/1610/1556
f 1356/1562/1557 1326/1615/1557 1328/1613/1557
f 1373/1561/1558 1355/1560/1558 1325/1612/1558
f 1374/1564/1559 1324/1617/1559 1326/1615/1559
f 1323/1614/1560 1390/1623/1560 1386/1616/1560
f 1386/1616/1561 1391/1624/1561 1324/1617/1561
f 1371/1596/1562 1277/1597/1562 1321/1618/1562
f 1372/1594/1563 1320/2023/1563 1322/1619/1563
f 1321/1618/1564 1277/1597/1564 1387/1620/1564
f 1387/1620/1565 1277/1597/1565 1322/1619/1565
f 1390/1623/1566 1392/1621/1566 1387/1620/1566
f 1391/1624/1567 1386/1616/1567 1387/1620/1567
f 1344/1625/1568 1346/1684/1568 1385/1543/1568
f 1385/1543/1569 1346/1684/1569 1345/1626/1569
f 1342/1627/1570 1344/1625/1570 1383/1539/1570
f 1384/1542/1571 1345/1626/1571 1343/1628/1571
f 1342/1627/1572 1381/1544/1572 1379/1552/1572
f 1343/1628/1573 1341/1634/1573 1380/1553/1573
f 1375/1630/1574 1396/1636/1574 1394/1631/1574
f 1395/1632/1575 1397/1638/1575 1376/1633/1575
f 1340/1629/1576 1379/1552/1576 1377/1556/1576
f 1378/1557/1577 1380/1553/1577 1341/1634/1577
f 1399/1635/1104 1398/1639/1104 1396/1636/1104
f 1399/1635/1578 1354/1646/1578 1397/1638/1578
f 1396/1636/1106 1398/1639/1106 1278/1640/1106
f 1397/1638/1579 1395/1632/1579 1278/1640/1579
f 1340/1629/1107 1394/1631/1107 1278/1640/1107
f 1341/1634/1107 1339/1641/1107 1278/1640/1107
f 1351/1642/1580 1402/1648/1580 1400/1643/1580
f 1401/1644/1581 1403/1649/1581 1352/1645/1581
f 1349/1647/1582 1404/1663/1582 1402/1648/1582
f 1403/1649/1583 1405/1654/1583 1350/1650/1583
f 1406/1651/1584 1404/1663/1584 1349/1647/1584
f 1407/1653/1585 1348/1652/1585 1350/1650/1585
f 1280/1655/1586 1406/1651/1586 1348/1652/1586
f 1353/1637/1587 1400/1643/1587 1279/1657/1587
f 1354/1646/1588 1399/1635/1588 1279/1657/1588
f 1400/1643/1118 1415/1666/1118 1417/1658/1118
f 1401/1644/1119 1279/1657/1119 1417/1658/1119
f 1280/1655/1589 1408/1668/1589 1409/1660/1589
f 1410/1661/1590 1408/1668/1590 1280/1655/1590
f 1406/1651/1591 1409/1660/1591 1411/1662/1591
f 1412/1664/1592 1410/1661/1592 1407/1653/1592
f 1411/1662/1593 1413/1667/1593 1402/1648/1593
f 1412/1664/1594 1405/1654/1594 1403/1649/1594
f 1402/1648/1595 1413/1667/1595 1415/1666/1595
f 1416/1659/1596 1414/1665/1596 1403/1649/1596
f 1413/1667/1597 1411/1662/1597 1409/1660/1597
f 1414/1665/1598 1408/1668/1598 1410/1661/1598
f 1408/1668/1599 1417/1658/1599 1415/1666/1599
f 1416/1659/1600 1417/1658/1600 1408/1668/1600
f 1348/1652/1601 1349/1647/1601 1373/1561/1601
f 1374/1564/1602 1350/1650/1602 1348/1652/1602
f 1349/1647/1603 1351/1642/1603 1420/1669/1603
f 1421/1670/1604 1352/1645/1604 1350/1650/1604
f 1353/1637/1605 1422/1672/1605 1420/1669/1605
f 1354/1646/1606 1352/1645/1606 1421/1670/1606
f 1396/1636/1607 1375/1630/1607 1422/1672/1607
f 1397/1638/1608 1354/1646/1608 1423/1671/1608
f 1418/1673/1609 1422/1672/1609 1375/1630/1609
f 1419/1674/1610 1291/1558/1610 1376/1633/1610
f 1424/1675/1611 1420/1669/1611 1422/1672/1611
f 1425/1676/1612 1419/1674/1612 1423/1671/1612
f 1288/1559/1613 1373/1561/1613 1420/1669/1613
f 1421/1670/1614 1374/1564/1614 1289/1563/1614
f 1339/1641/1615 1281/1679/1615 1431/1677/1615
f 1339/1641/1616 1341/1634/1616 1432/1678/1616
f 1342/1627/1617 1340/1629/1617 1431/1677/1617
f 1432/1678/1618 1341/1634/1618 1343/1628/1618
f 1344/1625/1619 1342/1627/1619 1429/1680/1619
f 1430/1681/1620 1343/1628/1620 1345/1626/1620
f 1346/1684/1621 1344/1625/1621 1427/1682/1621
f 1428/1683/1622 1345/1626/1622 1346/1684/1622
f 1427/1682/1152 1438/1689/1152 1440/1686/1152
f 1428/1683/1153 1426/1685/1153 1440/1686/1153
f 1427/1682/1623 1429/1680/1623 1436/1688/1623
f 1437/1690/1624 1430/1681/1624 1428/1683/1624
f 1429/1680/1114 1431/1677/1114 1434/1691/1114
f 1435/1692/1156 1432/1678/1156 1430/1681/1156
f 1281/1679/1157 1433/1693/1157 1434/1691/1157
f 1281/1679/1158 1432/1678/1158 1435/1692/1158
f 1433/1693/1625 1440/1686/1625 1438/1689/1625
f 1439/1687/1626 1440/1686/1626 1433/1693/1626
f 1392/1621/1627 1390/1623/1627 1443/1694/1627
f 1444/1696/1628 1391/1624/1628 1393/1622/1628
f 1321/1618/1629 1392/1621/1629 1441/1695/1629
f 1442/1697/1630 1393/1622/1630 1322/1619/1630
f 1321/1618/1631 1463/1698/1631 1465/1700/1631
f 1322/1619/1632 1320/2023/1632 1466/1701/1632
f 1323/1614/1633 1461/1704/1633 1443/1694/1633
f 1324/1617/1634 1391/1624/1634 1444/1696/1634
f 1323/1614/1635 1325/1612/1635 1459/1703/1635
f 1460/1705/1636 1326/1615/1636 1324/1617/1636
f 1325/1612/1637 1327/1610/1637 1457/1706/1637
f 1458/1707/1638 1328/1613/1638 1326/1615/1638
f 1327/1610/1639 1329/1608/1639 1455/1708/1639
f 1456/1709/1640 1330/1611/1640 1328/1613/1640
f 1329/1608/1641 1331/1606/1641 1453/1710/1641
f 1454/1711/1642 1332/1609/1642 1330/1611/1642
f 1333/1604/1643 1451/1713/1643 1453/1710/1643
f 1334/1607/1644 1332/1609/1644 1454/1711/1644
f 1335/1602/1645 1449/1716/1645 1451/1713/1645
f 1336/1605/1646 1334/1607/1646 1452/1712/1646
f 1335/1602/1647 1388/1601/1647 1445/1715/1647
f 1446/1717/1648 1389/1603/1648 1336/1605/1648
f 1388/1601/1649 1337/1598/1649 1447/1718/1649
f 1448/1719/1650 1338/1600/1650 1389/1603/1650
f 1337/1598/1651 1319/1599/1651 1465/1700/1651
f 1466/1701/1652 1320/2023/1652 1338/1600/1652
f 1465/1700/1653 1467/1742/1653 1485/1720/1653
f 1466/1701/1654 1448/1719/1654 1486/1721/1654
f 1445/1715/1655 1447/1718/1655 1485/1720/1655
f 1486/1721/1656 1448/1719/1656 1446/1717/1656
f 1445/1715/1657 1487/1723/1657 1483/1725/1657
f 1446/1717/1658 1450/1714/1658 1484/1726/1658
f 1449/1716/1659 1483/1725/1659 1481/1727/1659
f 1450/1714/1660 1452/1712/1660 1482/1728/1660
f 1453/1710/1661 1451/1713/1661 1481/1727/1661
f 1482/1728/1662 1452/1712/1662 1454/1711/1662
f 1453/1710/1663 1479/1729/1663 1477/1731/1663
f 1454/1711/1664 1456/1709/1664 1478/1732/1664
f 1457/1706/1665 1455/1708/1665 1477/1731/1665
f 1478/1732/1666 1456/1709/1666 1458/1707/1666
f 1457/1706/1667 1475/1733/1667 1473/1735/1667
f 1458/1707/1668 1460/1705/1668 1474/1736/1668
f 1459/1703/1669 1473/1735/1669 1471/1737/1669
f 1460/1705/1670 1462/1702/1670 1472/1738/1670
f 1443/1694/1207 1461/1704/1207 1471/1737/1207
f 1472/1738/1208 1462/1702/1208 1444/1696/1208
f 1465/1700/1671 1463/1698/1671 1469/1741/1671
f 1470/1743/1672 1464/1699/1672 1466/1701/1672
f 1463/1698/1673 1441/1695/1673 1491/1744/1673
f 1492/1745/1674 1442/1697/1674 1464/1699/1674
f 1441/1695/1675 1443/1694/1675 1489/1739/1675
f 1490/1740/1676 1444/1696/1676 1442/1697/1676
f 1276/1595/1677 1317/1591/1677 1493/1746/1677
f 1494/1748/1678 1318/1593/1678 1276/1595/1678
f 1317/1591/1679 1315/1587/1679 1495/1749/1679
f 1496/1750/1680 1316/1589/1680 1318/1593/1680
f 1313/1588/1681 1497/1753/1681 1495/1749/1681
f 1314/1751/1682 1316/1589/1682 1496/1750/1682
f 1311/1580/1683 1499/1755/1683 1497/1753/1683
f 1312/1582/1684 1314/1751/1684 1498/1752/1684
f 1309/1576/1685 1501/1758/1685 1499/1755/1685
f 1310/1578/1686 1312/1582/1686 1500/1754/1686
f 1309/1576/1687 1307/1572/1687 1503/1757/1687
f 1504/1759/1688 1308/1574/1688 1310/1578/1688
f 1305/1573/1689 1505/1763/1689 1503/1757/1689
f 1306/1760/1690 1308/1574/1690 1504/1759/1690
f 1305/1573/1691 1303/1565/1691 1507/1762/1691
f 1508/1764/1692 1304/1567/1692 1306/1760/1692
f 1303/1565/1693 1301/1566/1693 1509/1765/1693
f 1510/1766/1694 1302/1795/1694 1304/1567/1694
f 1518/1767/1695 1537/1787/1695 1547/1768/1695
f 1518/1770/1696 1517/1775/1696 1548/1771/1696
f 1517/1769/1697 1547/1768/1697 1545/1773/1697
f 1517/1775/1698 1516/1779/1698 1546/1776/1698
f 1516/1774/1699 1545/1773/1699 1549/1777/1699
f 1516/1779/1700 1515/1778/1700 1550/1780/1700
f 1298/1541/1701 1300/1540/1701 1515/1778/1701
f 1515/1778/1702 1300/1540/1702 1299/1547/1702
f 1296/1545/1703 1298/1541/1703 1549/1777/1703
f 1550/1780/1704 1299/1547/1704 1297/1550/1704
f 1294/1548/1705 1296/1545/1705 1543/1781/1705
f 1544/1782/1706 1297/1550/1706 1295/1549/1706
f 1292/1551/1707 1294/1548/1707 1539/1783/1707
f 1540/1784/1708 1295/1549/1708 1293/1554/1708
f 1539/1783/1709 1545/1773/1709 1547/1768/1709
f 1548/1771/1710 1546/1776/1710 1540/1784/1710
f 1543/1781/1711 1549/1777/1711 1545/1773/1711
f 1544/1782/1712 1540/1784/1712 1546/1776/1712
f 1541/1785/1713 1547/1768/1713 1537/1787/1713
f 1542/1786/1714 1536/1789/1714 1538/1772/1714
f 1290/1555/1715 1292/1551/1715 1541/1785/1715
f 1542/1786/1716 1293/1554/1716 1291/1558/1716
f 1551/1790/1717 1553/1874/1717 1424/1675/1717
f 1552/1791/1718 1419/1674/1718 1425/1676/1718
f 1535/1788/1719 1551/1790/1719 1418/1673/1719
f 1536/1789/1720 1291/1558/1720 1419/1674/1720
f 1424/1675/1721 1553/1874/1721 1555/1793/1721
f 1425/1676/1722 1289/1563/1722 1556/1794/1722
f 1555/1793/1723 1509/1765/1723 1301/1566/1723
f 1556/1794/1724 1289/1563/1724 1302/1795/1724
f 1533/1796/1725 1561/1802/1725 1513/1797/1725
f 1534/1799/1726 1286/1817/1726 1513/1800/1726
f 1561/1802/1727 1559/1868/1727 1287/1803/1727
f 1562/1801/1728 1513/1800/1728 1287/1804/1728
f 1287/1803/1729 1559/1868/1729 1557/1806/1729
f 1558/1808/1730 1560/1805/1730 1287/1804/1730
f 1514/1807/1731 1557/1806/1731 1537/1787/1731
f 1538/1772/1732 1558/1808/1732 1514/1809/1732
f 1537/1787/1733 1557/1806/1733 1551/1790/1733
f 1538/1772/1734 1536/1789/1734 1552/1791/1734
f 1505/1763/1735 1507/1762/1735 1527/1810/1735
f 1528/1812/1736 1508/1764/1736 1506/1761/1736
f 1525/1814/1737 1533/1796/1737 1286/1798/1737
f 1526/1816/1738 1285/1828/1738 1286/1817/1738
f 1567/1818/1739 1565/1850/1739 1512/1819/1739
f 1568/1821/1740 1511/1855/1740 1512/1822/1740
f 1512/1819/1741 1565/1850/1741 1563/1824/1741
f 1564/1826/1742 1566/1823/1742 1512/1822/1742
f 1284/1825/1743 1563/1824/1743 1525/1814/1743
f 1526/1816/1744 1564/1826/1744 1284/1827/1744
f 1501/1829/1745 1503/1757/1745 1571/1830/1745
f 1572/1832/1746 1504/1759/1746 1502/1833/1746
f 1573/1831/1747 1571/1830/1747 1577/1835/1747
f 1578/1837/1748 1572/1832/1748 1574/1834/1748
f 1575/1836/1749 1577/1835/1749 1579/1839/1749
f 1580/1841/1750 1578/1837/1750 1576/1838/1750
f 1581/1840/1751 1579/1839/1751 1585/1843/1751
f 1586/1845/1752 1580/1841/1752 1582/1842/1752
f 1587/1847/1753 1583/1844/1753 1585/1843/1753
f 1588/1849/1754 1524/2024/1754 1586/1845/1754
f 1525/1814/1755 1563/1824/1755 1583/1844/1755
f 1584/1846/1756 1564/1826/1756 1526/1816/1756
f 1563/1824/1757 1565/1850/1757 1581/1840/1757
f 1582/1842/1758 1566/1823/1758 1564/1826/1758
f 1565/1850/1759 1567/1818/1759 1575/1836/1759
f 1576/1838/1760 1568/1821/1760 1566/1823/1760
f 1567/1818/1761 1569/1851/1761 1573/1831/1761
f 1574/1834/1762 1570/1853/1762 1568/1821/1762
f 1501/1829/1763 1573/1831/1763 1569/1851/1763
f 1502/1833/1764 1500/1860/1764 1570/1853/1764
f 1569/1851/1765 1567/1818/1765 1511/1820/1765
f 1570/1853/1766 1283/1861/1766 1511/1855/1766
f 1493/1856/1767 1495/2025/1767 1497/1857/1767
f 1498/1858/1768 1496/2026/1768 1494/1859/1768
f 1493/1856/1769 1499/1852/1769 1569/1851/1769
f 1570/1853/1770 1500/1860/1770 1494/1859/1770
f 1505/1763/1771 1519/1811/1771 1571/1830/1771
f 1506/1761/1772 1504/1759/1772 1572/1832/1772
f 1519/1811/1773 1521/1864/1773 1577/1835/1773
f 1578/1837/1774 1522/1865/1774 1520/1813/1774
f 1521/1864/1775 1591/1866/1775 1579/1839/1775
f 1580/1841/1776 1592/1867/1776 1522/1865/1776
f 1585/1843/1777 1579/1839/1777 1591/1866/1777
f 1586/1845/1778 1524/2024/1778 1592/1867/1778
f 1559/1868/1779 1595/1878/1779 1593/1869/1779
f 1560/1805/1780 1558/1808/1780 1594/1870/1780
f 1593/1869/1781 1595/1878/1781 1529/1872/1781
f 1594/1870/1782 1528/1812/1782 1530/1873/1782
f 1507/1762/1783 1509/1765/1783 1593/1869/1783
f 1594/1870/1784 1510/1766/1784 1508/1764/1784
f 1509/1765/1785 1553/1874/1785 1551/1790/1785
f 1552/1791/1786 1554/1792/1786 1510/1766/1786
f 1531/1875/1787 1589/1879/1787 1587/1847/1787
f 1532/1876/1788 1524/2024/1788 1588/1849/1788
f 1587/1847/1789 1589/1879/1789 1533/1796/1789
f 1588/1849/1790 1526/1816/1790 1534/1799/1790
f 1595/1878/1791 1589/1879/1791 1531/1875/1791
f 1596/1871/1792 1530/1873/1792 1532/1876/1792
f 1561/1802/1793 1589/1879/1793 1595/1878/1793
f 1562/1801/1794 1560/1805/1794 1596/1871/1794
f 1597/1880/1795 1623/1927/1795 1611/1881/1795
f 1598/1883/1796 1610/1889/1796 1612/1884/1796
f 1609/1882/1797 1611/1881/1797 1613/1886/1797
f 1614/1888/1798 1612/1884/1798 1610/1889/1798
f 1613/1886/1799 1615/1894/1799 1605/1891/1799
f 1614/1888/1800 1608/1890/1800 1606/1892/1800
f 1615/1894/1801 1617/1898/1801 1603/1895/1801
f 1616/1893/1802 1606/1892/1802 1604/1896/1802
f 1617/1898/1803 1619/1906/1803 1601/1899/1803
f 1618/1897/1804 1604/1896/1804 1602/1900/1804
f 1601/1899/1805 1619/1906/1805 1621/1902/1805
f 1622/1904/1806 1620/1901/1806 1602/1900/1806
f 1619/1906/1807 1629/1909/1807 1627/1907/1807
f 1628/1908/1808 1630/1910/1808 1620/1901/1808
f 1617/1898/1809 1631/1977/1809 1629/1909/1809
f 1630/1910/1810 1632/1913/1810 1618/1897/1810
f 1633/1911/1811 1631/1977/1811 1617/1898/1811
f 1634/1912/1812 1616/1893/1812 1618/1897/1812
f 1635/1914/1813 1633/1911/1813 1615/1894/1813
f 1636/1915/1814 1614/1888/1814 1616/1893/1814
f 1637/1916/1815 1635/1914/1815 1613/1886/1815
f 1638/1917/1816 1612/1884/1816 1614/1888/1816
f 1611/1881/1817 1623/1927/1817 1625/1918/1817
f 1626/1919/1818 1624/1885/1818 1612/1884/1818
f 1529/1872/1819 1653/1952/1819 1651/1920/1819
f 1530/1873/1820 1528/1812/1820 1652/1921/1820
f 1599/1903/1821 1621/1902/1821 1653/1923/1821
f 1600/1905/1822 1530/2022/1822 1654/1925/1822
f 1519/1811/1823 1527/1810/1823 1651/1920/1823
f 1652/1921/1824 1528/1812/1824 1520/1813/1824
f 1591/1926/1825 1639/1943/1825 1623/1927/1825
f 1624/1885/1826 1640/1946/1826 1592/1928/1826
f 1621/1902/1827 1627/1907/1827 1649/1929/1827
f 1650/1930/1828 1628/1908/1828 1622/1904/1828
f 1655/1931/1829 1653/1923/1829 1649/1929/1829
f 1656/1933/1830 1648/1936/1830 1650/1930/1830
f 1643/1934/1831 1655/1931/1831 1647/1932/1831
f 1648/1936/1832 1656/1933/1832 1644/1937/1832
f 1657/1939/1833 1655/1931/1833 1643/1934/1833
f 1658/1941/1834 1642/1945/1834 1644/1937/1834
f 1657/1939/1835 1641/1940/1835 1659/1942/1835
f 1658/1941/1836 1640/1946/1836 1660/1944/1836
f 1639/1943/1837 1659/1942/1837 1625/1918/1837
f 1640/1946/1838 1624/1885/1838 1626/1919/1838
f 1521/1864/1839 1657/1949/1839 1639/1947/1839
f 1640/1948/1840 1658/1950/1840 1522/1865/1840
f 1651/1920/1841 1655/1953/1841 1657/1949/1841
f 1652/1921/1842 1522/1865/1842 1658/1950/1842
f 1625/1918/1843 1659/1942/1843 1661/1954/1843
f 1662/1956/1844 1660/1944/1844 1626/1919/1844
f 1641/1940/1845 1671/1960/1845 1661/1954/1845
f 1642/1945/1846 1660/1944/1846 1662/1956/1846
f 1641/1940/1393 1643/1934/1393 1669/1959/1393
f 1670/1961/1394 1644/1937/1394 1642/1945/1394
f 1645/1935/1847 1667/1963/1847 1669/1959/1847
f 1646/1938/1848 1644/1937/1848 1670/1961/1848
f 1647/1932/1849 1665/1966/1849 1667/1963/1849
f 1648/1936/1850 1646/1938/1850 1668/1962/1850
f 1647/1932/1851 1649/1929/1851 1663/1965/1851
f 1664/1967/1852 1650/1930/1852 1648/1936/1852
f 1649/1929/1853 1627/1907/1853 1683/1968/1853
f 1684/1969/1854 1628/1908/1854 1650/1930/1854
f 1637/1916/1855 1625/1918/1855 1685/1955/1855
f 1686/1957/1856 1626/1919/1856 1638/1917/1856
f 1635/1914/1857 1637/1916/1857 1673/1970/1857
f 1674/1971/1858 1638/1917/1858 1636/1915/1858
f 1633/1911/1859 1635/1914/1859 1675/1972/1859
f 1676/1973/1860 1636/1915/1860 1634/1912/1860
f 1633/1911/1861 1677/1974/1861 1679/1976/1861
f 1634/1912/1862 1632/1913/1862 1680/1978/1862
f 1631/1977/1863 1679/1976/1863 1681/1979/1863
f 1632/1913/1864 1630/1910/1864 1682/1980/1864
f 1629/1909/1865 1681/1979/1865 1683/1968/1865
f 1630/1910/1866 1628/1908/1866 1684/1969/1866
f 1665/1966/1867 1689/1984/1867 1687/1981/1867
f 1666/1964/1868 1668/1962/1868 1688/1982/1868
f 1689/1984/1869 1691/2027/1869 1693/1985/1869
f 1690/1983/1870 1688/1982/1870 1694/1986/1870
f 1693/1985/1871 1691/2027/1871 1697/1988/1871
f 1698/1990/1872 1692/1987/1872 1694/1986/1872
f 1697/1988/1873 1699/1995/1873 1701/1992/1873
f 1698/1990/1874 1696/1991/1874 1702/1993/1874
f 1673/1970/1875 1685/1955/1875 1695/1989/1875
f 1696/1991/1876 1686/1957/1876 1674/1971/1876
f 1693/1985/1877 1695/1989/1877 1685/1955/1877
f 1694/1986/1878 1662/1956/1878 1686/1957/1878
f 1671/1960/1879 1687/1981/1879 1693/1985/1879
f 1672/1958/1880 1662/1956/1880 1694/1986/1880
f 1667/1963/1881 1687/1981/1881 1671/1960/1881
f 1672/1958/1882 1688/1982/1882 1668/1962/1882
f 1683/1968/1883 1689/1984/1883 1665/1966/1883
f 1684/1969/1884 1664/1967/1884 1666/1964/1884
f 1681/1979/1885 1691/2027/1885 1689/1984/1885
f 1690/1983/1886 1692/1987/1886 1682/1980/1886
f 1697/1988/1887 1691/2027/1887 1681/1979/1887
f 1698/1990/1888 1680/1978/1888 1682/1980/1888
f 1699/1995/1889 1697/1988/1889 1679/1976/1889
f 1700/1994/1890 1678/1975/1890 1680/1978/1890
f 1675/1972/1891 1701/1992/1891 1699/1995/1891
f 1700/1994/1892 1702/1993/1892 1676/1973/1892
f 1601/1899/1893 1599/1903/1893 1713/1996/1893
f 1714/1998/1894 1600/1905/1894 1602/1900/1894
f 1603/1895/1895 1601/1899/1895 1711/1997/1895
f 1712/1999/1896 1602/1900/1896 1604/1896/1896
f 1603/1895/1897 1709/2000/1897 1707/2002/1897
f 1604/1896/1898 1606/1892/1898 1708/2003/1898
f 1605/1891/1899 1707/2002/1899 1705/2004/1899
f 1606/1892/1900 1608/2009/1900 1706/2006/1900
f 1607/2005/1901 1705/2004/1901 1703/2007/1901
f 1608/2009/1902 1610/2013/1902 1704/2010/1902
f 1609/2008/1903 1703/2007/1903 1715/2011/1903
f 1610/2013/1904 1598/2018/1904 1716/2014/1904
f 1711/1997/1905 1713/1996/1905 1715/2011/1905
f 1712/1999/1906 1704/2010/1906 1716/2014/1906
f 1703/2007/1907 1705/2004/1907 1709/2000/1907
f 1710/2001/1908 1706/2006/1908 1704/2010/1908
f 1591/2015/1909 1597/2012/1909 1715/2011/1909
f 1592/2017/1910 1524/2020/1910 1716/2014/1910
f 1523/2016/1911 1715/2011/1911 1713/1996/1911
f 1714/1998/1912 1716/2014/1912 1524/2020/1912
f 1529/1924/1913 1531/2019/1913 1713/1996/1913
f 1714/1998/1914 1532/2021/1914 1530/2022/1914
o Roundcube
v 0.577350 -0.577350 -0.577350
v 0.433013 -0.637377 -0.637377
v 0.288675 -0.677003 -0.677003
v 0.144338 -0.699702 -0.699702
v 0.000000 -0.707107 -0.707107
v -0.144338 -0.699702 -0.699702
v -0.288675 -0.677003 -0.677003
v -0.433013 -0.637377 -0.637377
v 0.637377 -0.433013 -0.637377
v 0.478033 -0.478033 -0.736864
v 0.318689 -0.507752 -0.800391
v 0.159344 -0.524777 -0.836193
v 0.000000 -0.530330 -0.847791
v -0.159344 -0.524777 -0.836193
v -0.318689 -0.507752 -0.800391
v -0.478033 -0.478033 -0.736864
v 0.677003 -0.288675 -0.677003
v 0.507752 -0.318689 -0.800391
v 0.338502 -0.338502 -0.877971
v 0.169251 -0.349851 -0.921389
v 0.000000 -0.353553 -0.935414
v -0.169251 -0.349851 -0.921389
v -0.338502 -0.338502 -0.877971
v -0.507752 -0.318689 -0.800391
v 0.699702 -0.144338 -0.699702
v 0.524777 -0.159344 -0.836193
v 0.349851 -0.169251 -0.921389
v 0.174926 -0.174926 -0.968918
v 0.000000 -0.176777 -0.984251
v -0.174926 -0.174926 -0.968918
v -0.349851 -0.169251 -0.921389
v -0.524777 -0.159344 -0.836193
v 0.707107 0.000000 -0.707107
v 0.530330 0.000000 -0.847791
v 0.353553 0.000000 -0.935414
v 0.176777 0.000000 -0.984251
v 0.000000 0.000000 -1.000000
v -0.176777 0.000000 -0.984251
v -0.353553 0.000000 -0.935414
v -0.530330 0.000000 -0.847791
v 0.699702 0.144338 -0.699702
v 0.524777 0.159344 -0.836193
v 0.349851 0.169251 -0.921389
v 0.174926 0.174926 -0.968918
v 0.000000 0.176777 -0.984251
v -0.174926 0.174926 -0.968918
v -0.349851 0.169251 -0.921389
v -0.524777 0.159344 -0.836193
v 0.677003 0.288675 -0.677003
v 0.507752 0.318689 -0.800391
v 0.338502 0.338502 -0.877971
v 0.169251 0.349851 -0.921389
v 0.000000 0.353553 -0.935414
v -0.169251 0.349851 -0.921389
v -0.338502 0.338502 -0.877971
v -0.507752 0.318689 -0.800391
v 0.637377 0.433013 -0.637377
v 0.478033 0.478033 -0.736864
v 0.318689 0.507752 -0.800391
v 0.159344 0.524777 -0.836193
v 0.000000 0.530330 -0.847791
v -0.159344 0.524777 -0.836193
v -0.318689 0.507752 -0.800391
v -0.478033 0.478033 -0.736864
v -0.577350 -0.577350 -0.577350
v -0.637377 -0.637377 -0.433013
v -0.677003 -0.677003 -0.288675
v -0.699702 -0.699702 -0.144338
v -0.707107 -0.707107 0.000000
v -0.699702 -0.699702 0.144338
v -0.677003 -0.677003 0.288675
v -0.637377 -0.637377 0.433013
v -0.637377 -0.433013 -0.637377
v -0.736864 -0.478033 -0.478033
v -0.800391 -0.507752 -0.318689
v -0.836193 -0.524777 -0.159344
v -0.847791 -0.530330 0.000000
v -0.836193 -0.524777 0.159344
v -0.800391 -0.507752 0.318689
v -0.736864 -0.478033 0.478033
v -0.677003 -0.288675 -0.677003
v -0.800391 -0.318689 -0.507752
v -0.877971 -0.338502 -0.338502
v -0.921389 -0.349851 -0.169251
v -0.935414 -0.353553 0.000000
v -0.921389 -0.349851 0.169251
v -0.877971 -0.338502 0.338502
v -0.800391 -0.318689 0.507752
v -0.699702 -0.144338 -0.699702
v -0.836193 -0.159344 -0.524777
v -0.921389 -0.169251 -0.349851
v -0.968918 -0.174926 -0.174926
v -0.984251 -0.176777 0.000000
v -0.968918 -0.174926 0.174926
v -0.921389 -0.169251 0.349851
v -0.836193 -0.159344 0.524777
v -0.707107 0.000000 -0.707107
v -0.847791 0.000000 -0.530330
v -0.935414 0.000000 -0.353553
v -0.984251 0.000000 -0.176777
v -1.000000 0.000000 0.000000
v -0.984251 0.000000 0.176777
v -0.935414 0.000000 0.353553
v -0.847791 0.000000 0.530330
v -0.699702 0.144338 -0.699702
v -0.836193 0.159344 -0.524777
v -0.921389 0.169251 -0.349851
v -0.968918 0.174926 -0.174926
v -0.984251 0.176777 0.000000
v -0.968918 0.174926 0.174926
v -0.921389 0.169251 0.349851
v -0.836193 0.159344 0.524777
v -0.677003 0.288675 -0.677003
v -0.800391 0.318689 -0.507752
v -0.877971 0.338502 -0.338502
v -0.921389 0.349851 -0.169251
v -0.935414 0.353553 0.000000
v -0.921389 0.349851 0.169251
v -0.877971 0.338502 0.338502
v -0.800391 0.318689 0.507752
v -0.637377 0.433013 -0.637377
v -0.736864 0.478033 -0.478033
v -0.800391 0.507752 -0.318689
v -0.836193 0.524777 -0.159344
v -0.847791 0.530330 0.000000
v -0.836193 0.524777 0.159344
v -0.800391 0.507752 0.318689
v -0.736864 0.478033 0.478033
v -0.577350 -0.577350 0.577350
v -0.433013 -0.637377 0.637377
v -0.288675 -0.677003 0.677003
v -0.144338 -0.699702 0.699702
v 0.000000 -0.707107 0.707107
v 0.144338 -0.699702 0.699702
v 0.288675 -0.677003 0.677003
v 0.433013 -0.637377 0.637377
v -0.637377 -0.433013 0.637377
v -0.478033 -0.478033 0.736864
v -0.318689 -0.507752 0.800391
v -0.159344 -0.524777 0.836193
v 0.000000 -0.530330 0.847791
v 0.159344 -0.524777 0.836193
v 0.318689 -0.507752 0.800391
v 0.478033 -0.478033 0.736864
v -0.677003 -0.288675 0.677003
v -0.507752 -0.318689 0.800391
v -0.338502 -0.338502 0.877971
v -0.169251 -0.349851 0.921389
v 0.000000 -0.353553 0.935414
v 0.169251 -0.349851 0.921389
v 0.338502 -0.338502 0.877971
v 0.507752 -0.318689 0.800391
v -0.699702 -0.144338 0.699702
v -0.524777 -0.159344 0.836193
v -0.349851 -0.169251 0.921389
v -0.174926 -0.174926 0.968918
v 0.000000 -0.176777 0.984251
v 0.174926 -0.174926 0.968918
v 0.349851 -0.169251 0.921389
v 0.524777 -0.159344 0.836193
v -0.707107 0.000000 0.707107
v -0.530330 0.000000 0.847791
v -0.353553 0.000000 0.935414
v -0.176777 0.000000 0.984251
v 0.000000 0.000000 1.000000
v 0.176777 0.000000 0.984251
v 0.353553 0.000000 0.935414
v 0.530330 0.000000 0.847791
v -0.699702 0.144338 0.699702
v -0.524777 0.159344 0.836193
v -0.349851 0.169251 0.921389
v -0.174926 0.174926 0.968918
v 0.000000 0.176777 0.984251
v 0.174926 0.174926 0.968918
v 0.349851 0.169251 0.921389
v 0.524777 0.159344 0.836193
v -0.677003 0.288675 0.677003
v -0.507752 0.318689 0.800391
v -0.338502 0.338502 0.877971
v -0.169251 0.349851 0.921389
v 0.000000 0.353553 0.935414
v 0.169251 0.349851 0.921389
v 0.338502 0.338502 0.877971
v 0.507752 0.318689 0.800391
v -0.637377 0.433013 0.637377
v -0.478033 0.478033 0.736864
v -0.318689 0.507752 0.800391
v -0.159344 0.524777 0.836193
v 0.000000 0.530330 0.847791
v 0.159344 0.524777 0.836193
v 0.318689 0.507752 0.800391
v 0.478033 0.478033 0.736864
v 0.577350 -0.577350 0.577350
v 0.637377 -0.637377 0.433013
v 0.677003 -0.677003 0.288675
v 0.699702 -0.699702 0.144338
v 0.707107 -0.707107 0.000000
v 0.699702 -0.699702 -0.144338
v 0.677003 -0.677003 -0.288675
v 0.637377 -0.637377 -0.433013
v 0.637377 -0.433013 0.637377
v 0.736864 -0.478033 0.478033
v 0.800391 -0.507752 0.318689
v 0.836193 -0.524777 0.159344
v 0.847791 -0.530330 0.000000
v 0.836193 -0.524777 -0.159344
v 0.800391 -0.507752 -0.318689
v 0.736864 -0.478033 -0.478033
v 0.677003 -0.288675 0.677003
v 0.800391 -0.318689 0.507752
v 0.877971 -0.338502 0.338502
v 0.921389 -0.349851 0.169251
v 0.935414 -0.353553 0.000000
v 0.921389 -0.349851 -0.169251
v 0.877971 -0.338502 -0.338502
v 0.800391 -0.318689 -0.507752
v 0.699702 -0.144338 0.699702
v 0.836193 -0.159344 0.524777
v 0.921389 -0.169251 0.349851
v 0.968918 -0.174926 0.174926
v 0.984251 -0.176777 0.000000
v 0.968918 -0.174926 -0.174926
v 0.921389 -0.169251 -0.349851
v 0.836193 -0.159344 -0.524777
v 0.707107 0.000000 0.707107
v 0.847791 0.000000 0.530330
v 0.935414 0.000000 0.353553
v 0.984251 0.000000 0.176777
v 1.000000 0.000000 0.000000
v 0.984251 0.000000 -0.176777
v 0.935414 0.000000 -0.353553
v 0.847791 0.000000 -0.530330
v 0.699702 0.144338 0.699702
v 0.836193 0.159344 0.524777
v 0.921389 0.169251 0.349851
v 0.968918 0.174926 0.174926
v 0.984251 0.176777 0.000000
v 0.968918 0.174926 -0.174926
v 0.921389 0.169251 -0.349851
v 0.836193 0.159344 -0.524777
v 0.677003 0.288675 0.677003
v 0.800391 0.318689 0.507752
v 0.877971 0.338502 0.338502
v 0.921389 0.349851 0.169251
v 0.935414 0.353553 0.000000
v 0.921389 0.349851 -0.169251
v 0.877971 0.338502 -0.338502
v 0.800391 0.318689 -0.507752
v 0.637377 0.433013 0.637377
v 0.736864 0.478033 0.478033
v 0.800391 0.507752 0.318689
v 0.836193 0.524777 0.159344
v 0.847791 0.530330 0.000000
v 0.836193 0.524777 -0.159344
v 0.800391 0.507752 -0.318689
v 0.736864 0.478033 -0.478033
v 0.478033 -0.736864 0.478033
v 0.318689 -0.800391 0.507752
v 0.159344 -0.836193 0.524777
v 0.000000 -0.847791 0.530330
v -0.159344 -0.836193 0.524777
v -0.318689 -0.800391 0.507752
v -0.478033 -0.736864 0.478033
v 0.507752 -0.800391 0.318689
v 0.338502 -0.877971 0.338502
v 0.169251 -0.921389 0.349851
v 0.000000 -0.935414 0.353553
v -0.169251 -0.921389 0.349851
v -0.338502 -0.877971 0.338502
v -0.507752 -0.800391 0.318689
v 0.524777 -0.836193 0.159344
v 0.349851 -0.921389 0.169251
v 0.174926 -0.968918 0.174926
v 0.000000 -0.984251 0.176777
v -0.174926 -0.968918 0.174926
v -0.349851 -0.921389 0.169251
v -0.524777 -0.836193 0.159344
v 0.530330 -0.847791 0.000000
v 0.353553 -0.935414 0.000000
v 0.176777 -0.984251 0.000000
v 0.000000 -1.000000 0.000000
v -0.176777 -0.984251 0.000000
v -0.353553 -0.935414 0.000000
v -0.530330 -0.847791 0.000000
v 0.524777 -0.836193 -0.159344
v 0.349851 -0.921389 -0.169251
v 0.174926 -0.968918 -0.174926
v 0.000000 -0.984251 -0.176777
v -0.174926 -0.968918 -0.174926
v -0.349851 -0.921389 -0.169251
v -0.524777 -0.836193 -0.159344
v 0.507752 -0.800391 -0.318689
v 0.338502 -0.877971 -0.338502
v 0.169251 -0.921389 -0.349851
v 0.000000 -0.935414 -0.353553
v -0.169251 -0.921389 -0.349851
v -0.338502 -0.877971 -0.338502
v -0.507752 -0.800391 -0.318689
v 0.478033 -0.736864 -0.478033
v 0.318689 -0.800391 -0.507752
v 0.159344 -0.836193 -0.524777
v 0.000000 -0.847791 -0.530330
v -0.159344 -0.836193 -0.524777
v -0.318689 -0.800391 -0.507752
v -0.478033 -0.736864 -0.478033
v 0.577350 0.577350 -0.577350
v 0.433013 0.637377 -0.637377
v 0.288675 0.677003 -0.677003
v 0.144338 0.699702 -0.699702
v 0.000000 0.707107 -0.707107
v -0.144338 0.699702 -0.699702
v -0.288675 0.677003 -0.677003
v -0.433013 0.637377 -0.637377
v -0.577350 0.577350 -0.577350
v 0.637377 0.637377 -0.433013
v 0.478033 0.736864 -0.478033
v 0.318689 0.800391 -0.507752
v 0.159344 0.836193 -0.524777
v 0.000000 0.847791 -0.530330
v -0.159344 0.836193 -0.524777
v -0.318689 0.800391 -0.507752
v -0.478033 0.736864 -0.478033
v -0.637377 0.637377 -0.433013
v 0.677003 0.677003 -0.288675
v 0.507752 0.800391 -0.318689
v 0.338502 0.877971 -0.338502
v 0.169251 0.921389 -0.349851
v 0.000000 0.935414 -0.353553
v -0.169251 0.921389 -0.349851
v -0.338502 0.877971 -0.338502
v -0.507752 0.800391 -0.318689
v -0.677003 0.677003 -0.288675
v 0.699702 0.699702 -0.144338
v 0.524777 0.836193 -0.159344
v 0.349851 0.921389 -0.169251
v 0.174926 0.968918 -0.174926
v 0.000000 0.984251 -0.176777
v -0.174926 0.968918 -0.174926
v -0.349851 0.921389 -0.169251
v -0.524777 0.836193 -0.159344
v -0.699702 0.699702 -0.144338
v 0.707107 0.707107 0.000000
v 0.530330 0.847791 0.000000
v 0.353553 0.935414 0.000000
v 0.176777 0.984251 0.000000
v 0.000000 1.000000 0.000000
v -0.176777 0.984251 0.000000
v -0.353553 0.935414 0.000000
v -0.530330 0.847791 0.000000
v -0.707107 0.707107 0.000000
v 0.699702 0.699702 0.144338
v 0.524777 0.836193 0.159344
v 0.349851 0.921389 0.169251
v 0.174926 0.968918 0.174926
v 0.000000 0.984251 0.176777
v -0.174926 0.968918 0.174926
v -0.349851 0.921389 0.169251
v -0.524777 0.836193 0.159344
v -0.699702 0.699702 0.144338
v 0.677003 0.677003 0.288675
v 0.507752 0.800391 0.318689
v 0.338502 0.877971 0.338502
v 0.169251 0.921389 0.349851
v 0.000000 0.935414 0.353553
v -0.169251 0.921389 0.349851
v -0.338502 0.877971 0.338502
v -0.507752 0.800391 0.318689
v -0.677003 0.677003 0.288675
v 0.637377 0.637377 0.433013
v 0.478033 0.736864 0.478033
v 0.318689 0.800391 0.507752
v 0.159344 0.836193 0.524777
v 0.000000 0.847791 0.530330
v -0.159344 0.836193 0.524777
v -0.318689 0.800391 0.507752
v -0.478033 0.736864 0.478033
v -0.637377 0.637377 0.433013
v 0.577350 0.577350 0.577350
v 0.433013 0.637377 0.637377
v 0.288675 0.677003 0.677003
v 0.144338 0.699702 0.699702
v 0.000000 0.707107 0.707107
v -0.144338 0.699702 0.699702
v -0.288675 0.677003 0.677003
v -0.433013 0.637377 0.637377
v -0.577350 0.577350 0.577350
vn 0.5552 -0.5056 -0.6604
vn 0.3944 -0.5643 -0.7253
vn 0.2359 -0.5994 -0.7649
vn 0.0785 -0.6174 -0.7827
vn -0.0719 -0.6211 -0.7804
vn -0.2159 -0.6121 -0.7607
vn -0.3604 -0.5904 -0.7222
vn -0.5056 -0.5552 -0.6604
vn 0.5904 -0.3604 -0.7222
vn 0.4200 -0.4026 -0.8134
vn 0.2514 -0.4275 -0.8684
vn 0.0837 -0.4402 -0.8940
vn -0.0804 -0.4427 -0.8931
vn -0.2414 -0.4359 -0.8670
vn -0.4026 -0.4200 -0.8134
vn -0.5643 -0.3944 -0.7253
vn 0.6121 -0.2159 -0.7607
vn 0.4359 -0.2414 -0.8670
vn 0.2612 -0.2563 -0.9307
vn 0.0870 -0.2638 -0.9606
vn -0.0854 -0.2653 -0.9604
vn -0.2563 -0.2612 -0.9307
vn -0.4275 -0.2514 -0.8684
vn -0.5994 -0.2359 -0.7649
vn 0.6211 -0.0719 -0.7804
vn 0.4427 -0.0804 -0.8931
vn 0.2653 -0.0854 -0.9604
vn 0.0884 -0.0879 -0.9922
vn -0.0879 -0.0884 -0.9922
vn -0.2638 -0.0870 -0.9606
vn -0.4402 -0.0837 -0.8940
vn -0.6174 -0.0785 -0.7827
vn 0.6211 0.0719 -0.7804
vn 0.4427 0.0804 -0.8931
vn 0.2653 0.0854 -0.9604
vn 0.0884 0.0879 -0.9922
vn -0.0879 0.0884 -0.9922
vn -0.2638 0.0870 -0.9606
vn -0.4402 0.0837 -0.8940
vn -0.6174 0.0785 -0.7827
vn 0.6121 0.2159 -0.7607
vn 0.4359 0.2414 -0.8670
vn 0.2612 0.2563 -0.9307
vn 0.0870 0.2638 -0.9606
vn -0.0854 0.2653 -0.9604
vn -0.2563 0.2612 -0.9307
vn -0.4275 0.2514 -0.8684
vn -0.5994 0.2359 -0.7649
vn 0.5904 0.3604 -0.7222
vn 0.4200 0.4026 -0.8134
vn 0.2514 0.4275 -0.8684
vn 0.0837 0.4402 -0.8940
vn -0.0804 0.4427 -0.8931
vn -0.2414 0.4359 -0.8670
vn -0.4026 0.4200 -0.8134
vn -0.5643 0.3944 -0.7253
vn 0.5552 0.5056 -0.6604
vn 0.3944 0.5643 -0.7253
vn 0.2359 0.5994 -0.7649
vn 0.0785 0.6174 -0.7827
vn -0.0719 0.6211 -0.7804
vn -0.2159 0.6121 -0.7607
vn -0.3604 0.5904 -0.7222
vn -0.5056 0.5552 -0.6604
vn -0.6604 -0.5056 -0.5552
vn -0.7253 -0.5643 -0.3944
vn -0.7649 -0.5994 -0.2359
vn -0.7827 -0.6174 -0.0785
vn -0.7804 -0.6211 0.0719
vn -0.7607 -0.6121 0.2159
vn -0.7222 -0.5904 0.3604
vn -0.6604 -0.5552 0.5056
vn -0.7222 -0.3604 -0.5904
vn -0.8134 -0.4026 -0.4200
vn -0.8684 -0.4275 -0.2514
vn -0.8940 -0.4402 -0.0837
vn -0.8931 -0.4427 0.0804
vn -0.8670 -0.4359 0.2414
vn -0.8134 -0.4200 0.4026
vn -0.7253 -0.3944 0.5643
vn -0.7607 -0.2159 -0.6121
vn -0.8670 -0.2414 -0.4359
vn -0.9307 -0.2563 -0.2612
vn -0.9606 -0.2638 -0.0870
vn -0.9604 -0.2653 0.0854
vn -0.9307 -0.2612 0.2563
vn -0.8684 -0.2514 0.4275
vn -0.7649 -0.2359 0.5994
vn -0.7804 -0.0719 -0.6211
vn -0.8931 -0.0804 -0.4427
vn -0.9604 -0.0854 -0.2653
vn -0.9922 -0.0879 -0.0884
vn -0.9922 -0.0884 0.0879
vn -0.9606 -0.0870 0.2638
vn -0.8940 -0.0837 0.4402
vn -0.7827 -0.0785 0.6174
vn -0.7804 0.0719 -0.6211
vn -0.8931 0.0804 -0.4427
vn -0.9604 0.0854 -0.2653
vn -0.9922 0.0879 -0.0884
vn -0.9922 0.0884 0.0879
vn -0.9606 0.0870 0.2638
vn -0.8940 0.0837 0.4402
vn -0.7827 0.0785 0.6174
vn -0.7607 0.2159 -0.6121
vn -0.8670 0.2414 -0.4359
vn -0.9307 0.2563 -0.2612
vn -0.9606 0.2638 -0.0870
vn -0.9604 0.2653 0.0854
vn -0.9307 0.2612 0.2563
vn -0.8684 0.2514 0.4275
vn -0.7649 0.2359 0.5994
vn -0.7222 0.3604 -0.5904
vn -0.8134 0.4026 -0.4200
vn -0.8684 0.4275 -0.2514
vn -0.8940 0.4402 -0.0837
vn -0.8931 0.4427 0.0804
vn -0.8670 0.4359 0.2414
vn -0.8134 0.4200 0.4026
vn -0.7253 0.3944 0.5643
vn -0.6604 0.5056 -0.5552
vn -0.7253 0.5643 -0.3944
vn -0.7649 0.5994 -0.2359
vn -0.7827 0.6174 -0.0785
vn -0.7804 0.6211 0.0719
vn -0.7607 0.6121 0.2159
vn -0.7222 0.5904 0.3604
vn -0.6604 0.5552 0.5056
vn -0.5552 -0.5056 0.6604
vn -0.3944 -0.5643 0.7253
vn -0.2359 -0.5994 0.7649
vn -0.0785 -0.6174 0.7827
vn 0.0719 -0.6211 0.7804
vn 0.2159 -0.6121 0.7607
vn 0.3604 -0.5904 0.7222
vn 0.5056 -0.5552 0.6604
vn -0.5904 -0.3604 0.7222
vn -0.4200 -0.4026 0.8134
vn -0.2514 -0.4275 0.8684
vn -0.0837 -0.4402 0.8940
vn 0.0804 -0.4427 0.8931
vn 0.2414 -0.4359 0.8670
vn 0.4026 -0.4200 0.8134
vn 0.5643 -0.3944 0.7253
vn -0.6121 -0.2159 0.7607
vn -0.4359 -0.2414 0.8670
vn -0.2612 -0.2563 0.9307
vn -0.0870 -0.2638 0.9606
vn 0.0854 -0.2653 0.9604
vn 0.2563 -0.2612 0.9307
vn 0.4275 -0.2514 0.8684
vn 0.5994 -0.2359 0.7649
vn -0.6211 -0.0719 0.7804
vn -0.4427 -0.0804 0.8931
vn -0.2653 -0.0854 0.9604
vn -0.0884 -0.0879 0.9922
vn 0.0879 -0.0884 0.9922
vn 0.2638 -0.0870 0.9606
vn 0.4402 -0.0837 0.8940
vn 0.6174 -0.0785 0.7827
vn -0.6211 0.0719 0.7804
vn -0.4427 0.0804 0.8931
vn -0.2653 0.0854 0.9604
vn -0.0884 0.0879 0.9922
vn 0.0879 0.0884 0.9922
vn 0.2638 0.0870 0.9606
vn 0.4402 0.0837 0.8940
vn 0.6174 0.0785 0.7827
vn -0.6121 0.2159 0.7607
vn -0.4359 0.2414 0.8670
vn -0.2612 0.2563 0.9307
vn -0.0870 0.2638 0.9606
vn 0.0854 0.2653 0.9604
vn 0.2563 0.2612 0.9307
vn 0.4275 0.2514 0.8684
vn 0.5994 0.2359 0.7649
vn -0.5904 0.3604 0.7222
vn -0.4200 0.4026 0.8134
vn -0.2514 0.4275 0.8684
vn -0.0837 0.4402 0.8940
vn 0.0804 0.4427 0.8931
vn 0.2414 0.4359 0.8670
vn 0.4026 0.4200 0.8134
vn 0.5643 0.3944 0.7253
vn -0.5552 0.5056 0.6604
vn -0.3944 0.5643 0.7253
vn -0.2359 0.5994 0.7649
vn -0.0785 0.6174 0.7827
vn 0.0719 0.6211 0.7804
vn 0.2159 0.6121 0.7607
vn 0.3604 0.5904 0.7222
vn 0.5056 0.5552 0.6604
vn 0.6604 -0.5056 0.5552
vn 0.7253 -0.5643 0.3944
vn 0.7649 -0.5994 0.2359
vn 0.7827 -0.6174 0.0785
vn 0.7804 -0.6211 -0.0719
vn 0.7607 -0.6121 -0.2159
vn 0.7222 -0.5904 -0.3604
vn 0.6604 -0.5552 -0.5056
vn 0.7222 -0.3604 0.5904
vn 0.8134 -0.4026 0.4200
vn 0.8684 -0.4275 0.2514
vn 0.8940 -0.4402 0.0837
vn 0.8931 -0.4427 -0.0804
vn 0.8670 -0.4359 -0.2414
vn 0.8134 -0.4200 -0.4026
vn 0.7253 -0.3944 -0.5643
vn 0.7607 -0.2159 0.6121
vn 0.8670 -0.2414 0.4359
vn 0.9307 -0.2563 0.2612
vn 0.9606 -0.2638 0.0870
vn 0.9604 -0.2653 -0.0854
vn 0.9307 -0.2612 -0.2563
vn 0.8684 -0.2514 -0.4275
vn 0.7649 -0.2359 -0.5994
vn 0.7804 -0.0719 0.6211
vn 0.8931 -0.0804 0.4427
vn 0.9604 -0.0854 0.2653
vn 0.9922 -0.0879 0.0884
vn 0.9922 -0.0884 -0.0879
vn 0.9606 -0.0870 -0.2638
vn 0.8940 -0.0837 -0.4402
vn 0.7827 -0.0785 -0.6174
vn 0.7804 0.0719 0.6211
vn 0.8931 0.0804 0.4427
vn 0.9604 0.0854 0.2653
vn 0.9922 0.0879 0.0884
vn 0.9922 0.0884 -0.0879
vn 0.9606 0.0870 -0.2638
vn 0.8940 0.0837 -0.4402
vn 0.7827 0.0785 -0.6174
vn 0.7607 0.2159 0.6121
vn 0.8670 0.2414 0.4359
vn 0.9307 0.2563 0.2612
vn 0.9606 0.2638 0.0870
vn 0.9604 0.2653 -0.0854
vn 0.9307 0.2612 -0.2563
vn 0.8684 0.2514 -0.4275
vn 0.7649 0.2359 -0.5994
vn 0.7222 0.3604 0.5904
vn 0.8134 0.4026 0.4200
vn 0.8684 0.4275 0.2514
vn 0.8940 0.4402 0.0837
vn 0.8931 0.4427 -0.0804
vn 0.8670 0.4359 -0.2414
vn 0.8134 0.4200 -0.4026
vn 0.7253 0.3944 -0.5643
vn 0.6604 0.5056 0.5552
vn 0.7253 0.5643 0.3944
vn 0.7649 0.5994 0.2359
vn 0.7827 0.6174 0.0785
vn 0.7804 0.6211 -0.0719
vn 0.7607 0.6121 -0.2159
vn 0.7222 0.5904 -0.3604
vn 0.6604 0.5552 -0.5056
vn 0.5552 -0.6604 0.5056
vn 0.3944 -0.7253 0.5643
vn 0.2359 -0.7649 0.5994
vn 0.0785 -0.7827 0.6174
vn -0.0719 -0.7804 0.6211
vn -0.2159 -0.7607 0.6121
vn -0.3604 -0.7222 0.5904
vn -0.5056 -0.6604 0.5552
vn 0.5904 -0.7222 0.3604
vn 0.4200 -0.8134 0.4026
vn 0.2514 -0.8684 0.4275
vn 0.0837 -0.8940 0.4402
vn -0.0804 -0.8931 0.4427
vn -0.2414 -0.8670 0.4359
vn -0.4026 -0.8134 0.4200
vn -0.5643 -0.7253 0.3944
vn 0.6121 -0.7607 0.2159
vn 0.4359 -0.8670 0.2414
vn 0.2612 -0.9307 0.2563
vn 0.0870 -0.9606 0.2638
vn -0.0854 -0.9604 0.2653
vn -0.2563 -0.9307 0.2612
vn -0.4275 -0.8684 0.2514
vn -0.5994 -0.7649 0.2359
vn 0.6211 -0.7804 0.0719
vn 0.4427 -0.8931 0.0804
vn 0.2653 -0.9604 0.0854
vn 0.0884 -0.9922 0.0879
vn -0.0879 -0.9922 0.0884
vn -0.2638 -0.9606 0.0870
vn -0.4402 -0.8940 0.0837
vn -0.6174 -0.7827 0.0785
vn 0.6211 -0.7804 -0.0719
vn 0.4427 -0.8931 -0.0804
vn 0.2653 -0.9604 -0.0854
vn 0.0884 -0.9922 -0.0879
vn -0.0879 -0.9922 -0.0884
vn -0.2638 -0.9606 -0.0870
vn -0.4402 -0.8940 -0.0837
vn -0.6174 -0.7827 -0.0785
vn 0.6121 -0.7607 -0.2159
vn 0.4359 -0.8670 -0.2414
vn 0.2612 -0.9307 -0.2563
vn 0.0870 -0.9606 -0.2638
vn -0.0854 -0.9604 -0.2653
vn -0.2563 -0.9307 -0.2612
vn -0.4275 -0.8684 -0.2514
vn -0.5994 -0.7649 -0.2359
vn 0.5904 -0.7222 -0.3604
vn 0.4200 -0.8134 -0.4026
vn 0.2514 -0.8684 -0.4275
vn 0.0837 -0.8940 -0.4402
vn -0.0804 -0.8931 -0.4427
vn -0.2414 -0.8670 -0.4359
vn -0.4026 -0.8134 -0.4200
vn -0.5643 -0.7253 -0.3944
vn 0.5552 -0.6604 -0.5056
vn 0.3944 -0.7253 -0.5643
vn 0.2359 -0.7649 -0.5994
vn 0.0785 -0.7827 -0.6174
vn -0.0719 -0.7804 -0.6211
vn -0.2159 -0.7607 -0.6121
vn -0.3604 -0.7222 -0.5904
vn -0.5056 -0.6604 -0.5552
vn 0.5552 0.6604 -0.5056
vn 0.3944 0.7253 -0.5643
vn 0.2359 0.7649 -0.5994
vn 0.0785 0.7827 -0.6174
vn -0.0719 0.7804 -0.6211
vn -0.2159 0.7607 -0.6121
vn -0.3604 0.7222 -0.5904
vn -0.5056 0.6604 -0.5552
vn 0.5904 0.7222 -0.3604
vn 0.4200 0.8134 -0.4026
vn 0.2514 0.8684 -0.4275
vn 0.0837 0.8940 -0.4402
vn -0.0804 0.8931 -0.4427
vn -0.2414 0.8670 -0.4359
vn -0.4026 0.8134 -0.4200
vn -0.5643 0.7253 -0.3944
vn 0.6121 0.7607 -0.2159
vn 0.4359 0.8670 -0.2414
vn 0.2612 0.9307 -0.2563
vn 0.0870 0.9606 -0.2638
vn -0.0854 0.9604 -0.2653
vn -0.2563 0.9307 -0.2612
vn -0.4275 0.8684 -0.2514
vn -0.5994 0.7649 -0.2359
vn 0.6211 0.7804 -0.0719
vn 0.4427 0.8931 -0.0804
vn 0.2653 0.9604 -0.0854
vn 0.0884 0.9922 -0.0879
vn -0.0879 0.9922 -0.0884
vn -0.2638 0.9606 -0.0870
vn -0.4402 0.8940 -0.0837
vn -0.6174 0.7827 -0.0785
vn 0.6211 0.7804 0.0719
vn 0.4427 0.8931 0.0804
vn 0.2653 0.9604 0.0854
vn 0.0884 0.9922 0.0879
vn -0.0879 0.9922 0.0884
vn -0.2638 0.9606 0.0870
vn -0.4402 0.8940 0.0837
vn -0.6174 0.7827 0.0785
vn 0.6121 0.7607 0.2159
vn 0.4359 0.8670 0.2414
vn 0.2612 0.9307 0.2563
vn 0.0870 0.9606 0.2638
vn -0.0854 0.9604 0.2653
vn -0.2563 0.9307 0.2612
vn -0.4275 0.8684 0.2514
vn -0.5994 0.7649 0.2359
vn 0.5904 0.7222 0.3604
vn 0.4200 0.8134 0.4026
vn 0.2514 0.8684 0.4275
vn 0.0837 0.8940 0.4402
vn -0.0804 0.8931 0.4427
vn -0.2414 0.8670 0.4359
vn -0.4026 0.8134 0.4200
vn -0.5643 0.7253 0.3944
vn 0.5552 0.6604 0.5056
vn 0.3944 0.7253 0.5643
vn 0.2359 0.7649 0.5994
vn 0.0785 0.7827 0.6174
vn -0.0719 0.7804 0.6211
vn -0.2159 0.7607 0.6121
vn -0.3604 0.7222 0.5904
vn -0.5056 0.6604 0.5552
vn 0.5056 -0.5552 -0.6604
vn 0.3604 -0.5904 -0.7222
vn 0.2159 -0.6121 -0.7607
vn 0.0719 -0.6211 -0.7804
vn -0.0785 -0.6174 -0.7827
vn -0.2359 -0.5994 -0.7649
vn -0.3944 -0.5643 -0.7253
vn -0.5552 -0.5056 -0.6604
vn 0.5643 -0.3944 -0.7253
vn 0.4026 -0.4200 -0.8134
vn 0.2414 -0.4359 -0.8670
vn 0.0804 -0.4427 -0.8931
vn -0.0837 -0.4402 -0.8940
vn -0.2514 -0.4275 -0.8684
vn -0.4200 -0.4026 -0.8134
vn -0.5904 -0.3604 -0.7222
vn 0.5994 -0.2359 -0.7649
vn 0.4275 -0.2514 -0.8684
vn 0.2563 -0.2612 -0.9307
vn 0.0854 -0.2653 -0.9604
vn -0.0870 -0.2638 -0.9606
vn -0.2612 -0.2563 -0.9307
vn -0.4359 -0.2414 -0.8670
vn -0.6121 -0.2159 -0.7607
vn 0.6174 -0.0785 -0.7827
vn 0.4402 -0.0837 -0.8940
vn 0.2638 -0.0870 -0.9606
vn 0.0879 -0.0884 -0.9922
vn -0.0884 -0.0879 -0.9922
vn -0.2653 -0.0854 -0.9604
vn -0.4427 -0.0804 -0.8931
vn -0.6211 -0.0719 -0.7804
vn 0.6174 0.0785 -0.7827
vn 0.4402 0.0837 -0.8940
vn 0.2638 0.0870 -0.9606
vn 0.0879 0.0884 -0.9922
vn -0.0884 0.0879 -0.9922
vn -0.2653 0.0854 -0.9604
vn -0.4427 0.0804 -0.8931
vn -0.6211 0.0719 -0.7804
vn 0.5994 0.2359 -0.7649
vn 0.4275 0.2514 -0.8684
vn 0.2563 0.2612 -0.9307
vn 0.0854 0.2653 -0.9604
vn -0.0870 0.2638 -0.9606
vn -0.2612 0.2563 -0.9307
vn -0.4359 0.2414 -0.8670
vn -0.6121 0.2159 -0.7607
vn 0.5643 0.3944 -0.7253
vn 0.4026 0.4200 -0.8134
vn 0.2414 0.4359 -0.8670
vn 0.0804 0.4427 -0.8931
vn -0.0837 0.4402 -0.8940
vn -0.2514 0.4275 -0.8684
vn -0.4200 0.4026 -0.8134
vn -0.5904 0.3604 -0.7222
vn 0.5056 0.5552 -0.6604
vn 0.3604 0.5904 -0.7222
vn 0.2159 0.6121 -0.7607
vn 0.0719 0.6211 -0.7804
vn -0.0785 0.6174 -0.7827
vn -0.2359 0.5994 -0.7649
vn -0.3944 0.5643 -0.7253
vn -0.5552 0.5056 -0.6604
vn -0.6604 -0.5552 -0.5056
vn -0.7222 -0.5904 -0.3604
vn -0.7607 -0.6121 -0.2159
vn -0.7804 -0.6211 -0.0719
vn -0.7827 -0.6174 0.0785
vn -0.7649 -0.5994 0.2359
vn -0.7253 -0.5643 0.3944
vn -0.6604 -0.5056 0.5552
vn -0.7253 -0.3944 -0.5643
vn -0.8134 -0.4200 -0.4026
vn -0.8670 -0.4359 -0.2414
vn -0.8931 -0.4427 -0.0804
vn -0.8940 -0.4402 0.0837
vn -0.8684 -0.4275 0.2514
vn -0.8134 -0.4026 0.4200
vn -0.7222 -0.3604 0.5904
vn -0.7649 -0.2359 -0.5994
vn -0.8684 -0.2514 -0.4275
vn -0.9307 -0.2612 -0.2563
vn -0.9604 -0.2653 -0.0854
vn -0.9606 -0.2638 0.0870
vn -0.9307 -0.2563 0.2612
vn -0.8670 -0.2414 0.4359
vn -0.7607 -0.2159 0.6121
vn -0.7827 -0.0785 -0.6174
vn -0.8940 -0.0837 -0.4402
vn -0.9606 -0.0870 -0.2638
vn -0.9922 -0.0884 -0.0879
vn -0.9922 -0.0879 0.0884
vn -0.9604 -0.0854 0.2653
vn -0.8931 -0.0804 0.4427
vn -0.7804 -0.0719 0.6211
vn -0.7827 0.0785 -0.6174
vn -0.8940 0.0837 -0.4402
vn -0.9606 0.0870 -0.2638
vn -0.9922 0.0884 -0.0879
vn -0.9922 0.0879 0.0884
vn -0.9604 0.0854 0.2653
vn -0.8931 0.0804 0.4427
vn -0.7804 0.0719 0.6211
vn -0.7649 0.2359 -0.5994
vn -0.8684 0.2514 -0.4275
vn -0.9307 0.2612 -0.2563
vn -0.9604 0.2653 -0.0854
vn -0.9606 0.2638 0.0870
vn -0.9307 0.2563 0.2612
vn -0.8670 0.2414 0.4359
vn -0.7607 0.2159 0.6121
vn -0.7253 0.3944 -0.5643
vn -0.8134 0.4200 -0.4026
vn -0.8670 0.4359 -0.2414
vn -0.8931 0.4427 -0.0804
vn -0.8940 0.4402 0.0837
vn -0.8684 0.4275 0.2514
vn -0.8134 0.4026 0.4200
vn -0.7222 0.3604 0.5904
vn -0.6604 0.5552 -0.5056
vn -0.7222 0.5904 -0.3604
vn -0.7607 0.6121 -0.2159
vn -0.7804 0.6211 -0.0719
vn -0.7827 0.6174 0.0785
vn -0.7649 0.5994 0.2359
vn -0.7253 0.5643 0.3944
vn -0.6604 0.5056 0.5552
vn -0.5056 -0.5552 0.6604
vn -0.3604 -0.5904 0.7222
vn -0.2159 -0.6121 0.7607
vn -0.0719 -0.6211 0.7804
vn 0.0785 -0.6174 0.7827
vn 0.2359 -0.5994 0.7649
vn 0.3944 -0.5643 0.7253
vn 0.5552 -0.5056 0.6604
vn -0.5643 -0.3944 0.7253
vn -0.4026 -0.4200 0.8134
vn -0.2414 -0.4359 0.8670
vn -0.0804 -0.4427 0.8931
vn 0.0837 -0.4402 0.8940
vn 0.2514 -0.4275 0.8684
vn 0.4200 -0.4026 0.8134
vn 0.5904 -0.3604 0.7222
vn -0.5994 -0.2359 0.7649
vn -0.4275 -0.2514 0.8684
vn -0.2563 -0.2612 0.9307
vn -0.0854 -0.2653 0.9604
vn 0.0870 -0.2638 0.9606
vn 0.2612 -0.2563 0.9307
vn 0.4359 -0.2414 0.8670
vn 0.6121 -0.2159 0.7607
vn -0.6174 -0.0785 0.7827
vn -0.4402 -0.0837 0.8940
vn -0.2638 -0.0870 0.9606
vn -0.0879 -0.0884 0.9922
vn 0.0884 -0.0879 0.9922
vn 0.2653 -0.0854 0.9604
vn 0.4427 -0.0804 0.8931
vn 0.6211 -0.0719 0.7804
vn -0.6174 0.0785 0.7827
vn -0.4402 0.0837 0.8940
vn -0.2638 0.0870 0.9606
vn -0.0879 0.0884 0.9922
vn 0.0884 0.0879 0.9922
vn 0.2653 0.0854 0.9604
vn 0.4427 0.0804 0.8931
vn 0.6211 0.0719 0.7804
vn -0.5994 0.2359 0.7649
vn -0.4275 0.2514 0.8684
vn -0.2563 0.2612 0.9307
vn -0.0854 0.2653 0.9604
vn 0.0870 0.2638 0.9606
vn 0.2612 0.2563 0.9307
vn 0.4359 0.2414 0.8670
vn 0.6121 0.2159 0.7607
vn -0.5643 0.3944 0.7253
vn -0.4026 0.4200 0.8134
vn -0.2414 0.4359 0.8670
vn -0.0804 0.4427 0.8931
vn 0.0837 0.4402 0.8940
vn 0.2514 0.4275 0.8684
vn 0.4200 0.4026 0.8134
vn 0.5904 0.3604 0.7222
vn -0.5056 0.5552 0.6604
vn -0.3604 0.5904 0.7222
vn -0.2159 0.6121 0.7607
vn -0.0719 0.6211 0.7804
vn 0.0785 0.6174 0.7827
vn 0.2359 0.5994 0.7649
vn 0.3944 0.5643 0.7253
vn 0.5552 0.5056 0.6604
vn 0.6604 -0.5552 0.5056
vn 0.7222 -0.5904 0.3604
vn 0.7607 -0.6121 0.2159
vn 0.7804 -0.6211 0.0719
vn 0.7827 -0.6174 -0.0785
vn 0.7649 -0.5994 -0.2359
vn 0.7253 -0.5643 -0.3944
vn 0.6604 -0.5056 -0.5552
vn 0.7253 -0.3944 0.5643
vn 0.8134 -0.4200 0.4026
vn 0.8670 -0.4359 0.2414
vn 0.8931 -0.4427 0.0804
vn 0.8940 -0.4402 -0.0837
vn 0.8684 -0.4275 -0.2514
vn 0.8134 -0.4026 -0.4200
vn 0.7222 -0.3604 -0.5904
vn 0.7649 -0.2359 0.5994
vn 0.8684 -0.2514 0.4275
vn 0.9307 -0.2612 0.2563
vn 0.9604 -0.2653 0.0854
vn 0.9606 -0.2638 -0.0870
vn 0.9307 -0.2563 -0.2612
vn 0.8670 -0.2414 -0.4359
vn 0.7607 -0.2159 -0.6121
vn 0.7827 -0.0785 0.6174
vn 0.8940 -0.0837 0.4402
vn 0.9606 -0.0870 0.2638
vn 0.9922 -0.0884 0.0879
vn 0.9922 -0.0879 -0.0884
vn 0.9604 -0.0854 -0.2653
vn 0.8931 -0.0804 -0.4427
vn 0.7804 -0.0719 -0.6211
vn 0.7827 0.0785 0.6174
vn 0.8940 0.0837 0.4402
vn 0.9606 0.0870 0.2638
vn 0.9922 0.0884 0.0879
vn 0.9922 0.0879 -0.0884
vn 0.9604 0.0854 -0.2653
vn 0.8931 0.0804 -0.4427
vn 0.7804 0.0719 -0.6211
vn 0.7649 0.2359 0.5994
vn 0.8684 0.2514 0.4275
vn 0.9307 0.2612 0.2563
vn 0.9604 0.2653 0.0854
vn 0.9606 0.2638 -0.0870
vn 0.9307 0.2563 -0.2612
vn 0.8670 0.2414 -0.4359
vn 0.7607 0.2159 -0.6121
vn 0.7253 0.3944 0.5643
vn 0.8134 0.4200 0.4026
vn 0.8670 0.4359 0.2414
vn 0.8931 0.4427 0.0804
vn 0.8940 0.4402 -0.0837
vn 0.8684 0.4275 -0.2514
vn 0.8134 0.4026 -0.4200
vn 0.7222 0.3604 -0.5904
vn 0.6604 0.5552 0.5056
vn 0.7222 0.5904 0.3604
vn 0.7607 0.6121 0.2159
vn 0.7804 0.6211 0.0719
vn 0.7827 0.6174 -0.0785
vn 0.7649 0.5994 -0.2359
vn 0.7253 0.5643 -0.3944
vn 0.6604 0.5056 -0.5552
vn 0.5056 -0.6604 0.5552
vn 0.3604 -0.7222 0.5904
vn 0.2159 -0.7607 0.6121
vn 0.0719 -0.7804 0.6211
vn -0.0785 -0.7827 0.6174
vn -0.2359 -0.7649 0.5994
vn -0.3944 -0.7253 0.5643
vn -0.5552 -0.6604 0.5056
vn 0.5643 -0.7253 0.3944
vn 0.4026 -0.8134 0.4200
vn 0.2414 -0.8670 0.4359
vn 0.0804 -0.8931 0.4427
vn -0.0837 -0.8940 0.4402
vn -0.2514 -0.8684 0.4275
vn -0.4200 -0.8134 0.4026
vn -0.5904 -0.7222 0.3604
vn 0.5994 -0.7649 0.2359
vn 0.4275 -0.8684 0.2514
vn 0.2563 -0.9307 0.2612
vn 0.0854 -0.9604 0.2653
vn -0.0870 -0.9606 0.2638
vn -0.2612 -0.9307 0.2563
vn -0.4359 -0.8670 0.2414
vn -0.6121 -0.7607 0.2159
vn 0.6174 -0.7827 0.0785
vn 0.4402 -0.8940 0.0837
vn 0.2638 -0.9606 0.0870
vn 0.0879 -0.9922 0.0884
vn -0.0884 -0.9922 0.0879
vn -0.2653 -0.9604 0.0854
vn -0.4427 -0.8931 0.0804
vn -0.6211 -0.7804 0.0719
vn 0.6174 -0.7827 -0.0785
vn 0.4402 -0.8940 -0.0837
vn 0.2638 -0.9606 -0.0870
vn 0.0879 -0.9922 -0.0884
vn -0.0884 -0.9922 -0.0879
vn -0.2653 -0.9604 -0.0854
vn -0.4427 -0.8931 -0.0804
vn -0.6211 -0.7804 -0.0719
vn 0.5994 -0.7649 -0.2359
vn 0.4275 -0.8684 -0.2514
vn 0.2563 -0.9307 -0.2612
vn 0.0854 -0.9604 -0.2653
vn -0.0870 -0.9606 -0.2638
vn -0.2612 -0.9307 -0.2563
vn -0.4359 -0.8670 -0.2414
vn -0.6121 -0.7607 -0.2159
vn 0.5643 -0.7253 -0.3944
vn 0.4026 -0.8134 -0.4200
vn 0.2414 -0.8670 -0.4359
vn 0.0804 -0.8931 -0.4427
vn -0.0837 -0.8940 -0.4402
vn -0.2514 -0.8684 -0.4275
vn -0.4200 -0.8134 -0.4026
vn -0.5904 -0.7222 -0.3604
vn 0.5056 -0.6604 -0.5552
vn 0.3604 -0.7222 -0.5904
vn 0.2159 -0.7607 -0.6121
vn 0.0719 -0.7804 -0.6211
vn -0.0785 -0.7827 -0.6174
vn -0.2359 -0.7649 -0.5994
vn -0.3944 -0.7253 -0.5643
vn -0.5552 -0.6604 -0.5056
vn 0.5056 0.6604 -0.5552
vn 0.3604 0.7222 -0.5904
vn 0.2159 0.7607 -0.6121
vn 0.0719 0.7804 -0.6211
vn -0.0785 0.7827 -0.6174
vn -0.2359 0.7649 -0.5994
vn -0.3944 0.7253 -0.5643
vn -0.5552 0.6604 -0.5056
vn 0.5643 0.7253 -0.3944
vn 0.4026 0.8134 -0.4200
vn 0.2414 0.8670 -0.4359
vn 0.0804 0.8931 -0.4427
vn -0.0837 0.8940 -0.4402
vn -0.2514 0.8684 -0.4275
vn -0.4200 0.8134 -0.4026
vn -0.5904 0.7222 -0.3604
vn 0.5994 0.7649 -0.2359
vn 0.4275 0.8684 -0.2514
vn 0.2563 0.9307 -0.2612
vn 0.0854 0.9604 -0.2653
vn -0.0870 0.9606 -0.2638
vn -0.2612 0.9307 -0.2563
vn -0.4359 0.8670 -0.2414
vn -0.6121 0.7607 -0.2159
vn 0.6174 0.7827 -0.0785
vn 0.4402 0.8940 -0.0837
vn 0.2638 0.9606 -0.0870
vn 0.0879 0.9922 -0.0884
vn -0.0884 0.9922 -0.0879
vn -0.2653 0.9604 -0.0854
vn -0.4427 0.8931 -0.0804
vn -0.6211 0.7804 -0.0719
vn 0.6174 0.7827 0.0785
vn 0.4402 0.8940 0.0837
vn 0.2638 0.9606 0.0870
vn 0.0879 0.9922 0.0884
vn -0.0884 0.9922 0.0879
vn -0.2653 0.9604 0.0854
vn -0.4427 0.8931 0.0804
vn -0.6211 0.7804 0.0719
vn 0.5994 0.7649 0.2359
vn 0.4275 0.8684 0.2514
vn 0.2563 0.9307 0.2612
vn 0.0854 0.9604 0.2653
vn -0.0870 0.9606 0.2638
vn -0.2612 0.9307 0.2563
vn -0.4359 0.8670 0.2414
vn -0.6121 0.7607 0.2159
vn 0.5643 0.7253 0.3944
vn 0.4026 0.8134 0.4200
vn 0.2414 0.8670 0.4359
vn 0.0804 0.8931 0.4427
vn -0.0837 0.8940 0.4402
vn -0.2514 0.8684 0.4275
vn -0.4200 0.8134 0.4026
vn -0.5904 0.7222 0.3604
vn 0.5056 0.6604 0.5552
vn 0.3604 0.7222 0.5904
vn 0.2159 0.7607 0.6121
vn 0.0719 0.7804 0.6211
vn -0.0785 0.7827 0.6174
vn -0.2359 0.7649 0.5994
vn -0.3944 0.7253 0.5643
vn -0.5552 0.6604 0.5056
s 0
f 1717//1915 1726//1915 1725//1915
f 1718//1916 1727//1916 1726//1916
f 1719//1917 1728//1917 1727//1917
f 1720//1918 1729//1918 1728//1918
f 1722//1919 1729//1919 1721//1919
f 1723//1920 1730//1920 1722//1920
f 1724//1921 1731//1921 1723//1921
f 1781//1922 1732//1922 1724//1922
f 1725//1923 1734//1923 1733//1923
f 1726//1924 1735//1924 1734//1924
f 1727//1925 1736//1925 1735//1925
f 1728//1926 1737//1926 1736//1926
f 1730//1927 1737//1927 1729//1927
f 1731//1928 1738//1928 1730//1928
f 1732//1929 1739//1929 1731//1929
f 1789//1930 1740//1930 1732//1930
f 1733//1931 1742//1931 1741//1931
f 1734//1932 1743//1932 1742//1932
f 1735//1933 1744//1933 1743//1933
f 1736//1934 1745//1934 1744//1934
f 1738//1935 1745//1935 1737//1935
f 1739//1936 1746//1936 1738//1936
f 1740//1937 1747//1937 1739//1937
f 1797//1938 1748//1938 1740//1938
f 1741//1939 1750//1939 1749//1939
f 1742//1940 1751//1940 1750//1940
f 1743//1941 1752//1941 1751//1941
f 1744//1942 1753//1942 1752//1942
f 1746//1943 1753//1943 1745//1943
f 1747//1944 1754//1944 1746//1944
f 1748//1945 1755//1945 1747//1945
f 1805//1946 1756//1946 1748//1946
f 1750//1947 1757//1947 1749//1947
f 1751//1948 1758//1948 1750//1948
f 1752//1949 1759//1949 1751//1949
f 1753//1950 1760//1950 1752//1950
f 1753//1951 1762//1951 1761//1951
f 1754//1952 1763//1952 1762//1952
f 1755//1953 1764//1953 1763//1953
f 1756//1954 1821//1954 1764//1954
f 1758//1955 1765//1955 1757//1955
f 1759//1956 1766//1956 1758//1956
f 1760//1957 1767//1957 1759//1957
f 1761//1958 1768//1958 1760//1958
f 1761//1959 1770//1959 1769//1959
f 1762//1960 1771//1960 1770//1960
f 1763//1961 1772//1961 1771//1961
f 1764//1962 1829//1962 1772//1962
f 1766//1963 1773//1963 1765//1963
f 1767//1964 1774//1964 1766//1964
f 1768//1965 1775//1965 1767//1965
f 1769//1966 1776//1966 1768//1966
f 1769//1967 1778//1967 1777//1967
f 1770//1968 1779//1968 1778//1968
f 1771//1969 1780//1969 1779//1969
f 1772//1970 1837//1970 1780//1970
f 1774//1971 2022//1971 1773//1971
f 1775//1972 2023//1972 1774//1972
f 1776//1973 2024//1973 1775//1973
f 1777//1974 2025//1974 1776//1974
f 1777//1975 2027//1975 2026//1975
f 1778//1976 2028//1976 2027//1976
f 1779//1977 2029//1977 2028//1977
f 1780//1978 2030//1978 2029//1978
f 1781//1979 1790//1979 1789//1979
f 1782//1980 1791//1980 1790//1980
f 1783//1981 1792//1981 1791//1981
f 1784//1982 1793//1982 1792//1982
f 1786//1983 1793//1983 1785//1983
f 1787//1984 1794//1984 1786//1984
f 1788//1985 1795//1985 1787//1985
f 1845//1986 1796//1986 1788//1986
f 1789//1987 1798//1987 1797//1987
f 1790//1988 1799//1988 1798//1988
f 1791//1989 1800//1989 1799//1989
f 1792//1990 1801//1990 1800//1990
f 1794//1991 1801//1991 1793//1991
f 1795//1992 1802//1992 1794//1992
f 1796//1993 1803//1993 1795//1993
f 1853//1994 1804//1994 1796//1994
f 1797//1995 1806//1995 1805//1995
f 1798//1996 1807//1996 1806//1996
f 1799//1997 1808//1997 1807//1997
f 1800//1998 1809//1998 1808//1998
f 1802//1999 1809//1999 1801//1999
f 1803//2000 1810//2000 1802//2000
f 1804//2001 1811//2001 1803//2001
f 1861//2002 1812//2002 1804//2002
f 1805//2003 1814//2003 1813//2003
f 1806//2004 1815//2004 1814//2004
f 1807//2005 1816//2005 1815//2005
f 1808//2006 1817//2006 1816//2006
f 1810//2007 1817//2007 1809//2007
f 1811//2008 1818//2008 1810//2008
f 1812//2009 1819//2009 1811//2009
f 1869//2010 1820//2010 1812//2010
f 1814//2011 1821//2011 1813//2011
f 1815//2012 1822//2012 1814//2012
f 1816//2013 1823//2013 1815//2013
f 1817//2014 1824//2014 1816//2014
f 1817//2015 1826//2015 1825//2015
f 1818//2016 1827//2016 1826//2016
f 1819//2017 1828//2017 1827//2017
f 1820//2018 1885//2018 1828//2018
f 1822//2019 1829//2019 1821//2019
f 1823//2020 1830//2020 1822//2020
f 1824//2021 1831//2021 1823//2021
f 1825//2022 1832//2022 1824//2022
f 1825//2023 1834//2023 1833//2023
f 1826//2024 1835//2024 1834//2024
f 1827//2025 1836//2025 1835//2025
f 1828//2026 1893//2026 1836//2026
f 1830//2027 1837//2027 1829//2027
f 1831//2028 1838//2028 1830//2028
f 1832//2029 1839//2029 1831//2029
f 1833//2030 1840//2030 1832//2030
f 1833//2031 1842//2031 1841//2031
f 1834//2032 1843//2032 1842//2032
f 1835//2033 1844//2033 1843//2033
f 1836//2034 1901//2034 1844//2034
f 1838//2035 2030//2035 1837//2035
f 1839//2036 2039//2036 1838//2036
f 1840//2037 2048//2037 1839//2037
f 1841//2038 2057//2038 1840//2038
f 1841//2039 2075//2039 2066//2039
f 1842//2040 2084//2040 2075//2040
f 1843//2041 2093//2041 2084//2041
f 1844//2042 2102//2042 2093//2042
f 1845//2043 1854//2043 1853//2043
f 1846//2044 1855//2044 1854//2044
f 1847//2045 1856//2045 1855//2045
f 1848//2046 1857//2046 1856//2046
f 1850//2047 1857//2047 1849//2047
f 1851//2048 1858//2048 1850//2048
f 1852//2049 1859//2049 1851//2049
f 1909//2050 1860//2050 1852//2050
f 1853//2051 1862//2051 1861//2051
f 1854//2052 1863//2052 1862//2052
f 1855//2053 1864//2053 1863//2053
f 1856//2054 1865//2054 1864//2054
f 1858//2055 1865//2055 1857//2055
f 1859//2056 1866//2056 1858//2056
f 1860//2057 1867//2057 1859//2057
f 1917//2058 1868//2058 1860//2058
f 1861//2059 1870//2059 1869//2059
f 1862//2060 1871//2060 1870//2060
f 1863//2061 1872//2061 1871//2061
f 1864//2062 1873//2062 1872//2062
f 1866//2063 1873//2063 1865//2063
f 1867//2064 1874//2064 1866//2064
f 1868//2065 1875//2065 1867//2065
f 1925//2066 1876//2066 1868//2066
f 1869//2067 1878//2067 1877//2067
f 1870//2068 1879//2068 1878//2068
f 1871//2069 1880//2069 1879//2069
f 1872//2070 1881//2070 1880//2070
f 1874//2071 1881//2071 1873//2071
f 1875//2072 1882//2072 1874//2072
f 1876//2073 1883//2073 1875//2073
f 1933//2074 1884//2074 1876//2074
f 1878//2075 1885//2075 1877//2075
f 1879//2076 1886//2076 1878//2076
f 1880//2077 1887//2077 1879//2077
f 1881//2078 1888//2078 1880//2078
f 1881//2079 1890//2079 1889//2079
f 1882//2080 1891//2080 1890//2080
f 1883//2081 1892//2081 1891//2081
f 1884//2082 1949//2082 1892//2082
f 1886//2083 1893//2083 1885//2083
f 1887//2084 1894//2084 1886//2084
f 1888//2085 1895//2085 1887//2085
f 1889//2086 1896//2086 1888//2086
f 1889//2087 1898//2087 1897//2087
f 1890//2088 1899//2088 1898//2088
f 1891//2089 1900//2089 1899//2089
f 1892//2090 1957//2090 1900//2090
f 1894//2091 1901//2091 1893//2091
f 1895//2092 1902//2092 1894//2092
f 1896//2093 1903//2093 1895//2093
f 1897//2094 1904//2094 1896//2094
f 1897//2095 1906//2095 1905//2095
f 1898//2096 1907//2096 1906//2096
f 1899//2097 1908//2097 1907//2097
f 1900//2098 1965//2098 1908//2098
f 1902//2099 2102//2099 1901//2099
f 1903//2100 2101//2100 1902//2100
f 1904//2101 2100//2101 1903//2101
f 1905//2102 2099//2102 1904//2102
f 1905//2103 2097//2103 2098//2103
f 1906//2104 2096//2104 2097//2104
f 1907//2105 2095//2105 2096//2105
f 1908//2106 2094//2106 2095//2106
f 1909//2107 1918//2107 1917//2107
f 1910//2108 1919//2108 1918//2108
f 1911//2109 1920//2109 1919//2109
f 1912//2110 1921//2110 1920//2110
f 1914//2111 1921//2111 1913//2111
f 1915//2112 1922//2112 1914//2112
f 1916//2113 1923//2113 1915//2113
f 1717//2114 1924//2114 1916//2114
f 1917//2115 1926//2115 1925//2115
f 1918//2116 1927//2116 1926//2116
f 1919//2117 1928//2117 1927//2117
f 1920//2118 1929//2118 1928//2118
f 1922//2119 1929//2119 1921//2119
f 1923//2120 1930//2120 1922//2120
f 1924//2121 1931//2121 1923//2121
f 1725//2122 1932//2122 1924//2122
f 1925//2123 1934//2123 1933//2123
f 1926//2124 1935//2124 1934//2124
f 1927//2125 1936//2125 1935//2125
f 1928//2126 1937//2126 1936//2126
f 1930//2127 1937//2127 1929//2127
f 1931//2128 1938//2128 1930//2128
f 1932//2129 1939//2129 1931//2129
f 1733//2130 1940//2130 1932//2130
f 1933//2131 1942//2131 1941//2131
f 1934//2132 1943//2132 1942//2132
f 1935//2133 1944//2133 1943//2133
f 1936//2134 1945//2134 1944//2134
f 1938//2135 1945//2135 1937//2135
f 1939//2136 1946//2136 1938//2136
f 1940//2137 1947//2137 1939//2137
f 1741//2138 1948//2138 1940//2138
f 1942//2139 1949//2139 1941//2139
f 1943//2140 1950//2140 1942//2140
f 1944//2141 1951//2141 1943//2141
f 1945//2142 1952//2142 1944//2142
f 1945//2143 1954//2143 1953//2143
f 1946//2144 1955//2144 1954//2144
f 1947//2145 1956//2145 1955//2145
f 1948//2146 1757//2146 1956//2146
f 1950//2147 1957//2147 1949//2147
f 1951//2148 1958//2148 1950//2148
f 1952//2149 1959//2149 1951//2149
f 1953//2150 1960//2150 1952//2150
f 1953//2151 1962//2151 1961//2151
f 1954//2152 1963//2152 1962//2152
f 1955//2153 1964//2153 1963//2153
f 1956//2154 1765//2154 1964//2154
f 1958//2155 1965//2155 1957//2155
f 1959//2156 1966//2156 1958//2156
f 1960//2157 1967//2157 1959//2157
f 1961//2158 1968//2158 1960//2158
f 1961//2159 1970//2159 1969//2159
f 1962//2160 1971//2160 1970//2160
f 1963//2161 1972//2161 1971//2161
f 1964//2162 1773//2162 1972//2162
f 1966//2163 2094//2163 1965//2163
f 1967//2164 2085//2164 1966//2164
f 1968//2165 2076//2165 1967//2165
f 1969//2166 2067//2166 1968//2166
f 1969//2167 2049//2167 2058//2167
f 1970//2168 2040//2168 2049//2168
f 1971//2169 2031//2169 2040//2169
f 1972//2170 2022//2170 2031//2170
f 1909//2171 1973//2171 1910//2171
f 1852//2172 1974//2172 1973//2172
f 1851//2173 1975//2173 1974//2173
f 1850//2174 1976//2174 1975//2174
f 1848//2175 1976//2175 1849//2175
f 1847//2176 1977//2176 1848//2176
f 1846//2177 1978//2177 1847//2177
f 1845//2178 1979//2178 1846//2178
f 1910//2179 1980//2179 1911//2179
f 1973//2180 1981//2180 1980//2180
f 1974//2181 1982//2181 1981//2181
f 1975//2182 1983//2182 1982//2182
f 1977//2183 1983//2183 1976//2183
f 1978//2184 1984//2184 1977//2184
f 1979//2185 1985//2185 1978//2185
f 1788//2186 1986//2186 1979//2186
f 1911//2187 1987//2187 1912//2187
f 1980//2188 1988//2188 1987//2188
f 1981//2189 1989//2189 1988//2189
f 1982//2190 1990//2190 1989//2190
f 1984//2191 1990//2191 1983//2191
f 1985//2192 1991//2192 1984//2192
f 1986//2193 1992//2193 1985//2193
f 1787//2194 1993//2194 1986//2194
f 1912//2195 1994//2195 1913//2195
f 1987//2196 1995//2196 1994//2196
f 1988//2197 1996//2197 1995//2197
f 1989//2198 1997//2198 1996//2198
f 1991//2199 1997//2199 1990//2199
f 1992//2200 1998//2200 1991//2200
f 1993//2201 1999//2201 1992//2201
f 1786//2202 2000//2202 1993//2202
f 1994//2203 1914//2203 1913//2203
f 1995//2204 2001//2204 1994//2204
f 1996//2205 2002//2205 1995//2205
f 1997//2206 2003//2206 1996//2206
f 1997//2207 2005//2207 2004//2207
f 1998//2208 2006//2208 2005//2208
f 1999//2209 2007//2209 2006//2209
f 2000//2210 1784//2210 2007//2210
f 2001//2211 1915//2211 1914//2211
f 2002//2212 2008//2212 2001//2212
f 2003//2213 2009//2213 2002//2213
f 2004//2214 2010//2214 2003//2214
f 2004//2215 2012//2215 2011//2215
f 2005//2216 2013//2216 2012//2216
f 2006//2217 2014//2217 2013//2217
f 2007//2218 1783//2218 2014//2218
f 2008//2219 1916//2219 1915//2219
f 2009//2220 2015//2220 2008//2220
f 2010//2221 2016//2221 2009//2221
f 2011//2222 2017//2222 2010//2222
f 2011//2223 2019//2223 2018//2223
f 2012//2224 2020//2224 2019//2224
f 2013//2225 2021//2225 2020//2225
f 2014//2226 1782//2226 2021//2226
f 2015//2227 1717//2227 1916//2227
f 2016//2228 1718//2228 2015//2228
f 2017//2229 1719//2229 2016//2229
f 2018//2230 1720//2230 2017//2230
f 2018//2231 1722//2231 1721//2231
f 2019//2232 1723//2232 1722//2232
f 2020//2233 1724//2233 1723//2233
f 2021//2234 1781//2234 1724//2234
f 2022//2235 2032//2235 2031//2235
f 2023//2236 2033//2236 2032//2236
f 2024//2237 2034//2237 2033//2237
f 2025//2238 2035//2238 2034//2238
f 2027//2239 2035//2239 2026//2239
f 2028//2240 2036//2240 2027//2240
f 2029//2241 2037//2241 2028//2241
f 2030//2242 2038//2242 2029//2242
f 2031//2243 2041//2243 2040//2243
f 2032//2244 2042//2244 2041//2244
f 2033//2245 2043//2245 2042//2245
f 2034//2246 2044//2246 2043//2246
f 2036//2247 2044//2247 2035//2247
f 2037//2248 2045//2248 2036//2248
f 2038//2249 2046//2249 2037//2249
f 2039//2250 2047//2250 2038//2250
f 2040//2251 2050//2251 2049//2251
f 2041//2252 2051//2252 2050//2252
f 2042//2253 2052//2253 2051//2253
f 2043//2254 2053//2254 2052//2254
f 2045//2255 2053//2255 2044//2255
f 2046//2256 2054//2256 2045//2256
f 2047//2257 2055//2257 2046//2257
f 2048//2258 2056//2258 2047//2258
f 2049//2259 2059//2259 2058//2259
f 2050//2260 2060//2260 2059//2260
f 2051//2261 2061//2261 2060//2261
f 2052//2262 2062//2262 2061//2262
f 2054//2263 2062//2263 2053//2263
f 2055//2264 2063//2264 2054//2264
f 2056//2265 2064//2265 2055//2265
f 2057//2266 2065//2266 2056//2266
f 2059//2267 2067//2267 2058//2267
f 2060//2268 2068//2268 2059//2268
f 2061//2269 2069//2269 2060//2269
f 2062//2270 2070//2270 2061//2270
f 2062//2271 2072//2271 2071//2271
f 2063//2272 2073//2272 2072//2272
f 2064//2273 2074//2273 2073//2273
f 2065//2274 2075//2274 2074//2274
f 2068//2275 2076//2275 2067//2275
f 2069//2276 2077//2276 2068//2276
f 2070//2277 2078//2277 2069//2277
f 2071//2278 2079//2278 2070//2278
f 2071//2279 2081//2279 2080//2279
f 2072//2280 2082//2280 2081//2280
f 2073//2281 2083//2281 2082//2281
f 2074//2282 2084//2282 2083//2282
f 2077//2283 2085//2283 2076//2283
f 2078//2284 2086//2284 2077//2284
f 2079//2285 2087//2285 2078//2285
f 2080//2286 2088//2286 2079//2286
f 2080//2287 2090//2287 2089//2287
f 2081//2288 2091//2288 2090//2288
f 2082//2289 2092//2289 2091//2289
f 2083//2290 2093//2290 2092//2290
f 2086//2291 2094//2291 2085//2291
f 2087//2292 2095//2292 2086//2292
f 2088//2293 2096//2293 2087//2293
f 2089//2294 2097//2294 2088//2294
f 2089//2295 2099//2295 2098//2295
f 2090//2296 2100//2296 2099//2296
f 2091//2297 2101//2297 2100//2297
f 2092//2298 2102//2298 2101//2298
f 1717//2299 1718//2299 1726//2299
f 1718//2300 1719//2300 1727//2300
f 1719//2301 1720//2301 1728//2301
f 1720//2302 1721//2302 1729//2302
f 1722//2303 1730//2303 1729//2303
f 1723//2304 1731//2304 1730//2304
f 1724//2305 1732//2305 1731//2305
f 1781//2306 1789//2306 1732//2306
f 1725//2307 1726//2307 1734//2307
f 1726//2308 1727//2308 1735//2308
f 1727//2309 1728//2309 1736//2309
f 1728//2310 1729//2310 1737//2310
f 1730//2311 1738//2311 1737//2311
f 1731//2312 1739//2312 1738//2312
f 1732//2313 1740//2313 1739//2313
f 1789//2314 1797//2314 1740//2314
f 1733//2315 1734//2315 1742//2315
f 1734//2316 1735//2316 1743//2316
f 1735//2317 1736//2317 1744//2317
f 1736//2318 1737//2318 1745//2318
f 1738//2319 1746//2319 1745//2319
f 1739//2320 1747//2320 1746//2320
f 1740//2321 1748//2321 1747//2321
f 1797//2322 1805//2322 1748//2322
f 1741//2323 1742//2323 1750//2323
f 1742//2324 1743//2324 1751//2324
f 1743//2325 1744//2325 1752//2325
f 1744//2326 1745//2326 1753//2326
f 1746//2327 1754//2327 1753//2327
f 1747//2328 1755//2328 1754//2328
f 1748//2329 1756//2329 1755//2329
f 1805//2330 1813//2330 1756//2330
f 1750//2331 1758//2331 1757//2331
f 1751//2332 1759//2332 1758//2332
f 1752//2333 1760//2333 1759//2333
f 1753//2334 1761//2334 1760//2334
f 1753//2335 1754//2335 1762//2335
f 1754//2336 1755//2336 1763//2336
f 1755//2337 1756//2337 1764//2337
f 1756//2338 1813//2338 1821//2338
f 1758//2339 1766//2339 1765//2339
f 1759//2340 1767//2340 1766//2340
f 1760//2341 1768//2341 1767//2341
f 1761//2342 1769//2342 1768//2342
f 1761//2343 1762//2343 1770//2343
f 1762//2344 1763//2344 1771//2344
f 1763//2345 1764//2345 1772//2345
f 1764//2346 1821//2346 1829//2346
f 1766//2347 1774//2347 1773//2347
f 1767//2348 1775//2348 1774//2348
f 1768//2349 1776//2349 1775//2349
f 1769//2350 1777//2350 1776//2350
f 1769//2351 1770//2351 1778//2351
f 1770//2352 1771//2352 1779//2352
f 1771//2353 1772//2353 1780//2353
f 1772//2354 1829//2354 1837//2354
f 1774//2355 2023//2355 2022//2355
f 1775//2356 2024//2356 2023//2356
f 1776//2357 2025//2357 2024//2357
f 1777//2358 2026//2358 2025//2358
f 1777//2359 1778//2359 2027//2359
f 1778//2360 1779//2360 2028//2360
f 1779//2361 1780//2361 2029//2361
f 1780//2362 1837//2362 2030//2362
f 1781//2363 1782//2363 1790//2363
f 1782//2364 1783//2364 1791//2364
f 1783//2365 1784//2365 1792//2365
f 1784//2366 1785//2366 1793//2366
f 1786//2367 1794//2367 1793//2367
f 1787//2368 1795//2368 1794//2368
f 1788//2369 1796//2369 1795//2369
f 1845//2370 1853//2370 1796//2370
f 1789//2371 1790//2371 1798//2371
f 1790//2372 1791//2372 1799//2372
f 1791//2373 1792//2373 1800//2373
f 1792//2374 1793//2374 1801//2374
f 1794//2375 1802//2375 1801//2375
f 1795//2376 1803//2376 1802//2376
f 1796//2377 1804//2377 1803//2377
f 1853//2378 1861//2378 1804//2378
f 1797//2379 1798//2379 1806//2379
f 1798//2380 1799//2380 1807//2380
f 1799//2381 1800//2381 1808//2381
f 1800//2382 1801//2382 1809//2382
f 1802//2383 1810//2383 1809//2383
f 1803//2384 1811//2384 1810//2384
f 1804//2385 1812//2385 1811//2385
f 1861//2386 1869//2386 1812//2386
f 1805//2387 1806//2387 1814//2387
f 1806//2388 1807//2388 1815//2388
f 1807//2389 1808//2389 1816//2389
f 1808//2390 1809//2390 1817//2390
f 1810//2391 1818//2391 1817//2391
f 1811//2392 1819//2392 1818//2392
f 1812//2393 1820//2393 1819//2393
f 1869//2394 1877//2394 1820//2394
f 1814//2395 1822//2395 1821//2395
f 1815//2396 1823//2396 1822//2396
f 1816//2397 1824//2397 1823//2397
f 1817//2398 1825//2398 1824//2398
f 1817//2399 1818//2399 1826//2399
f 1818//2400 1819//2400 1827//2400
f 1819//2401 1820//2401 1828//2401
f 1820//2402 1877//2402 1885//2402
f 1822//2403 1830//2403 1829//2403
f 1823//2404 1831//2404 1830//2404
f 1824//2405 1832//2405 1831//2405
f 1825//2406 1833//2406 1832//2406
f 1825//2407 1826//2407 1834//2407
f 1826//2408 1827//2408 1835//2408
f 1827//2409 1828//2409 1836//2409
f 1828//2410 1885//2410 1893//2410
f 1830//2411 1838//2411 1837//2411
f 1831//2412 1839//2412 1838//2412
f 1832//2413 1840//2413 1839//2413
f 1833//2414 1841//2414 1840//2414
f 1833//2415 1834//2415 1842//2415
f 1834//2416 1835//2416 1843//2416
f 1835//2417 1836//2417 1844//2417
f 1836//2418 1893//2418 1901//2418
f 1838//2419 2039//2419 2030//2419
f 1839//2420 2048//2420 2039//2420
f 1840//2421 2057//2421 2048//2421
f 1841//2422 2066//2422 2057//2422
f 1841//2423 1842//2423 2075//2423
f 1842//2424 1843//2424 2084//2424
f 1843//2425 1844//2425 2093//2425
f 1844//2426 1901//2426 2102//2426
f 1845//2427 1846//2427 1854//2427
f 1846//2428 1847//2428 1855//2428
f 1847//2429 1848//2429 1856//2429
f 1848//2430 1849//2430 1857//2430
f 1850//2431 1858//2431 1857//2431
f 1851//2432 1859//2432 1858//2432
f 1852//2433 1860//2433 1859//2433
f 1909//2434 1917//2434 1860//2434
f 1853//2435 1854//2435 1862//2435
f 1854//2436 1855//2436 1863//2436
f 1855//2437 1856//2437 1864//2437
f 1856//2438 1857//2438 1865//2438
f 1858//2439 1866//2439 1865//2439
f 1859//2440 1867//2440 1866//2440
f 1860//2441 1868//2441 1867//2441
f 1917//2442 1925//2442 1868//2442
f 1861//2443 1862//2443 1870//2443
f 1862//2444 1863//2444 1871//2444
f 1863//2445 1864//2445 1872//2445
f 1864//2446 1865//2446 1873//2446
f 1866//2447 1874//2447 1873//2447
f 1867//2448 1875//2448 1874//2448
f 1868//2449 1876//2449 1875//2449
f 1925//2450 1933//2450 1876//2450
f 1869//2451 1870//2451 1878//2451
f 1870//2452 1871//2452 1879//2452
f 1871//2453 1872//2453 1880//2453
f 1872//2454 1873//2454 1881//2454
f 1874//2455 1882//2455 1881//2455
f 1875//2456 1883//2456 1882//2456
f 1876//2457 1884//2457 1883//2457
f 1933//2458 1941//2458 1884//2458
f 1878//2459 1886//2459 1885//2459
f 1879//2460 1887//2460 1886//2460
f 1880//2461 1888//2461 1887//2461
f 1881//2462 1889//2462 1888//2462
f 1881//2463 1882//2463 1890//2463
f 1882//2464 1883//2464 1891//2464
f 1883//2465 1884//2465 1892//2465
f 1884//2466 1941//2466 1949//2466
f 1886//2467 1894//2467 1893//2467
f 1887//2468 1895//2468 1894//2468
f 1888//2469 1896//2469 1895//2469
f 1889//2470 1897//2470 1896//2470
f 1889//2471 1890//2471 1898//2471
f 1890//2472 1891//2472 1899//2472
f 1891//2473 1892//2473 1900//2473
f 1892//2474 1949//2474 1957//2474
f 1894//2475 1902//2475 1901//2475
f 1895//2476 1903//2476 1902//2476
f 1896//2477 1904//2477 1903//2477
f 1897//2478 1905//2478 1904//2478
f 1897//2479 1898//2479 1906//2479
f 1898//2480 1899//2480 1907//2480
f 1899//2481 1900//2481 1908//2481
f 1900//2482 1957//2482 1965//2482
f 1902//2483 2101//2483 2102//2483
f 1903//2484 2100//2484 2101//2484
f 1904//2485 2099//2485 2100//2485
f 1905//2486 2098//2486 2099//2486
f 1905//2487 1906//2487 2097//2487
f 1906//2488 1907//2488 2096//2488
f 1907//2489 1908//2489 2095//2489
f 1908//2490 1965//2490 2094//2490
f 1909//2491 1910//2491 1918//2491
f 1910//2492 1911//2492 1919//2492
f 1911//2493 1912//2493 1920//2493
f 1912//2494 1913//2494 1921//2494
f 1914//2495 1922//2495 1921//2495
f 1915//2496 1923//2496 1922//2496
f 1916//2497 1924//2497 1923//2497
f 1717//2498 1725//2498 1924//2498
f 1917//2499 1918//2499 1926//2499
f 1918//2500 1919//2500 1927//2500
f 1919//2501 1920//2501 1928//2501
f 1920//2502 1921//2502 1929//2502
f 1922//2503 1930//2503 1929//2503
f 1923//2504 1931//2504 1930//2504
f 1924//2505 1932//2505 1931//2505
f 1725//2506 1733//2506 1932//2506
f 1925//2507 1926//2507 1934//2507
f 1926//2508 1927//2508 1935//2508
f 1927//2509 1928//2509 1936//2509
f 1928//2510 1929//2510 1937//2510
f 1930//2511 1938//2511 1937//2511
f 1931//2512 1939//2512 1938//2512
f 1932//2513 1940//2513 1939//2513
f 1733//2514 1741//2514 1940//2514
f 1933//2515 1934//2515 1942//2515
f 1934//2516 1935//2516 1943//2516
f 1935//2517 1936//2517 1944//2517
f 1936//2518 1937//2518 1945//2518
f 1938//2519 1946//2519 1945//2519
f 1939//2520 1947//2520 1946//2520
f 1940//2521 1948//2521 1947//2521
f 1741//2522 1749//2522 1948//2522
f 1942//2523 1950//2523 1949//2523
f 1943//2524 1951//2524 1950//2524
f 1944//2525 1952//2525 1951//2525
f 1945//2526 1953//2526 1952//2526
f 1945//2527 1946//2527 1954//2527
f 1946//2528 1947//2528 1955//2528
f 1947//2529 1948//2529 1956//2529
f 1948//2530 1749//2530 1757//2530
f 1950//2531 1958//2531 1957//2531
f 1951//2532 1959//2532 1958//2532
f 1952//2533 1960//2533 1959//2533
f 1953//2534 1961//2534 1960//2534
f 1953//2535 1954//2535 1962//2535
f 1954//2536 1955//2536 1963//2536
f 1955//2537 1956//2537 1964//2537
f 1956//2538 1757//2538 1765//2538
f 1958//2539 1966//2539 1965//2539
f 1959//2540 1967//2540 1966//2540
f 1960//2541 1968//2541 1967//2541
f 1961//2542 1969//2542 1968//2542
f 1961//2543 1962//2543 1970//2543
f 1962//2544 1963//2544 1971//2544
f 1963//2545 1964//2545 1972//2545
f 1964//2546 1765//2546 1773//2546
f 1966//2547 2085//2547 2094//2547
f 1967//2548 2076//2548 2085//2548
f 1968//2549 2067//2549 2076//2549
f 1969//2550 2058//2550 2067//2550
f 1969//2551 1970//2551 2049//2551
f 1970//2552 1971//2552 2040//2552
f 1971//2553 1972//2553 2031//2553
f 1972//2554 1773//2554 2022//2554
f 1909//2555 1852//2555 1973//2555
f 1852//2556 1851//2556 1974//2556
f 1851//2557 1850//2557 1975//2557
f 1850//2558 1849//2558 1976//2558
f 1848//2559 1977//2559 1976//2559
f 1847//2560 1978//2560 1977//2560
f 1846//2561 1979//2561 1978//2561
f 1845//2562 1788//2562 1979//2562
f 1910//2563 1973//2563 1980//2563
f 1973//2564 1974//2564 1981//2564
f 1974//2565 1975//2565 1982//2565
f 1975//2566 1976//2566 1983//2566
f 1977//2567 1984//2567 1983//2567
f 1978//2568 1985//2568 1984//2568
f 1979//2569 1986//2569 1985//2569
f 1788//2570 1787//2570 1986//2570
f 1911//2571 1980//2571 1987//2571
f 1980//2572 1981//2572 1988//2572
f 1981//2573 1982//2573 1989//2573
f 1982//2574 1983//2574 1990//2574
f 1984//2575 1991//2575 1990//2575
f 1985//2576 1992//2576 1991//2576
f 1986//2577 1993//2577 1992//2577
f 1787//2578 1786//2578 1993//2578
f 1912//2579 1987//2579 1994//2579
f 1987//2580 1988//2580 1995//2580
f 1988//2581 1989//2581 1996//2581
f 1989//2582 1990//2582 1997//2582
f 1991//2583 1998//2583 1997//2583
f 1992//2584 1999//2584 1998//2584
f 1993//2585 2000//2585 1999//2585
f 1786//2586 1785//2586 2000//2586
f 1994//2587 2001//2587 1914//2587
f 1995//2588 2002//2588 2001//2588
f 1996//2589 2003//2589 2002//2589
f 1997//2590 2004//2590 2003//2590
f 1997//2591 1998//2591 2005//2591
f 1998//2592 1999//2592 2006//2592
f 1999//2593 2000//2593 2007//2593
f 2000//2594 1785//2594 1784//2594
f 2001//2595 2008//2595 1915//2595
f 2002//2596 2009//2596 2008//2596
f 2003//2597 2010//2597 2009//2597
f 2004//2598 2011//2598 2010//2598
f 2004//2599 2005//2599 2012//2599
f 2005//2600 2006//2600 2013//2600
f 2006//2601 2007//2601 2014//2601
f 2007//2602 1784//2602 1783//2602
f 2008//2603 2015//2603 1916//2603
f 2009//2604 2016//2604 2015//2604
f 2010//2605 2017//2605 2016//2605
f 2011//2606 2018//2606 2017//2606
f 2011//2607 2012//2607 2019//2607
f 2012//2608 2013//2608 2020//2608
f 2013//2609 2014//2609 2021//2609
f 2014//2610 1783//2610 1782//2610
f 2015//2611 1718//2611 1717//2611
f 2016//2612 1719//2612 1718//2612
f 2017//2613 1720//2613 1719//2613
f 2018//2614 1721//2614 1720//2614
f 2018//2615 2019//2615 1722//2615
f 2019//2616 2020//2616 1723//2616
f 2020//2617 2021//2617 1724//2617
f 2021//2618 1782//2618 1781//2618
f 2022//2619 2023//2619 2032//2619
f 2023//2620 2024//2620 2033//2620
f 2024//2621 2025//2621 2034//2621
f 2025//2622 2026//2622 2035//2622
f 2027//2623 2036//2623 2035//2623
f 2028//2624 2037//2624 2036//2624
f 2029//2625 2038//2625 2037//2625
f 2030//2626 2039//2626 2038//2626
f 2031//2627 2032//2627 2041//2627
f 2032//2628 2033//2628 2042//2628
f 2033//2629 2034//2629 2043//2629
f 2034//2630 2035//2630 2044//2630
f 2036//2631 2045//2631 2044//2631
f 2037//2632 2046//2632 2045//2632
f 2038//2633 2047//2633 2046//2633
f 2039//2634 2048//2634 2047//2634
f 2040//2635 2041//2635 2050//2635
f 2041//2636 2042//2636 2051//2636
f 2042//2637 2043//2637 2052//2637
f 2043//2638 2044//2638 2053//2638
f 2045//2639 2054//2639 2053//2639
f 2046//2640 2055//2640 2054//2640
f 2047//2641 2056//2641 2055//2641
f 2048//2642 2057//2642 2056//2642
f 2049//2643 2050//2643 2059//2643
f 2050//2644 2051//2644 2060//2644
f 2051//2645 2052//2645 2061//2645
f 2052//2646 2053//2646 2062//2646
f 2054//2647 2063//2647 2062//2647
f 2055//2648 2064//2648 2063//2648
f 2056//2649 2065//2649 2064//2649
f 2057//2650 2066//2650 2065//2650
f 2059//2651 2068//2651 2067//2651
f 2060//2652 2069//2652 2068//2652
f 2061//2653 2070//2653 2069//2653
f 2062//2654 2071//2654 2070//2654
f 2062//2655 2063//2655 2072//2655
f 2063//2656 2064//2656 2073//2656
f 2064//2657 2065//2657 2074//2657
f 2065//2658 2066//2658 2075//2658
f 2068//2659 2077//2659 2076//2659
f 2069//2660 2078//2660 2077//2660
f 2070//2661 2079//2661 2078//2661
f 2071//2662 2080//2662 2079//2662
f 2071//2663 2072//2663 2081//2663
f 2072//2664 2073//2664 2082//2664
f 2073//2665 2074//2665 2083//2665
f 2074//2666 2075//2666 2084//2666
f 2077//2667 2086//2667 2085//2667
f 2078//2668 2087//2668 2086//2668
f 2079//2669 2088//2669 2087//2669
f 2080//2670 2089//2670 2088//2670
f 2080//2671 2081//2671 2090//2671
f 2081//2672 2082//2672 2091//2672
f 2082//2673 2083//2673 2092//2673
f 2083//2674 2084//2674 2093//2674
f 2086//2675 2095//2675 2094//2675
f 2087//2676 2096//2676 2095//2676
f 2088//2677 2097//2677 2096//2677
f 2089//2678 2098//2678 2097//2678
f 2089//2679 2090//2679 2099//2679
f 2090//2680 2091//2680 2100//2680
f 2091//2681 2092//2681 2101//2681
f 2092//2682 2093//2682 2102//2682
