# Blender 4.3.2
# www.blender.org
o Cone
v 0.577350 2.422650 -0.577350
v 0.433013 2.362622 -0.637377
v 0.288675 2.322997 -0.677003
v 0.144338 2.300298 -0.699702
v 0.000000 2.292893 -0.707107
v -0.144338 2.300298 -0.699702
v -0.288675 2.322997 -0.677003
v -0.433013 2.362622 -0.637377
v 0.637377 2.566987 -0.637377
v 0.478033 2.521967 -0.736864
v 0.318689 2.492248 -0.800391
v 0.159344 2.475223 -0.836193
v 0.000000 2.469670 -0.847791
v -0.159344 2.475223 -0.836193
v -0.318689 2.492248 -0.800391
v -0.478033 2.521967 -0.736864
v 0.677003 2.711325 -0.677003
v 0.507752 2.681311 -0.800391
v 0.338502 2.661498 -0.877971
v 0.169251 2.650149 -0.921389
v 0.000000 2.646447 -0.935414
v -0.169251 2.650149 -0.921389
v -0.338502 2.661498 -0.877971
v -0.507752 2.681311 -0.800391
v 0.699702 2.855662 -0.699702
v 0.524777 2.840656 -0.836193
v 0.349851 2.830749 -0.921389
v 0.174926 2.825074 -0.968918
v 0.000000 2.823223 -0.984251
v -0.174926 2.825074 -0.968918
v -0.349851 2.830749 -0.921389
v -0.524777 2.840656 -0.836193
v 0.707107 3.000000 -0.707107
v 0.530330 3.000000 -0.847791
v 0.353553 3.000000 -0.935414
v 0.176777 3.000000 -0.984251
v 0.000000 3.000000 -1.000000
v -0.176777 3.000000 -0.984251
v -0.353553 3.000000 -0.935414
v -0.530330 3.000000 -0.847791
v 0.699702 3.144338 -0.699702
v 0.524777 3.159344 -0.836193
v 0.349851 3.169251 -0.921389
v 0.174926 3.174926 -0.968918
v 0.000000 3.176777 -0.984251
v -0.174926 3.174926 -0.968918
v -0.349851 3.169251 -0.921389
v -0.524777 3.159344 -0.836193
v 0.677003 3.288675 -0.677003
v 0.507752 3.318689 -0.800391
v 0.338502 3.338502 -0.877971
v 0.169251 3.349851 -0.921389
v 0.000000 3.353553 -0.935414
v -0.169251 3.349851 -0.921389
v -0.338502 3.338502 -0.877971
v -0.507752 3.318689 -0.800391
v 0.637377 3.433013 -0.637377
v 0.478033 3.478033 -0.736864
v 0.318689 3.507752 -0.800391
v 0.159344 3.524777 -0.836193
v 0.000000 3.530330 -0.847791
v -0.159344 3.524777 -0.836193
v -0.318689 3.507752 -0.800391
v -0.478033 3.478033 -0.736864
v -0.577350 2.422650 -0.577350
v -0.637377 2.362622 -0.433013
v -0.677003 2.322997 -0.288675
v -0.699702 2.300298 -0.144338
v -0.707107 2.292893 0.000000
v -0.699702 2.300298 0.144338
v -0.677003 2.322997 0.288675
v -0.637377 2.362622 0.433013
v -0.637377 2.566987 -0.637377
v -0.736864 2.521967 -0.478033
v -0.800391 2.492248 -0.318689
v -0.836193 2.475223 -0.159344
v -0.847791 2.469670 0.000000
v -0.836193 2.475223 0.159344
v -0.800391 2.492248 0.318689
v -0.736864 2.521967 0.478033
v -0.677003 2.711325 -0.677003
v -0.800391 2.681311 -0.507752
v -0.877971 2.661498 -0.338502
v -0.921389 2.650149 -0.169251
v -0.935414 2.646447 0.000000
v -0.921389 2.650149 0.169251
v -0.877971 2.661498 0.338502
v -0.800391 2.681311 0.507752
v -0.699702 2.855662 -0.699702
v -0.836193 2.840656 -0.524777
v -0.921389 2.830749 -0.349851
v -0.968918 2.825074 -0.174926
v -0.984251 2.823223 0.000000
v -0.968918 2.825074 0.174926
v -0.921389 2.830749 0.349851
v -0.836193 2.840656 0.524777
v -0.707107 3.000000 -0.707107
v -0.847791 3.000000 -0.530330
v -0.935414 3.000000 -0.353553
v -0.984251 3.000000 -0.176777
v -1.000000 3.000000 0.000000
v -0.984251 3.000000 0.176777
v -0.935414 3.000000 0.353553
v -0.847791 3.000000 0.530330
v -0.699702 3.144338 -0.699702
v -0.836193 3.159344 -0.524777
v -0.921389 3.169251 -0.349851
v -0.968918 3.174926 -0.174926
v -0.984251 3.176777 0.000000
v -0.968918 3.174926 0.174926
v -0.921389 3.169251 0.349851
v -0.836193 3.159344 0.524777
v -0.677003 3.288675 -0.677003
v -0.800391 3.318689 -0.507752
v -0.877971 3.338502 -0.338502
v -0.921389 3.349851 -0.169251
v -0.935414 3.353553 0.000000
v -0.921389 3.349851 0.169251
v -0.877971 3.338502 0.338502
v -0.800391 3.318689 0.507752
v -0.637377 3.433013 -0.637377
v -0.736864 3.478033 -0.478033
v -0.800391 3.507752 -0.318689
v -0.836193 3.524777 -0.159344
v -0.847791 3.530330 0.000000
v -0.836193 3.524777 0.159344
v -0.800391 3.507752 0.318689
v -0.736864 3.478033 0.478033
v -0.577350 2.422650 0.577350
v -0.433013 2.362622 0.637377
v -0.288675 2.322997 0.677003
v -0.144338 2.300298 0.699702
v 0.000000 2.292893 0.707107
v 0.144338 2.300298 0.699702
v 0.288675 2.322997 0.677003
v 0.433013 2.362622 0.637377
v -0.637377 2.566987 0.637377
v -0.478033 2.521967 0.736864
v -0.318689 2.492248 0.800391
v -0.159344 2.475223 0.836193
v 0.000000 2.469670 0.847791
v 0.159344 2.475223 0.836193
v 0.318689 2.492248 0.800391
v 0.478033 2.521967 0.736864
v -0.677003 2.711325 0.677003
v -0.507752 2.681311 0.800391
v -0.338502 2.661498 0.877971
v -0.169251 2.650149 0.921389
v 0.000000 2.646447 0.935414
v 0.169251 2.650149 0.921389
v 0.338502 2.661498 0.877971
v 0.507752 2.681311 0.800391
v -0.699702 2.855662 0.699702
v -0.524777 2.840656 0.836193
v -0.349851 2.830749 0.921389
v -0.174926 2.825074 0.968918
v 0.000000 2.823223 0.984251
v 0.174926 2.825074 0.968918
v 0.349851 2.830749 0.921389
v 0.524777 2.840656 0.836193
v -0.707107 3.000000 0.707107
v -0.530330 3.000000 0.847791
v -0.353553 3.000000 0.935414
v -0.176777 3.000000 0.984251
v 0.000000 3.000000 1.000000
v 0.176777 3.000000 0.984251
v 0.353553 3.000000 0.935414
v 0.530330 3.000000 0.847791
v -0.699702 3.144338 0.699702
v -0.524777 3.159344 0.836193
v -0.349851 3.169251 0.921389
v -0.174926 3.174926 0.968918
v 0.000000 3.176777 0.984251
v 0.174926 3.174926 0.968918
v 0.349851 3.169251 0.921389
v 0.524777 3.159344 0.836193
v -0.677003 3.288675 0.677003
v -0.507752 3.318689 0.800391
v -0.338502 3.338502 0.877971
v -0.169251 3.349851 0.921389
v 0.000000 3.353553 0.935414
v 0.169251 3.349851 0.921389
v 0.338502 3.338502 0.877971
v 0.507752 3.318689 0.800391
v -0.637377 3.433013 0.637377
v -0.478033 3.478033 0.736864
v -0.318689 3.507752 0.800391
v -0.159344 3.524777 0.836193
v 0.000000 3.530330 0.847791
v 0.159344 3.524777 0.836193
v 0.318689 3.507752 0.800391
v 0.478033 3.478033 0.736864
v 0.577350 2.422650 0.577350
v 0.637377 2.362622 0.433013
v 0.677003 2.322997 0.288675
v 0.699702 2.300298 0.144338
v 0.707107 2.292893 0.000000
v 0.699702 2.300298 -0.144338
v 0.677003 2.322997 -0.288675
v 0.637377 2.362622 -0.433013
v 0.637377 2.566987 0.637377
v 0.736864 2.521967 0.478033
v 0.800391 2.492248 0.318689
v 0.836193 2.475223 0.159344
v 0.847791 2.469670 0.000000
v 0.836193 2.475223 -0.159344
v 0.800391 2.492248 -0.318689
v 0.736864 2.521967 -0.478033
v 0.677003 2.711325 0.677003
v 0.800391 2.681311 0.507752
v 0.877971 2.661498 0.338502
v 0.921389 2.650149 0.169251
v 0.935414 2.646447 0.000000
v 0.921389 2.650149 -0.169251
v 0.877971 2.661498 -0.338502
v 0.800391 2.681311 -0.507752
v 0.699702 2.855662 0.699702
v 0.836193 2.840656 0.524777
v 0.921389 2.830749 0.349851
v 0.968918 2.825074 0.174926
v 0.984251 2.823223 0.000000
v 0.968918 2.825074 -0.174926
v 0.921389 2.830749 -0.349851
v 0.836193 2.840656 -0.524777
v 0.707107 3.000000 0.707107
v 0.847791 3.000000 0.530330
v 0.935414 3.000000 0.353553
v 0.984251 3.000000 0.176777
v 1.000000 3.000000 0.000000
v 0.984251 3.000000 -0.176777
v 0.935414 3.000000 -0.353553
v 0.847791 3.000000 -0.530330
v 0.699702 3.144338 0.699702
v 0.836193 3.159344 0.524777
v 0.921389 3.169251 0.349851
v 0.968918 3.174926 0.174926
v 0.984251 3.176777 0.000000
v 0.968918 3.174926 -0.174926
v 0.921389 3.169251 -0.349851
v 0.836193 3.159344 -0.524777
v 0.677003 3.288675 0.677003
v 0.800391 3.318689 0.507752
v 0.877971 3.338502 0.338502
v 0.921389 3.349851 0.169251
v 0.935414 3.353553 0.000000
v 0.921389 3.349851 -0.169251
v 0.877971 3.338502 -0.338502
v 0.800391 3.318689 -0.507752
v 0.637377 3.433013 0.637377
v 0.736864 3.478033 0.478033
v 0.800391 3.507752 0.318689
v 0.836193 3.524777 0.159344
v 0.847791 3.530330 0.000000
v 0.836193 3.524777 -0.159344
v 0.800391 3.507752 -0.318689
v 0.736864 3.478033 -0.478033
v 0.478033 2.263136 0.478033
v 0.318689 2.199610 0.507752
v 0.159344 2.163807 0.524777
v 0.000000 2.152209 0.530330
v -0.159344 2.163807 0.524777
v -0.318689 2.199610 0.507752
v -0.478033 2.263136 0.478033
v 0.507752 2.199610 0.318689
v 0.338502 2.122029 0.338502
v 0.169251 2.078611 0.349851
v 0.000000 2.064586 0.353553
v -0.169251 2.078611 0.349851
v -0.338502 2.122029 0.338502
v -0.507752 2.199610 0.318689
v 0.524777 2.163807 0.159344
v 0.349851 2.078611 0.169251
v 0.174926 2.031082 0.174926
v 0.000000 2.015749 0.176777
v -0.174926 2.031082 0.174926
v -0.349851 2.078611 0.169251
v -0.524777 2.163807 0.159344
v 0.530330 2.152209 0.000000
v 0.353553 2.064586 0.000000
v 0.176777 2.015749 0.000000
v 0.000000 2.000000 0.000000
v -0.176777 2.015749 0.000000
v -0.353553 2.064586 0.000000
v -0.530330 2.152209 0.000000
v 0.524777 2.163807 -0.159344
v 0.349851 2.078611 -0.169251
v 0.174926 2.031082 -0.174926
v 0.000000 2.015749 -0.176777
v -0.174926 2.031082 -0.174926
v -0.349851 2.078611 -0.169251
v -0.524777 2.163807 -0.159344
v 0.507752 2.199610 -0.318689
v 0.338502 2.122029 -0.338502
v 0.169251 2.078611 -0.349851
v 0.000000 2.064586 -0.353553
v -0.169251 2.078611 -0.349851
v -0.338502 2.122029 -0.338502
v -0.507752 2.199610 -0.318689
v 0.478033 2.263136 -0.478033
v 0.318689 2.199610 -0.507752
v 0.159344 2.163807 -0.524777
v 0.000000 2.152209 -0.530330
v -0.159344 2.163807 -0.524777
v -0.318689 2.199610 -0.507752
v -0.478033 2.263136 -0.478033
v 0.577350 3.577350 -0.577350
v 0.433013 3.637378 -0.637377
v 0.288675 3.677003 -0.677003
v 0.144338 3.699702 -0.699702
v 0.000000 3.707107 -0.707107
v -0.144338 3.699702 -0.699702
v -0.288675 3.677003 -0.677003
v -0.433013 3.637378 -0.637377
v -0.577350 3.577350 -0.577350
v 0.637377 3.637378 -0.433013
v 0.478033 3.736864 -0.478033
v 0.318689 3.800390 -0.507752
v 0.159344 3.836193 -0.524777
v 0.000000 3.847791 -0.530330
v -0.159344 3.836193 -0.524777
v -0.318689 3.800390 -0.507752
v -0.478033 3.736864 -0.478033
v -0.637377 3.637378 -0.433013
v 0.677003 3.677003 -0.288675
v 0.507752 3.800390 -0.318689
v 0.338502 3.877971 -0.338502
v 0.169251 3.921389 -0.349851
v 0.000000 3.935414 -0.353553
v -0.169251 3.921389 -0.349851
v -0.338502 3.877971 -0.338502
v -0.507752 3.800390 -0.318689
v -0.677003 3.677003 -0.288675
v 0.699702 3.699702 -0.144338
v 0.524777 3.836193 -0.159344
v 0.349851 3.921389 -0.169251
v 0.174926 3.968918 -0.174926
v 0.000000 3.984251 -0.176777
v -0.174926 3.968918 -0.174926
v -0.349851 3.921389 -0.169251
v -0.524777 3.836193 -0.159344
v -0.699702 3.699702 -0.144338
v 0.707107 3.707107 0.000000
v 0.530330 3.847791 0.000000
v 0.353553 3.935414 0.000000
v 0.176777 3.984251 0.000000
v 0.000000 4.000000 0.000000
v -0.176777 3.984251 0.000000
v -0.353553 3.935414 0.000000
v -0.530330 3.847791 0.000000
v -0.707107 3.707107 0.000000
v 0.699702 3.699702 0.144338
v 0.524777 3.836193 0.159344
v 0.349851 3.921389 0.169251
v 0.174926 3.968918 0.174926
v 0.000000 3.984251 0.176777
v -0.174926 3.968918 0.174926
v -0.349851 3.921389 0.169251
v -0.524777 3.836193 0.159344
v -0.699702 3.699702 0.144338
v 0.677003 3.677003 0.288675
v 0.507752 3.800390 0.318689
v 0.338502 3.877971 0.338502
v 0.169251 3.921389 0.349851
v 0.000000 3.935414 0.353553
v -0.169251 3.921389 0.349851
v -0.338502 3.877971 0.338502
v -0.507752 3.800390 0.318689
v -0.677003 3.677003 0.288675
v 0.637377 3.637378 0.433013
v 0.478033 3.736864 0.478033
v 0.318689 3.800390 0.507752
v 0.159344 3.836193 0.524777
v 0.000000 3.847791 0.530330
v -0.159344 3.836193 0.524777
v -0.318689 3.800390 0.507752
v -0.478033 3.736864 0.478033
v -0.637377 3.637378 0.433013
v 0.577350 3.577350 0.577350
v 0.433013 3.637378 0.637377
v 0.288675 3.677003 0.677003
v 0.144338 3.699702 0.699702
v 0.000000 3.707107 0.707107
v -0.144338 3.699702 0.699702
v -0.288675 3.677003 0.677003
v -0.433013 3.637378 0.637377
v -0.577350 3.577350 0.577350
vn 0.5552 -0.5056 -0.6604
vn 0.3944 -0.5643 -0.7253
vn 0.2359 -0.5994 -0.7649
vn 0.0785 -0.6174 -0.7827
vn -0.0719 -0.6211 -0.7804
vn -0.2159 -0.6121 -0.7607
vn -0.3604 -0.5904 -0.7222
vn -0.5056 -0.5552 -0.6604
vn 0.5904 -0.3604 -0.7222
vn 0.4200 -0.4026 -0.8134
vn 0.2514 -0.4275 -0.8684
vn 0.0837 -0.4402 -0.8940
vn -0.0804 -0.4427 -0.8931
vn -0.2414 -0.4359 -0.8670
vn -0.4026 -0.4200 -0.8134
vn -0.5643 -0.3944 -0.7253
vn 0.6121 -0.2159 -0.7607
vn 0.4359 -0.2414 -0.8670
vn 0.2612 -0.2563 -0.9307
vn 0.0870 -0.2638 -0.9606
vn -0.0854 -0.2653 -0.9604
vn -0.2563 -0.2612 -0.9307
vn -0.4275 -0.2514 -0.8684
vn -0.5994 -0.2359 -0.7649
vn 0.6211 -0.0719 -0.7804
vn 0.4427 -0.0804 -0.8931
vn 0.2653 -0.0854 -0.9604
vn 0.0884 -0.0879 -0.9922
vn -0.0879 -0.0884 -0.9922
vn -0.2638 -0.0870 -0.9606
vn -0.4402 -0.0837 -0.8940
vn -0.6174 -0.0785 -0.7827
vn 0.6211 0.0719 -0.7804
vn 0.4427 0.0804 -0.8931
vn 0.2653 0.0854 -0.9604
vn 0.0884 0.0879 -0.9922
vn -0.0879 0.0884 -0.9922
vn -0.2638 0.0870 -0.9606
vn -0.4402 0.0837 -0.8940
vn -0.6174 0.0785 -0.7827
vn 0.6121 0.2159 -0.7607
vn 0.4359 0.2414 -0.8670
vn 0.2612 0.2563 -0.9307
vn 0.0870 0.2638 -0.9606
vn -0.0854 0.2653 -0.9604
vn -0.2563 0.2612 -0.9307
vn -0.4275 0.2514 -0.8684
vn -0.5994 0.2359 -0.7649
vn 0.5904 0.3604 -0.7222
vn 0.4200 0.4026 -0.8134
vn 0.2514 0.4275 -0.8684
vn 0.0837 0.4402 -0.8940
vn -0.0804 0.4427 -0.8931
vn -0.2414 0.4359 -0.8670
vn -0.4026 0.4200 -0.8134
vn -0.5643 0.3944 -0.7253
vn 0.5552 0.5056 -0.6604
vn 0.3944 0.5643 -0.7253
vn 0.2359 0.5994 -0.7649
vn 0.0785 0.6174 -0.7827
vn -0.0719 0.6211 -0.7804
vn -0.2159 0.6121 -0.7607
vn -0.3604 0.5904 -0.7222
vn -0.5056 0.5552 -0.6604
vn -0.6604 -0.5056 -0.5552
vn -0.7253 -0.5643 -0.3944
vn -0.7649 -0.5994 -0.2359
vn -0.7827 -0.6174 -0.0785
vn -0.7804 -0.6211 0.0719
vn -0.7607 -0.6121 0.2159
vn -0.7222 -0.5904 0.3604
vn -0.6604 -0.5552 0.5056
vn -0.7222 -0.3604 -0.5904
vn -0.8134 -0.4026 -0.4200
vn -0.8684 -0.4275 -0.2514
vn -0.8940 -0.4402 -0.0837
vn -0.8931 -0.4427 0.0804
vn -0.8670 -0.4359 0.2414
vn -0.8134 -0.4200 0.4026
vn -0.7253 -0.3944 0.5643
vn -0.7607 -0.2159 -0.6121
vn -0.8670 -0.2414 -0.4359
vn -0.9307 -0.2563 -0.2612
vn -0.9606 -0.2638 -0.0870
vn -0.9604 -0.2653 0.0854
vn -0.9307 -0.2612 0.2563
vn -0.8684 -0.2514 0.4275
vn -0.7649 -0.2359 0.5994
vn -0.7804 -0.0719 -0.6211
vn -0.8931 -0.0804 -0.4427
vn -0.9604 -0.0854 -0.2653
vn -0.9922 -0.0879 -0.0884
vn -0.9922 -0.0884 0.0879
vn -0.9606 -0.0870 0.2638
vn -0.8940 -0.0837 0.4402
vn -0.7827 -0.0785 0.6174
vn -0.7804 0.0719 -0.6211
vn -0.8931 0.0804 -0.4427
vn -0.9604 0.0854 -0.2653
vn -0.9922 0.0879 -0.0884
vn -0.9922 0.0884 0.0879
vn -0.9606 0.0870 0.2638
vn -0.8940 0.0837 0.4402
vn -0.7827 0.0785 0.6174
vn -0.7607 0.2159 -0.6121
vn -0.8670 0.2414 -0.4359
vn -0.9307 0.2563 -0.2612
vn -0.9606 0.2638 -0.0870
vn -0.9604 0.2653 0.0854
vn -0.9307 0.2612 0.2563
vn -0.8684 0.2514 0.4275
vn -0.7649 0.2359 0.5994
vn -0.7222 0.3604 -0.5904
vn -0.8134 0.4026 -0.4200
vn -0.8684 0.4275 -0.2514
vn -0.8940 0.4402 -0.0837
vn -0.8931 0.4427 0.0804
vn -0.8670 0.4359 0.2414
vn -0.8134 0.4200 0.4026
vn -0.7253 0.3944 0.5643
vn -0.6604 0.5056 -0.5552
vn -0.7253 0.5643 -0.3944
vn -0.7649 0.5994 -0.2359
vn -0.7827 0.6174 -0.0785
vn -0.7804 0.6211 0.0719
vn -0.7607 0.6121 0.2159
vn -0.7222 0.5904 0.3604
vn -0.6604 0.5552 0.5056
vn -0.5552 -0.5056 0.6604
vn -0.3944 -0.5643 0.7253
vn -0.2359 -0.5994 0.7649
vn -0.0785 -0.6174 0.7827
vn 0.0719 -0.6211 0.7804
vn 0.2159 -0.6121 0.7607
vn 0.3604 -0.5904 0.7222
vn 0.5056 -0.5552 0.6604
vn -0.5904 -0.3604 0.7222
vn -0.4200 -0.4026 0.8134
vn -0.2514 -0.4275 0.8684
vn -0.0837 -0.4402 0.8940
vn 0.0804 -0.4427 0.8931
vn 0.2414 -0.4359 0.8670
vn 0.4026 -0.4200 0.8134
vn 0.5643 -0.3944 0.7253
vn -0.6121 -0.2159 0.7607
vn -0.4359 -0.2414 0.8670
vn -0.2612 -0.2563 0.9307
vn -0.0870 -0.2638 0.9606
vn 0.0854 -0.2653 0.9604
vn 0.2563 -0.2612 0.9307
vn 0.4275 -0.2514 0.8684
vn 0.5994 -0.2359 0.7649
vn -0.6211 -0.0719 0.7804
vn -0.4427 -0.0804 0.8931
vn -0.2653 -0.0854 0.9604
vn -0.0884 -0.0879 0.9922
vn 0.0879 -0.0884 0.9922
vn 0.2638 -0.0870 0.9606
vn 0.4402 -0.0837 0.8940
vn 0.6174 -0.0785 0.7827
vn -0.6211 0.0719 0.7804
vn -0.4427 0.0804 0.8931
vn -0.2653 0.0854 0.9604
vn -0.0884 0.0879 0.9922
vn 0.0879 0.0884 0.9922
vn 0.2638 0.0870 0.9606
vn 0.4402 0.0837 0.8940
vn 0.6174 0.0785 0.7827
vn -0.6121 0.2159 0.7607
vn -0.4359 0.2414 0.8670
vn -0.2612 0.2563 0.9307
vn -0.0870 0.2638 0.9606
vn 0.0854 0.2653 0.9604
vn 0.2563 0.2612 0.9307
vn 0.4275 0.2514 0.8684
vn 0.5994 0.2359 0.7649
vn -0.5904 0.3604 0.7222
vn -0.4200 0.4026 0.8134
vn -0.2514 0.4275 0.8684
vn -0.0837 0.4402 0.8940
vn 0.0804 0.4427 0.8931
vn 0.2414 0.4359 0.8670
vn 0.4026 0.4200 0.8134
vn 0.5643 0.3944 0.7253
vn -0.5552 0.5056 0.6604
vn -0.3944 0.5643 0.7253
vn -0.2359 0.5994 0.7649
vn -0.0785 0.6174 0.7827
vn 0.0719 0.6211 0.7804
vn 0.2159 0.6121 0.7607
vn 0.3604 0.5904 0.7222
vn 0.5056 0.5552 0.6604
vn 0.6604 -0.5056 0.5552
vn 0.7253 -0.5643 0.3944
vn 0.7649 -0.5994 0.2359
vn 0.7827 -0.6174 0.0785
vn 0.7804 -0.6211 -0.0719
vn 0.7607 -0.6121 -0.2159
vn 0.7222 -0.5904 -0.3604
vn 0.6604 -0.5552 -0.5056
vn 0.7222 -0.3604 0.5904
vn 0.8134 -0.4026 0.4200
vn 0.8684 -0.4275 0.2514
vn 0.8940 -0.4402 0.0837
vn 0.8931 -0.4427 -0.0804
vn 0.8670 -0.4359 -0.2414
vn 0.8134 -0.4200 -0.4026
vn 0.7253 -0.3944 -0.5643
vn 0.7607 -0.2159 0.6121
vn 0.8670 -0.2414 0.4359
vn 0.9307 -0.2563 0.2612
vn 0.9606 -0.2638 0.0870
vn 0.9604 -0.2653 -0.0854
vn 0.9307 -0.2612 -0.2563
vn 0.8684 -0.2514 -0.4275
vn 0.7649 -0.2359 -0.5994
vn 0.7804 -0.0719 0.6211
vn 0.8931 -0.0804 0.4427
vn 0.9604 -0.0854 0.2653
vn 0.9922 -0.0879 0.0884
vn 0.9922 -0.0884 -0.0879
vn 0.9606 -0.0870 -0.2638
vn 0.8940 -0.0837 -0.4402
vn 0.7827 -0.0785 -0.6174
vn 0.7804 0.0719 0.6211
vn 0.8931 0.0804 0.4427
vn 0.9604 0.0854 0.2653
vn 0.9922 0.0879 0.0884
vn 0.9922 0.0884 -0.0879
vn 0.9606 0.0870 -0.2638
vn 0.8940 0.0837 -0.4402
vn 0.7827 0.0785 -0.6174
vn 0.7607 0.2159 0.6121
vn 0.8670 0.2414 0.4359
vn 0.9307 0.2563 0.2612
vn 0.9606 0.2638 0.0870
vn 0.9604 0.2653 -0.0854
vn 0.9307 0.2612 -0.2563
vn 0.8684 0.2514 -0.4275
vn 0.7649 0.2359 -0.5994
vn 0.7222 0.3604 0.5904
vn 0.8134 0.4026 0.4200
vn 0.8684 0.4275 0.2514
vn 0.8940 0.4402 0.0837
vn 0.8931 0.4427 -0.0804
vn 0.8670 0.4359 -0.2414
vn 0.8134 0.4200 -0.4026
vn 0.7253 0.3944 -0.5643
vn 0.6604 0.5056 0.5552
vn 0.7253 0.5643 0.3944
vn 0.7649 0.5994 0.2359
vn 0.7827 0.6174 0.0785
vn 0.7804 0.6211 -0.0719
vn 0.7607 0.6121 -0.2159
vn 0.7222 0.5904 -0.3604
vn 0.6604 0.5552 -0.5056
vn 0.5552 -0.6604 0.5056
vn 0.3944 -0.7253 0.5643
vn 0.2359 -0.7649 0.5994
vn 0.0785 -0.7827 0.6174
vn -0.0719 -0.7804 0.6211
vn -0.2159 -0.7607 0.6121
vn -0.3604 -0.7222 0.5904
vn -0.5056 -0.6604 0.5552
vn 0.5904 -0.7222 0.3604
vn 0.4200 -0.8134 0.4026
vn 0.2514 -0.8684 0.4275
vn 0.0837 -0.8940 0.4402
vn -0.0804 -0.8931 0.4427
vn -0.2414 -0.8670 0.4359
vn -0.4026 -0.8134 0.4200
vn -0.5643 -0.7253 0.3944
vn 0.6121 -0.7607 0.2159
vn 0.4359 -0.8670 0.2414
vn 0.2612 -0.9307 0.2563
vn 0.0870 -0.9606 0.2638
vn -0.0854 -0.9604 0.2653
vn -0.2563 -0.9307 0.2612
vn -0.4275 -0.8684 0.2514
vn -0.5994 -0.7649 0.2359
vn 0.6211 -0.7804 0.0719
vn 0.4427 -0.8931 0.0804
vn 0.2653 -0.9604 0.0854
vn 0.0884 -0.9922 0.0879
vn -0.0879 -0.9922 0.0884
vn -0.2638 -0.9606 0.0870
vn -0.4402 -0.8940 0.0837
vn -0.6174 -0.7827 0.0785
vn 0.6211 -0.7804 -0.0719
vn 0.4427 -0.8931 -0.0804
vn 0.2653 -0.9604 -0.0854
vn 0.0884 -0.9922 -0.0879
vn -0.0879 -0.9922 -0.0884
vn -0.2638 -0.9606 -0.0870
vn -0.4402 -0.8940 -0.0837
vn -0.6174 -0.7827 -0.0785
vn 0.6121 -0.7607 -0.2159
vn 0.4359 -0.8670 -0.2414
vn 0.2612 -0.9307 -0.2563
vn 0.0870 -0.9606 -0.2638
vn -0.0854 -0.9604 -0.2653
vn -0.2563 -0.9307 -0.2612
vn -0.4275 -0.8684 -0.2514
vn -0.5994 -0.7649 -0.2359
vn 0.5904 -0.7222 -0.3604
vn 0.4200 -0.8134 -0.4026
vn 0.2514 -0.8684 -0.4275
vn 0.0837 -0.8940 -0.4402
vn -0.0804 -0.8931 -0.4427
vn -0.2414 -0.8670 -0.4359
vn -0.4026 -0.8134 -0.4200
vn -0.5643 -0.7253 -0.3944
vn 0.5552 -0.6604 -0.5056
vn 0.3944 -0.7253 -0.5643
vn 0.2359 -0.7649 -0.5994
vn 0.0785 -0.7827 -0.6174
vn -0.0719 -0.7804 -0.6211
vn -0.2159 -0.7607 -0.6121
vn -0.3604 -0.7222 -0.5904
vn -0.5056 -0.6604 -0.5552
vn 0.5552 0.6604 -0.5056
vn 0.3944 0.7253 -0.5643
vn 0.2359 0.7649 -0.5994
vn 0.0785 0.7827 -0.6174
vn -0.0719 0.7804 -0.6211
vn -0.2159 0.7607 -0.6121
vn -0.3604 0.7222 -0.5904
vn -0.5056 0.6604 -0.5552
vn 0.5904 0.7222 -0.3604
vn 0.4200 0.8134 -0.4026
vn 0.2514 0.8684 -0.4275
vn 0.0837 0.8940 -0.4402
vn -0.0804 0.8931 -0.4427
vn -0.2414 0.8670 -0.4359
vn -0.4026 0.8134 -0.4200
vn -0.5643 0.7253 -0.3944
vn 0.6121 0.7607 -0.2159
vn 0.4359 0.8670 -0.2414
vn 0.2612 0.9307 -0.2563
vn 0.0870 0.9606 -0.2638
vn -0.0854 0.9604 -0.2653
vn -0.2563 0.9307 -0.2612
vn -0.4275 0.8684 -0.2514
vn -0.5994 0.7649 -0.2359
vn 0.6211 0.7804 -0.0719
vn 0.4427 0.8931 -0.0804
vn 0.2653 0.9604 -0.0854
vn 0.0884 0.9922 -0.0879
vn -0.0879 0.9922 -0.0884
vn -0.2638 0.9606 -0.0870
vn -0.4402 0.8940 -0.0837
vn -0.6174 0.7827 -0.0785
vn 0.6211 0.7804 0.0719
vn 0.4427 0.8931 0.0804
vn 0.2653 0.9604 0.0854
vn 0.0884 0.9922 0.0879
vn -0.0879 0.9922 0.0884
vn -0.2638 0.9606 0.0870
vn -0.4402 0.8940 0.0837
vn -0.6174 0.7827 0.0785
vn 0.6121 0.7607 0.2159
vn 0.4359 0.8670 0.2414
vn 0.2612 0.9307 0.2563
vn 0.0870 0.9606 0.2638
vn -0.0854 0.9604 0.2653
vn -0.2563 0.9307 0.2612
vn -0.4275 0.8684 0.2514
vn -0.5994 0.7649 0.2359
vn 0.5904 0.7222 0.3604
vn 0.4200 0.8134 0.4026
vn 0.2514 0.8684 0.4275
vn 0.0837 0.8940 0.4402
vn -0.0804 0.8931 0.4427
vn -0.2414 0.8670 0.4359
vn -0.4026 0.8134 0.4200
vn -0.5643 0.7253 0.3944
vn 0.5552 0.6604 0.5056
vn 0.3944 0.7253 0.5643
vn 0.2359 0.7649 0.5994
vn 0.0785 0.7827 0.6174
vn -0.0719 0.7804 0.6211
vn -0.2159 0.7607 0.6121
vn -0.3604 0.7222 0.5904
vn -0.5056 0.6604 0.5552
vn 0.5056 -0.5552 -0.6604
vn 0.3604 -0.5904 -0.7222
vn 0.2159 -0.6121 -0.7607
vn 0.0719 -0.6211 -0.7804
vn -0.0785 -0.6174 -0.7827
vn -0.2359 -0.5994 -0.7649
vn -0.3944 -0.5643 -0.7253
vn -0.5552 -0.5056 -0.6604
vn 0.5643 -0.3944 -0.7253
vn 0.4026 -0.4200 -0.8134
vn 0.2414 -0.4359 -0.8670
vn 0.0804 -0.4427 -0.8931
vn -0.0837 -0.4402 -0.8940
vn -0.2514 -0.4275 -0.8684
vn -0.4200 -0.4026 -0.8134
vn -0.5904 -0.3604 -0.7222
vn 0.5994 -0.2359 -0.7649
vn 0.4275 -0.2514 -0.8684
vn 0.2563 -0.2612 -0.9307
vn 0.0854 -0.2653 -0.9604
vn -0.0870 -0.2638 -0.9606
vn -0.2612 -0.2563 -0.9307
vn -0.4359 -0.2414 -0.8670
vn -0.6121 -0.2159 -0.7607
vn 0.6174 -0.0785 -0.7827
vn 0.4402 -0.0837 -0.8940
vn 0.2638 -0.0870 -0.9606
vn 0.0879 -0.0884 -0.9922
vn -0.0884 -0.0879 -0.9922
vn -0.2653 -0.0854 -0.9604
vn -0.4427 -0.0804 -0.8931
vn -0.6211 -0.0719 -0.7804
vn 0.6174 0.0785 -0.7827
vn 0.4402 0.0837 -0.8940
vn 0.2638 0.0870 -0.9606
vn 0.0879 0.0884 -0.9922
vn -0.0884 0.0879 -0.9922
vn -0.2653 0.0854 -0.9604
vn -0.4427 0.0804 -0.8931
vn -0.6211 0.0719 -0.7804
vn 0.5994 0.2359 -0.7649
vn 0.4275 0.2514 -0.8684
vn 0.2563 0.2612 -0.9307
vn 0.0854 0.2653 -0.9604
vn -0.0870 0.2638 -0.9606
vn -0.2612 0.2563 -0.9307
vn -0.4359 0.2414 -0.8670
vn -0.6121 0.2159 -0.7607
vn 0.5643 0.3944 -0.7253
vn 0.4026 0.4200 -0.8134
vn 0.2414 0.4359 -0.8670
vn 0.0804 0.4427 -0.8931
vn -0.0837 0.4402 -0.8940
vn -0.2514 0.4275 -0.8684
vn -0.4200 0.4026 -0.8134
vn -0.5904 0.3604 -0.7222
vn 0.5056 0.5552 -0.6604
vn 0.3604 0.5904 -0.7222
vn 0.2159 0.6121 -0.7607
vn 0.0719 0.6211 -0.7804
vn -0.0785 0.6174 -0.7827
vn -0.2359 0.5994 -0.7649
vn -0.3944 0.5643 -0.7253
vn -0.5552 0.5056 -0.6604
vn -0.6604 -0.5552 -0.5056
vn -0.7222 -0.5904 -0.3604
vn -0.7607 -0.6121 -0.2159
vn -0.7804 -0.6211 -0.0719
vn -0.7827 -0.6174 0.0785
vn -0.7649 -0.5994 0.2359
vn -0.7253 -0.5643 0.3944
vn -0.6604 -0.5056 0.5552
vn -0.7253 -0.3944 -0.5643
vn -0.8134 -0.4200 -0.4026
vn -0.8670 -0.4359 -0.2414
vn -0.8931 -0.4427 -0.0804
vn -0.8940 -0.4402 0.0837
vn -0.8684 -0.4275 0.2514
vn -0.8134 -0.4026 0.4200
vn -0.7222 -0.3604 0.5904
vn -0.7649 -0.2359 -0.5994
vn -0.8684 -0.2514 -0.4275
vn -0.9307 -0.2612 -0.2563
vn -0.9604 -0.2653 -0.0854
vn -0.9606 -0.2638 0.0870
vn -0.9307 -0.2563 0.2612
vn -0.8670 -0.2414 0.4359
vn -0.7607 -0.2159 0.6121
vn -0.7827 -0.0785 -0.6174
vn -0.8940 -0.0837 -0.4402
vn -0.9606 -0.0870 -0.2638
vn -0.9922 -0.0884 -0.0879
vn -0.9922 -0.0879 0.0884
vn -0.9604 -0.0854 0.2653
vn -0.8931 -0.0804 0.4427
vn -0.7804 -0.0719 0.6211
vn -0.7827 0.0785 -0.6174
vn -0.8940 0.0837 -0.4402
vn -0.9606 0.0870 -0.2638
vn -0.9922 0.0884 -0.0879
vn -0.9922 0.0879 0.0884
vn -0.9604 0.0854 0.2653
vn -0.8931 0.0804 0.4427
vn -0.7804 0.0719 0.6211
vn -0.7649 0.2359 -0.5994
vn -0.8684 0.2514 -0.4275
vn -0.9307 0.2612 -0.2563
vn -0.9604 0.2653 -0.0854
vn -0.9606 0.2638 0.0870
vn -0.9307 0.2563 0.2612
vn -0.8670 0.2414 0.4359
vn -0.7607 0.2159 0.6121
vn -0.7253 0.3944 -0.5643
vn -0.8134 0.4200 -0.4026
vn -0.8670 0.4359 -0.2414
vn -0.8931 0.4427 -0.0804
vn -0.8940 0.4402 0.0837
vn -0.8684 0.4275 0.2514
vn -0.8134 0.4026 0.4200
vn -0.7222 0.3604 0.5904
vn -0.6604 0.5552 -0.5056
vn -0.7222 0.5904 -0.3604
vn -0.7607 0.6121 -0.2159
vn -0.7804 0.6211 -0.0719
vn -0.7827 0.6174 0.0785
vn -0.7649 0.5994 0.2359
vn -0.7253 0.5643 0.3944
vn -0.6604 0.5056 0.5552
vn -0.5056 -0.5552 0.6604
vn -0.3604 -0.5904 0.7222
vn -0.2159 -0.6121 0.7607
vn -0.0719 -0.6211 0.7804
vn 0.0785 -0.6174 0.7827
vn 0.2359 -0.5994 0.7649
vn 0.3944 -0.5643 0.7253
vn 0.5552 -0.5056 0.6604
vn -0.5643 -0.3944 0.7253
vn -0.4026 -0.4200 0.8134
vn -0.2414 -0.4359 0.8670
vn -0.0804 -0.4427 0.8931
vn 0.0837 -0.4402 0.8940
vn 0.2514 -0.4275 0.8684
vn 0.4200 -0.4026 0.8134
vn 0.5904 -0.3604 0.7222
vn -0.5994 -0.2359 0.7649
vn -0.4275 -0.2514 0.8684
vn -0.2563 -0.2612 0.9307
vn -0.0854 -0.2653 0.9604
vn 0.0870 -0.2638 0.9606
vn 0.2612 -0.2563 0.9307
vn 0.4359 -0.2414 0.8670
vn 0.6121 -0.2159 0.7607
vn -0.6174 -0.0785 0.7827
vn -0.4402 -0.0837 0.8940
vn -0.2638 -0.0870 0.9606
vn -0.0879 -0.0884 0.9922
vn 0.0884 -0.0879 0.9922
vn 0.2653 -0.0854 0.9604
vn 0.4427 -0.0804 0.8931
vn 0.6211 -0.0719 0.7804
vn -0.6174 0.0785 0.7827
vn -0.4402 0.0837 0.8940
vn -0.2638 0.0870 0.9606
vn -0.0879 0.0884 0.9922
vn 0.0884 0.0879 0.9922
vn 0.2653 0.0854 0.9604
vn 0.4427 0.0804 0.8931
vn 0.6211 0.0719 0.7804
vn -0.5994 0.2359 0.7649
vn -0.4275 0.2514 0.8684
vn -0.2563 0.2612 0.9307
vn -0.0854 0.2653 0.9604
vn 0.0870 0.2638 0.9606
vn 0.2612 0.2563 0.9307
vn 0.4359 0.2414 0.8670
vn 0.6121 0.2159 0.7607
vn -0.5643 0.3944 0.7253
vn -0.4026 0.4200 0.8134
vn -0.2414 0.4359 0.8670
vn -0.0804 0.4427 0.8931
vn 0.0837 0.4402 0.8940
vn 0.2514 0.4275 0.8684
vn 0.4200 0.4026 0.8134
vn 0.5904 0.3604 0.7222
vn -0.5056 0.5552 0.6604
vn -0.3604 0.5904 0.7222
vn -0.2159 0.6121 0.7607
vn -0.0719 0.6211 0.7804
vn 0.0785 0.6174 0.7827
vn 0.2359 0.5994 0.7649
vn 0.3944 0.5643 0.7253
vn 0.5552 0.5056 0.6604
vn 0.6604 -0.5552 0.5056
vn 0.7222 -0.5904 0.3604
vn 0.7607 -0.6121 0.2159
vn 0.7804 -0.6211 0.0719
vn 0.7827 -0.6174 -0.0785
vn 0.7649 -0.5994 -0.2359
vn 0.7253 -0.5643 -0.3944
vn 0.6604 -0.5056 -0.5552
vn 0.7253 -0.3944 0.5643
vn 0.8134 -0.4200 0.4026
vn 0.8670 -0.4359 0.2414
vn 0.8931 -0.4427 0.0804
vn 0.8940 -0.4402 -0.0837
vn 0.8684 -0.4275 -0.2514
vn 0.8134 -0.4026 -0.4200
vn 0.7222 -0.3604 -0.5904
vn 0.7649 -0.2359 0.5994
vn 0.8684 -0.2514 0.4275
vn 0.9307 -0.2612 0.2563
vn 0.9604 -0.2653 0.0854
vn 0.9606 -0.2638 -0.0870
vn 0.9307 -0.2563 -0.2612
vn 0.8670 -0.2414 -0.4359
vn 0.7607 -0.2159 -0.6121
vn 0.7827 -0.0785 0.6174
vn 0.8940 -0.0837 0.4402
vn 0.9606 -0.0870 0.2638
vn 0.9922 -0.0884 0.0879
vn 0.9922 -0.0879 -0.0884
vn 0.9604 -0.0854 -0.2653
vn 0.8931 -0.0804 -0.4427
vn 0.7804 -0.0719 -0.6211
vn 0.7827 0.0785 0.6174
vn 0.8940 0.0837 0.4402
vn 0.9606 0.0870 0.2638
vn 0.9922 0.0884 0.0879
vn 0.9922 0.0879 -0.0884
vn 0.9604 0.0854 -0.2653
vn 0.8931 0.0804 -0.4427
vn 0.7804 0.0719 -0.6211
vn 0.7649 0.2359 0.5994
vn 0.8684 0.2514 0.4275
vn 0.9307 0.2612 0.2563
vn 0.9604 0.2653 0.0854
vn 0.9606 0.2638 -0.0870
vn 0.9307 0.2563 -0.2612
vn 0.8670 0.2414 -0.4359
vn 0.7607 0.2159 -0.6121
vn 0.7253 0.3944 0.5643
vn 0.8134 0.4200 0.4026
vn 0.8670 0.4359 0.2414
vn 0.8931 0.4427 0.0804
vn 0.8940 0.4402 -0.0837
vn 0.8684 0.4275 -0.2514
vn 0.8134 0.4026 -0.4200
vn 0.7222 0.3604 -0.5904
vn 0.6604 0.5552 0.5056
vn 0.7222 0.5904 0.3604
vn 0.7607 0.6121 0.2159
vn 0.7804 0.6211 0.0719
vn 0.7827 0.6174 -0.0785
vn 0.7649 0.5994 -0.2359
vn 0.7253 0.5643 -0.3944
vn 0.6604 0.5056 -0.5552
vn 0.5056 -0.6604 0.5552
vn 0.3604 -0.7222 0.5904
vn 0.2159 -0.7607 0.6121
vn 0.0719 -0.7804 0.6211
vn -0.0785 -0.7827 0.6174
vn -0.2359 -0.7649 0.5994
vn -0.3944 -0.7253 0.5643
vn -0.5552 -0.6604 0.5056
vn 0.5643 -0.7253 0.3944
vn 0.4026 -0.8134 0.4200
vn 0.2414 -0.8670 0.4359
vn 0.0804 -0.8931 0.4427
vn -0.0837 -0.8940 0.4402
vn -0.2514 -0.8684 0.4275
vn -0.4200 -0.8134 0.4026
vn -0.5904 -0.7222 0.3604
vn 0.5994 -0.7649 0.2359
vn 0.4275 -0.8684 0.2514
vn 0.2563 -0.9307 0.2612
vn 0.0854 -0.9604 0.2653
vn -0.0870 -0.9606 0.2638
vn -0.2612 -0.9307 0.2563
vn -0.4359 -0.8670 0.2414
vn -0.6121 -0.7607 0.2159
vn 0.6174 -0.7827 0.0785
vn 0.4402 -0.8940 0.0837
vn 0.2638 -0.9606 0.0870
vn 0.0879 -0.9922 0.0884
vn -0.0884 -0.9922 0.0879
vn -0.2653 -0.9604 0.0854
vn -0.4427 -0.8931 0.0804
vn -0.6211 -0.7804 0.0719
vn 0.6174 -0.7827 -0.0785
vn 0.4402 -0.8940 -0.0837
vn 0.2638 -0.9606 -0.0870
vn 0.0879 -0.9922 -0.0884
vn -0.0884 -0.9922 -0.0879
vn -0.2653 -0.9604 -0.0854
vn -0.4427 -0.8931 -0.0804
vn -0.6211 -0.7804 -0.0719
vn 0.5994 -0.7649 -0.2359
vn 0.4275 -0.8684 -0.2514
vn 0.2563 -0.9307 -0.2612
vn 0.0854 -0.9604 -0.2653
vn -0.0870 -0.9606 -0.2638
vn -0.2612 -0.9307 -0.2563
vn -0.4359 -0.8670 -0.2414
vn -0.6121 -0.7607 -0.2159
vn 0.5643 -0.7253 -0.3944
vn 0.4026 -0.8134 -0.4200
vn 0.2414 -0.8670 -0.4359
vn 0.0804 -0.8931 -0.4427
vn -0.0837 -0.8940 -0.4402
vn -0.2514 -0.8684 -0.4275
vn -0.4200 -0.8134 -0.4026
vn -0.5904 -0.7222 -0.3604
vn 0.5056 -0.6604 -0.5552
vn 0.3604 -0.7222 -0.5904
vn 0.2159 -0.7607 -0.6121
vn 0.0719 -0.7804 -0.6211
vn -0.0785 -0.7827 -0.6174
vn -0.2359 -0.7649 -0.5994
vn -0.3944 -0.7253 -0.5643
vn -0.5552 -0.6604 -0.5056
vn 0.5056 0.6604 -0.5552
vn 0.3604 0.7222 -0.5904
vn 0.2159 0.7607 -0.6121
vn 0.0719 0.7804 -0.6211
vn -0.0785 0.7827 -0.6174
vn -0.2359 0.7649 -0.5994
vn -0.3944 0.7253 -0.5643
vn -0.5552 0.6604 -0.5056
vn 0.5643 0.7253 -0.3944
vn 0.4026 0.8134 -0.4200
vn 0.2414 0.8670 -0.4359
vn 0.0804 0.8931 -0.4427
vn -0.0837 0.8940 -0.4402
vn -0.2514 0.8684 -0.4275
vn -0.4200 0.8134 -0.4026
vn -0.5904 0.7222 -0.3604
vn 0.5994 0.7649 -0.2359
vn 0.4275 0.8684 -0.2514
vn 0.2563 0.9307 -0.2612
vn 0.0854 0.9604 -0.2653
vn -0.0870 0.9606 -0.2638
vn -0.2612 0.9307 -0.2563
vn -0.4359 0.8670 -0.2414
vn -0.6121 0.7607 -0.2159
vn 0.6174 0.7827 -0.0785
vn 0.4402 0.8940 -0.0837
vn 0.2638 0.9606 -0.0870
vn 0.0879 0.9922 -0.0884
vn -0.0884 0.9922 -0.0879
vn -0.2653 0.9604 -0.0854
vn -0.4427 0.8931 -0.0804
vn -0.6211 0.7804 -0.0719
vn 0.6174 0.7827 0.0785
vn 0.4402 0.8940 0.0837
vn 0.2638 0.9606 0.0870
vn 0.0879 0.9922 0.0884
vn -0.0884 0.9922 0.0879
vn -0.2653 0.9604 0.0854
vn -0.4427 0.8931 0.0804
vn -0.6211 0.7804 0.0719
vn 0.5994 0.7649 0.2359
vn 0.4275 0.8684 0.2514
vn 0.2563 0.9307 0.2612
vn 0.0854 0.9604 0.2653
vn -0.0870 0.9606 0.2638
vn -0.2612 0.9307 0.2563
vn -0.4359 0.8670 0.2414
vn -0.6121 0.7607 0.2159
vn 0.5643 0.7253 0.3944
vn 0.4026 0.8134 0.4200
vn 0.2414 0.8670 0.4359
vn 0.0804 0.8931 0.4427
vn -0.0837 0.8940 0.4402
vn -0.2514 0.8684 0.4275
vn -0.4200 0.8134 0.4026
vn -0.5904 0.7222 0.3604
vn 0.5056 0.6604 0.5552
vn 0.3604 0.7222 0.5904
vn 0.2159 0.7607 0.6121
vn 0.0719 0.7804 0.6211
vn -0.0785 0.7827 0.6174
vn -0.2359 0.7649 0.5994
vn -0.3944 0.7253 0.5643
vn -0.5552 0.6604 0.5056
s 0
f 1//1 10//1 9//1
f 2//2 11//2 10//2
f 3//3 12//3 11//3
f 4//4 13//4 12//4
f 6//5 13//5 5//5
f 7//6 14//6 6//6
f 8//7 15//7 7//7
f 65//8 16//8 8//8
f 9//9 18//9 17//9
f 10//10 19//10 18//10
f 11//11 20//11 19//11
f 12//12 21//12 20//12
f 14//13 21//13 13//13
f 15//14 22//14 14//14
f 16//15 23//15 15//15
f 73//16 24//16 16//16
f 17//17 26//17 25//17
f 18//18 27//18 26//18
f 19//19 28//19 27//19
f 20//20 29//20 28//20
f 22//21 29//21 21//21
f 23//22 30//22 22//22
f 24//23 31//23 23//23
f 81//24 32//24 24//24
f 25//25 34//25 33//25
f 26//26 35//26 34//26
f 27//27 36//27 35//27
f 28//28 37//28 36//28
f 30//29 37//29 29//29
f 31//30 38//30 30//30
f 32//31 39//31 31//31
f 89//32 40//32 32//32
f 34//33 41//33 33//33
f 35//34 42//34 34//34
f 36//35 43//35 35//35
f 37//36 44//36 36//36
f 37//37 46//37 45//37
f 38//38 47//38 46//38
f 39//39 48//39 47//39
f 40//40 105//40 48//40
f 42//41 49//41 41//41
f 43//42 50//42 42//42
f 44//43 51//43 43//43
f 45//44 52//44 44//44
f 45//45 54//45 53//45
f 46//46 55//46 54//46
f 47//47 56//47 55//47
f 48//48 113//48 56//48
f 50//49 57//49 49//49
f 51//50 58//50 50//50
f 52//51 59//51 51//51
f 53//52 60//52 52//52
f 53//53 62//53 61//53
f 54//54 63//54 62//54
f 55//55 64//55 63//55
f 56//56 121//56 64//56
f 58//57 306//57 57//57
f 59//58 307//58 58//58
f 60//59 308//59 59//59
f 61//60 309//60 60//60
f 61//61 311//61 310//61
f 62//62 312//62 311//62
f 63//63 313//63 312//63
f 64//64 314//64 313//64
f 65//65 74//65 73//65
f 66//66 75//66 74//66
f 67//67 76//67 75//67
f 68//68 77//68 76//68
f 70//69 77//69 69//69
f 71//70 78//70 70//70
f 72//71 79//71 71//71
f 129//72 80//72 72//72
f 73//73 82//73 81//73
f 74//74 83//74 82//74
f 75//75 84//75 83//75
f 76//76 85//76 84//76
f 78//77 85//77 77//77
f 79//78 86//78 78//78
f 80//79 87//79 79//79
f 137//80 88//80 80//80
f 81//81 90//81 89//81
f 82//82 91//82 90//82
f 83//83 92//83 91//83
f 84//84 93//84 92//84
f 86//85 93//85 85//85
f 87//86 94//86 86//86
f 88//87 95//87 87//87
f 145//88 96//88 88//88
f 89//89 98//89 97//89
f 90//90 99//90 98//90
f 91//91 100//91 99//91
f 92//92 101//92 100//92
f 94//93 101//93 93//93
f 95//94 102//94 94//94
f 96//95 103//95 95//95
f 153//96 104//96 96//96
f 98//97 105//97 97//97
f 99//98 106//98 98//98
f 100//99 107//99 99//99
f 101//100 108//100 100//100
f 101//101 110//101 109//101
f 102//102 111//102 110//102
f 103//103 112//103 111//103
f 104//104 169//104 112//104
f 106//105 113//105 105//105
f 107//106 114//106 106//106
f 108//107 115//107 107//107
f 109//108 116//108 108//108
f 109//109 118//109 117//109
f 110//110 119//110 118//110
f 111//111 120//111 119//111
f 112//112 177//112 120//112
f 114//113 121//113 113//113
f 115//114 122//114 114//114
f 116//115 123//115 115//115
f 117//116 124//116 116//116
f 117//117 126//117 125//117
f 118//118 127//118 126//118
f 119//119 128//119 127//119
f 120//120 185//120 128//120
f 122//121 314//121 121//121
f 123//122 323//122 122//122
f 124//123 332//123 123//123
f 125//124 341//124 124//124
f 125//125 359//125 350//125
f 126//126 368//126 359//126
f 127//127 377//127 368//127
f 128//128 386//128 377//128
f 129//129 138//129 137//129
f 130//130 139//130 138//130
f 131//131 140//131 139//131
f 132//132 141//132 140//132
f 134//133 141//133 133//133
f 135//134 142//134 134//134
f 136//135 143//135 135//135
f 193//136 144//136 136//136
f 137//137 146//137 145//137
f 138//138 147//138 146//138
f 139//139 148//139 147//139
f 140//140 149//140 148//140
f 142//141 149//141 141//141
f 143//142 150//142 142//142
f 144//143 151//143 143//143
f 201//144 152//144 144//144
f 145//145 154//145 153//145
f 146//146 155//146 154//146
f 147//147 156//147 155//147
f 148//148 157//148 156//148
f 150//149 157//149 149//149
f 151//150 158//150 150//150
f 152//151 159//151 151//151
f 209//152 160//152 152//152
f 153//153 162//153 161//153
f 154//154 163//154 162//154
f 155//155 164//155 163//155
f 156//156 165//156 164//156
f 158//157 165//157 157//157
f 159//158 166//158 158//158
f 160//159 167//159 159//159
f 217//160 168//160 160//160
f 162//161 169//161 161//161
f 163//162 170//162 162//162
f 164//163 171//163 163//163
f 165//164 172//164 164//164
f 165//165 174//165 173//165
f 166//166 175//166 174//166
f 167//167 176//167 175//167
f 168//168 233//168 176//168
f 170//169 177//169 169//169
f 171//170 178//170 170//170
f 172//171 179//171 171//171
f 173//172 180//172 172//172
f 173//173 182//173 181//173
f 174//174 183//174 182//174
f 175//175 184//175 183//175
f 176//176 241//176 184//176
f 178//177 185//177 177//177
f 179//178 186//178 178//178
f 180//179 187//179 179//179
f 181//180 188//180 180//180
f 181//181 190//181 189//181
f 182//182 191//182 190//182
f 183//183 192//183 191//183
f 184//184 249//184 192//184
f 186//185 386//185 185//185
f 187//186 385//186 186//186
f 188//187 384//187 187//187
f 189//188 383//188 188//188
f 189//189 381//189 382//189
f 190//190 380//190 381//190
f 191//191 379//191 380//191
f 192//192 378//192 379//192
f 193//193 202//193 201//193
f 194//194 203//194 202//194
f 195//195 204//195 203//195
f 196//196 205//196 204//196
f 198//197 205//197 197//197
f 199//198 206//198 198//198
f 200//199 207//199 199//199
f 1//200 208//200 200//200
f 201//201 210//201 209//201
f 202//202 211//202 210//202
f 203//203 212//203 211//203
f 204//204 213//204 212//204
f 206//205 213//205 205//205
f 207//206 214//206 206//206
f 208//207 215//207 207//207
f 9//208 216//208 208//208
f 209//209 218//209 217//209
f 210//210 219//210 218//210
f 211//211 220//211 219//211
f 212//212 221//212 220//212
f 214//213 221//213 213//213
f 215//214 222//214 214//214
f 216//215 223//215 215//215
f 17//216 224//216 216//216
f 217//217 226//217 225//217
f 218//218 227//218 226//218
f 219//219 228//219 227//219
f 220//220 229//220 228//220
f 222//221 229//221 221//221
f 223//222 230//222 222//222
f 224//223 231//223 223//223
f 25//224 232//224 224//224
f 226//225 233//225 225//225
f 227//226 234//226 226//226
f 228//227 235//227 227//227
f 229//228 236//228 228//228
f 229//229 238//229 237//229
f 230//230 239//230 238//230
f 231//231 240//231 239//231
f 232//232 41//232 240//232
f 234//233 241//233 233//233
f 235//234 242//234 234//234
f 236//235 243//235 235//235
f 237//236 244//236 236//236
f 237//237 246//237 245//237
f 238//238 247//238 246//238
f 239//239 248//239 247//239
f 240//240 49//240 248//240
f 242//241 249//241 241//241
f 243//242 250//242 242//242
f 244//243 251//243 243//243
f 245//244 252//244 244//244
f 245//245 254//245 253//245
f 246//246 255//246 254//246
f 247//247 256//247 255//247
f 248//248 57//248 256//248
f 250//249 378//249 249//249
f 251//250 369//250 250//250
f 252//251 360//251 251//251
f 253//252 351//252 252//252
f 253//253 333//253 342//253
f 254//254 324//254 333//254
f 255//255 315//255 324//255
f 256//256 306//256 315//256
f 193//257 257//257 194//257
f 136//258 258//258 257//258
f 135//259 259//259 258//259
f 134//260 260//260 259//260
f 132//261 260//261 133//261
f 131//262 261//262 132//262
f 130//263 262//263 131//263
f 129//264 263//264 130//264
f 194//265 264//265 195//265
f 257//266 265//266 264//266
f 258//267 266//267 265//267
f 259//268 267//268 266//268
f 261//269 267//269 260//269
f 262//270 268//270 261//270
f 263//271 269//271 262//271
f 72//272 270//272 263//272
f 195//273 271//273 196//273
f 264//274 272//274 271//274
f 265//275 273//275 272//275
f 266//276 274//276 273//276
f 268//277 274//277 267//277
f 269//278 275//278 268//278
f 270//279 276//279 269//279
f 71//280 277//280 270//280
f 196//281 278//281 197//281
f 271//282 279//282 278//282
f 272//283 280//283 279//283
f 273//284 281//284 280//284
f 275//285 281//285 274//285
f 276//286 282//286 275//286
f 277//287 283//287 276//287
f 70//288 284//288 277//288
f 278//289 198//289 197//289
f 279//290 285//290 278//290
f 280//291 286//291 279//291
f 281//292 287//292 280//292
f 281//293 289//293 288//293
f 282//294 290//294 289//294
f 283//295 291//295 290//295
f 284//296 68//296 291//296
f 285//297 199//297 198//297
f 286//298 292//298 285//298
f 287//299 293//299 286//299
f 288//300 294//300 287//300
f 288//301 296//301 295//301
f 289//302 297//302 296//302
f 290//303 298//303 297//303
f 291//304 67//304 298//304
f 292//305 200//305 199//305
f 293//306 299//306 292//306
f 294//307 300//307 293//307
f 295//308 301//308 294//308
f 295//309 303//309 302//309
f 296//310 304//310 303//310
f 297//311 305//311 304//311
f 298//312 66//312 305//312
f 299//313 1//313 200//313
f 300//314 2//314 299//314
f 301//315 3//315 300//315
f 302//316 4//316 301//316
f 302//317 6//317 5//317
f 303//318 7//318 6//318
f 304//319 8//319 7//319
f 305//320 65//320 8//320
f 306//321 316//321 315//321
f 307//322 317//322 316//322
f 308//323 318//323 317//323
f 309//324 319//324 318//324
f 311//325 319//325 310//325
f 312//326 320//326 311//326
f 313//327 321//327 312//327
f 314//328 322//328 313//328
f 315//329 325//329 324//329
f 316//330 326//330 325//330
f 317//331 327//331 326//331
f 318//332 328//332 327//332
f 320//333 328//333 319//333
f 321//334 329//334 320//334
f 322//335 330//335 321//335
f 323//336 331//336 322//336
f 324//337 334//337 333//337
f 325//338 335//338 334//338
f 326//339 336//339 335//339
f 327//340 337//340 336//340
f 329//341 337//341 328//341
f 330//342 338//342 329//342
f 331//343 339//343 330//343
f 332//344 340//344 331//344
f 333//345 343//345 342//345
f 334//346 344//346 343//346
f 335//347 345//347 344//347
f 336//348 346//348 345//348
f 338//349 346//349 337//349
f 339//350 347//350 338//350
f 340//351 348//351 339//351
f 341//352 349//352 340//352
f 343//353 351//353 342//353
f 344//354 352//354 343//354
f 345//355 353//355 344//355
f 346//356 354//356 345//356
f 346//357 356//357 355//357
f 347//358 357//358 356//358
f 348//359 358//359 357//359
f 349//360 359//360 358//360
f 352//361 360//361 351//361
f 353//362 361//362 352//362
f 354//363 362//363 353//363
f 355//364 363//364 354//364
f 355//365 365//365 364//365
f 356//366 366//366 365//366
f 357//367 367//367 366//367
f 358//368 368//368 367//368
f 361//369 369//369 360//369
f 362//370 370//370 361//370
f 363//371 371//371 362//371
f 364//372 372//372 363//372
f 364//373 374//373 373//373
f 365//374 375//374 374//374
f 366//375 376//375 375//375
f 367//376 377//376 376//376
f 370//377 378//377 369//377
f 371//378 379//378 370//378
f 372//379 380//379 371//379
f 373//380 381//380 372//380
f 373//381 383//381 382//381
f 374//382 384//382 383//382
f 375//383 385//383 384//383
f 376//384 386//384 385//384
f 1//385 2//385 10//385
f 2//386 3//386 11//386
f 3//387 4//387 12//387
f 4//388 5//388 13//388
f 6//389 14//389 13//389
f 7//390 15//390 14//390
f 8//391 16//391 15//391
f 65//392 73//392 16//392
f 9//393 10//393 18//393
f 10//394 11//394 19//394
f 11//395 12//395 20//395
f 12//396 13//396 21//396
f 14//397 22//397 21//397
f 15//398 23//398 22//398
f 16//399 24//399 23//399
f 73//400 81//400 24//400
f 17//401 18//401 26//401
f 18//402 19//402 27//402
f 19//403 20//403 28//403
f 20//404 21//404 29//404
f 22//405 30//405 29//405
f 23//406 31//406 30//406
f 24//407 32//407 31//407
f 81//408 89//408 32//408
f 25//409 26//409 34//409
f 26//410 27//410 35//410
f 27//411 28//411 36//411
f 28//412 29//412 37//412
f 30//413 38//413 37//413
f 31//414 39//414 38//414
f 32//415 40//415 39//415
f 89//416 97//416 40//416
f 34//417 42//417 41//417
f 35//418 43//418 42//418
f 36//419 44//419 43//419
f 37//420 45//420 44//420
f 37//421 38//421 46//421
f 38//422 39//422 47//422
f 39//423 40//423 48//423
f 40//424 97//424 105//424
f 42//425 50//425 49//425
f 43//426 51//426 50//426
f 44//427 52//427 51//427
f 45//428 53//428 52//428
f 45//429 46//429 54//429
f 46//430 47//430 55//430
f 47//431 48//431 56//431
f 48//432 105//432 113//432
f 50//433 58//433 57//433
f 51//434 59//434 58//434
f 52//435 60//435 59//435
f 53//436 61//436 60//436
f 53//437 54//437 62//437
f 54//438 55//438 63//438
f 55//439 56//439 64//439
f 56//440 113//440 121//440
f 58//441 307//441 306//441
f 59//442 308//442 307//442
f 60//443 309//443 308//443
f 61//444 310//444 309//444
f 61//445 62//445 311//445
f 62//446 63//446 312//446
f 63//447 64//447 313//447
f 64//448 121//448 314//448
f 65//449 66//449 74//449
f 66//450 67//450 75//450
f 67//451 68//451 76//451
f 68//452 69//452 77//452
f 70//453 78//453 77//453
f 71//454 79//454 78//454
f 72//455 80//455 79//455
f 129//456 137//456 80//456
f 73//457 74//457 82//457
f 74//458 75//458 83//458
f 75//459 76//459 84//459
f 76//460 77//460 85//460
f 78//461 86//461 85//461
f 79//462 87//462 86//462
f 80//463 88//463 87//463
f 137//464 145//464 88//464
f 81//465 82//465 90//465
f 82//466 83//466 91//466
f 83//467 84//467 92//467
f 84//468 85//468 93//468
f 86//469 94//469 93//469
f 87//470 95//470 94//470
f 88//471 96//471 95//471
f 145//472 153//472 96//472
f 89//473 90//473 98//473
f 90//474 91//474 99//474
f 91//475 92//475 100//475
f 92//476 93//476 101//476
f 94//477 102//477 101//477
f 95//478 103//478 102//478
f 96//479 104//479 103//479
f 153//480 161//480 104//480
f 98//481 106//481 105//481
f 99//482 107//482 106//482
f 100//483 108//483 107//483
f 101//484 109//484 108//484
f 101//485 102//485 110//485
f 102//486 103//486 111//486
f 103//487 104//487 112//487
f 104//488 161//488 169//488
f 106//489 114//489 113//489
f 107//490 115//490 114//490
f 108//491 116//491 115//491
f 109//492 117//492 116//492
f 109//493 110//493 118//493
f 110//494 111//494 119//494
f 111//495 112//495 120//495
f 112//496 169//496 177//496
f 114//497 122//497 121//497
f 115//498 123//498 122//498
f 116//499 124//499 123//499
f 117//500 125//500 124//500
f 117//501 118//501 126//501
f 118//502 119//502 127//502
f 119//503 120//503 128//503
f 120//504 177//504 185//504
f 122//505 323//505 314//505
f 123//506 332//506 323//506
f 124//507 341//507 332//507
f 125//508 350//508 341//508
f 125//509 126//509 359//509
f 126//510 127//510 368//510
f 127//511 128//511 377//511
f 128//512 185//512 386//512
f 129//513 130//513 138//513
f 130//514 131//514 139//514
f 131//515 132//515 140//515
f 132//516 133//516 141//516
f 134//517 142//517 141//517
f 135//518 143//518 142//518
f 136//519 144//519 143//519
f 193//520 201//520 144//520
f 137//521 138//521 146//521
f 138//522 139//522 147//522
f 139//523 140//523 148//523
f 140//524 141//524 149//524
f 142//525 150//525 149//525
f 143//526 151//526 150//526
f 144//527 152//527 151//527
f 201//528 209//528 152//528
f 145//529 146//529 154//529
f 146//530 147//530 155//530
f 147//531 148//531 156//531
f 148//532 149//532 157//532
f 150//533 158//533 157//533
f 151//534 159//534 158//534
f 152//535 160//535 159//535
f 209//536 217//536 160//536
f 153//537 154//537 162//537
f 154//538 155//538 163//538
f 155//539 156//539 164//539
f 156//540 157//540 165//540
f 158//541 166//541 165//541
f 159//542 167//542 166//542
f 160//543 168//543 167//543
f 217//544 225//544 168//544
f 162//545 170//545 169//545
f 163//546 171//546 170//546
f 164//547 172//547 171//547
f 165//548 173//548 172//548
f 165//549 166//549 174//549
f 166//550 167//550 175//550
f 167//551 168//551 176//551
f 168//552 225//552 233//552
f 170//553 178//553 177//553
f 171//554 179//554 178//554
f 172//555 180//555 179//555
f 173//556 181//556 180//556
f 173//557 174//557 182//557
f 174//558 175//558 183//558
f 175//559 176//559 184//559
f 176//560 233//560 241//560
f 178//561 186//561 185//561
f 179//562 187//562 186//562
f 180//563 188//563 187//563
f 181//564 189//564 188//564
f 181//565 182//565 190//565
f 182//566 183//566 191//566
f 183//567 184//567 192//567
f 184//568 241//568 249//568
f 186//569 385//569 386//569
f 187//570 384//570 385//570
f 188//571 383//571 384//571
f 189//572 382//572 383//572
f 189//573 190//573 381//573
f 190//574 191//574 380//574
f 191//575 192//575 379//575
f 192//576 249//576 378//576
f 193//577 194//577 202//577
f 194//578 195//578 203//578
f 195//579 196//579 204//579
f 196//580 197//580 205//580
f 198//581 206//581 205//581
f 199//582 207//582 206//582
f 200//583 208//583 207//583
f 1//584 9//584 208//584
f 201//585 202//585 210//585
f 202//586 203//586 211//586
f 203//587 204//587 212//587
f 204//588 205//588 213//588
f 206//589 214//589 213//589
f 207//590 215//590 214//590
f 208//591 216//591 215//591
f 9//592 17//592 216//592
f 209//593 210//593 218//593
f 210//594 211//594 219//594
f 211//595 212//595 220//595
f 212//596 213//596 221//596
f 214//597 222//597 221//597
f 215//598 223//598 222//598
f 216//599 224//599 223//599
f 17//600 25//600 224//600
f 217//601 218//601 226//601
f 218//602 219//602 227//602
f 219//603 220//603 228//603
f 220//604 221//604 229//604
f 222//605 230//605 229//605
f 223//606 231//606 230//606
f 224//607 232//607 231//607
f 25//608 33//608 232//608
f 226//609 234//609 233//609
f 227//610 235//610 234//610
f 228//611 236//611 235//611
f 229//612 237//612 236//612
f 229//613 230//613 238//613
f 230//614 231//614 239//614
f 231//615 232//615 240//615
f 232//616 33//616 41//616
f 234//617 242//617 241//617
f 235//618 243//618 242//618
f 236//619 244//619 243//619
f 237//620 245//620 244//620
f 237//621 238//621 246//621
f 238//622 239//622 247//622
f 239//623 240//623 248//623
f 240//624 41//624 49//624
f 242//625 250//625 249//625
f 243//626 251//626 250//626
f 244//627 252//627 251//627
f 245//628 253//628 252//628
f 245//629 246//629 254//629
f 246//630 247//630 255//630
f 247//631 248//631 256//631
f 248//632 49//632 57//632
f 250//633 369//633 378//633
f 251//634 360//634 369//634
f 252//635 351//635 360//635
f 253//636 342//636 351//636
f 253//637 254//637 333//637
f 254//638 255//638 324//638
f 255//639 256//639 315//639
f 256//640 57//640 306//640
f 193//641 136//641 257//641
f 136//642 135//642 258//642
f 135//643 134//643 259//643
f 134//644 133//644 260//644
f 132//645 261//645 260//645
f 131//646 262//646 261//646
f 130//647 263//647 262//647
f 129//648 72//648 263//648
f 194//649 257//649 264//649
f 257//650 258//650 265//650
f 258//651 259//651 266//651
f 259//652 260//652 267//652
f 261//653 268//653 267//653
f 262//654 269//654 268//654
f 263//655 270//655 269//655
f 72//656 71//656 270//656
f 195//657 264//657 271//657
f 264//658 265//658 272//658
f 265//659 266//659 273//659
f 266//660 267//660 274//660
f 268//661 275//661 274//661
f 269//662 276//662 275//662
f 270//663 277//663 276//663
f 71//664 70//664 277//664
f 196//665 271//665 278//665
f 271//666 272//666 279//666
f 272//667 273//667 280//667
f 273//668 274//668 281//668
f 275//669 282//669 281//669
f 276//670 283//670 282//670
f 277//671 284//671 283//671
f 70//672 69//672 284//672
f 278//673 285//673 198//673
f 279//674 286//674 285//674
f 280//675 287//675 286//675
f 281//676 288//676 287//676
f 281//677 282//677 289//677
f 282//678 283//678 290//678
f 283//679 284//679 291//679
f 284//680 69//680 68//680
f 285//681 292//681 199//681
f 286//682 293//682 292//682
f 287//683 294//683 293//683
f 288//684 295//684 294//684
f 288//685 289//685 296//685
f 289//686 290//686 297//686
f 290//687 291//687 298//687
f 291//688 68//688 67//688
f 292//689 299//689 200//689
f 293//690 300//690 299//690
f 294//691 301//691 300//691
f 295//692 302//692 301//692
f 295//693 296//693 303//693
f 296//694 297//694 304//694
f 297//695 298//695 305//695
f 298//696 67//696 66//696
f 299//697 2//697 1//697
f 300//698 3//698 2//698
f 301//699 4//699 3//699
f 302//700 5//700 4//700
f 302//701 303//701 6//701
f 303//702 304//702 7//702
f 304//703 305//703 8//703
f 305//704 66//704 65//704
f 306//705 307//705 316//705
f 307//706 308//706 317//706
f 308//707 309//707 318//707
f 309//708 310//708 319//708
f 311//709 320//709 319//709
f 312//710 321//710 320//710
f 313//711 322//711 321//711
f 314//712 323//712 322//712
f 315//713 316//713 325//713
f 316//714 317//714 326//714
f 317//715 318//715 327//715
f 318//716 319//716 328//716
f 320//717 329//717 328//717
f 321//718 330//718 329//718
f 322//719 331//719 330//719
f 323//720 332//720 331//720
f 324//721 325//721 334//721
f 325//722 326//722 335//722
f 326//723 327//723 336//723
f 327//724 328//724 337//724
f 329//725 338//725 337//725
f 330//726 339//726 338//726
f 331//727 340//727 339//727
f 332//728 341//728 340//728
f 333//729 334//729 343//729
f 334//730 335//730 344//730
f 335//731 336//731 345//731
f 336//732 337//732 346//732
f 338//733 347//733 346//733
f 339//734 348//734 347//734
f 340//735 349//735 348//735
f 341//736 350//736 349//736
f 343//737 352//737 351//737
f 344//738 353//738 352//738
f 345//739 354//739 353//739
f 346//740 355//740 354//740
f 346//741 347//741 356//741
f 347//742 348//742 357//742
f 348//743 349//743 358//743
f 349//744 350//744 359//744
f 352//745 361//745 360//745
f 353//746 362//746 361//746
f 354//747 363//747 362//747
f 355//748 364//748 363//748
f 355//749 356//749 365//749
f 356//750 357//750 366//750
f 357//751 358//751 367//751
f 358//752 359//752 368//752
f 361//753 370//753 369//753
f 362//754 371//754 370//754
f 363//755 372//755 371//755
f 364//756 373//756 372//756
f 364//757 365//757 374//757
f 365//758 366//758 375//758
f 366//759 367//759 376//759
f 367//760 368//760 377//760
f 370//761 379//761 378//761
f 371//762 380//762 379//762
f 372//763 381//763 380//763
f 373//764 382//764 381//764
f 373//765 374//765 383//765
f 374//766 375//766 384//766
f 375//767 376//767 385//767
f 376//768 377//768 386//768
o Cone.001
v 0.577350 1.422650 -0.577350
v 0.433013 1.362622 -0.637377
v 0.288675 1.322997 -0.677003
v 0.144338 1.300298 -0.699702
v 0.000000 1.292893 -0.707107
v -0.144338 1.300298 -0.699702
v -0.288675 1.322997 -0.677003
v -0.433013 1.362622 -0.637377
v 0.637377 1.566987 -0.637377
v 0.478033 1.521967 -0.736864
v 0.318689 1.492248 -0.800391
v 0.159344 1.475223 -0.836193
v 0.000000 1.469670 -0.847791
v -0.159344 1.475223 -0.836193
v -0.318689 1.492248 -0.800391
v -0.478033 1.521967 -0.736864
v 0.677003 1.711325 -0.677003
v 0.507752 1.681311 -0.800391
v 0.338502 1.661498 -0.877971
v 0.169251 1.650149 -0.921389
v 0.000000 1.646447 -0.935414
v -0.169251 1.650149 -0.921389
v -0.338502 1.661498 -0.877971
v -0.507752 1.681311 -0.800391
v 0.699702 1.855662 -0.699702
v 0.524777 1.840656 -0.836193
v 0.349851 1.830749 -0.921389
v 0.174926 1.825074 -0.968918
v 0.000000 1.823223 -0.984251
v -0.174926 1.825074 -0.968918
v -0.349851 1.830749 -0.921389
v -0.524777 1.840656 -0.836193
v 0.707107 2.000000 -0.707107
v 0.530330 2.000000 -0.847791
v 0.353553 2.000000 -0.935414
v 0.176777 2.000000 -0.984251
v 0.000000 2.000000 -1.000000
v -0.176777 2.000000 -0.984251
v -0.353553 2.000000 -0.935414
v -0.530330 2.000000 -0.847791
v 0.699702 2.144338 -0.699702
v 0.524777 2.159344 -0.836193
v 0.349851 2.169251 -0.921389
v 0.174926 2.174926 -0.968918
v 0.000000 2.176777 -0.984251
v -0.174926 2.174926 -0.968918
v -0.349851 2.169251 -0.921389
v -0.524777 2.159344 -0.836193
v 0.677003 2.288675 -0.677003
v 0.507752 2.318689 -0.800391
v 0.338502 2.338502 -0.877971
v 0.169251 2.349851 -0.921389
v 0.000000 2.353553 -0.935414
v -0.169251 2.349851 -0.921389
v -0.338502 2.338502 -0.877971
v -0.507752 2.318689 -0.800391
v 0.637377 2.433013 -0.637377
v 0.478033 2.478033 -0.736864
v 0.318689 2.507752 -0.800391
v 0.159344 2.524777 -0.836193
v 0.000000 2.530330 -0.847791
v -0.159344 2.524777 -0.836193
v -0.318689 2.507752 -0.800391
v -0.478033 2.478033 -0.736864
v -0.577350 1.422650 -0.577350
v -0.637377 1.362622 -0.433013
v -0.677003 1.322997 -0.288675
v -0.699702 1.300298 -0.144338
v -0.707107 1.292893 0.000000
v -0.699702 1.300298 0.144338
v -0.677003 1.322997 0.288675
v -0.637377 1.362622 0.433013
v -0.637377 1.566987 -0.637377
v -0.736864 1.521967 -0.478033
v -0.800391 1.492248 -0.318689
v -0.836193 1.475223 -0.159344
v -0.847791 1.469670 0.000000
v -0.836193 1.475223 0.159344
v -0.800391 1.492248 0.318689
v -0.736864 1.521967 0.478033
v -0.677003 1.711325 -0.677003
v -0.800391 1.681311 -0.507752
v -0.877971 1.661498 -0.338502
v -0.921389 1.650149 -0.169251
v -0.935414 1.646447 0.000000
v -0.921389 1.650149 0.169251
v -0.877971 1.661498 0.338502
v -0.800391 1.681311 0.507752
v -0.699702 1.855662 -0.699702
v -0.836193 1.840656 -0.524777
v -0.921389 1.830749 -0.349851
v -0.968918 1.825074 -0.174926
v -0.984251 1.823223 0.000000
v -0.968918 1.825074 0.174926
v -0.921389 1.830749 0.349851
v -0.836193 1.840656 0.524777
v -0.707107 2.000000 -0.707107
v -0.847791 2.000000 -0.530330
v -0.935414 2.000000 -0.353553
v -0.984251 2.000000 -0.176777
v -1.000000 2.000000 0.000000
v -0.984251 2.000000 0.176777
v -0.935414 2.000000 0.353553
v -0.847791 2.000000 0.530330
v -0.699702 2.144338 -0.699702
v -0.836193 2.159344 -0.524777
v -0.921389 2.169251 -0.349851
v -0.968918 2.174926 -0.174926
v -0.984251 2.176777 0.000000
v -0.968918 2.174926 0.174926
v -0.921389 2.169251 0.349851
v -0.836193 2.159344 0.524777
v -0.677003 2.288675 -0.677003
v -0.800391 2.318689 -0.507752
v -0.877971 2.338502 -0.338502
v -0.921389 2.349851 -0.169251
v -0.935414 2.353553 0.000000
v -0.921389 2.349851 0.169251
v -0.877971 2.338502 0.338502
v -0.800391 2.318689 0.507752
v -0.637377 2.433013 -0.637377
v -0.736864 2.478033 -0.478033
v -0.800391 2.507752 -0.318689
v -0.836193 2.524777 -0.159344
v -0.847791 2.530330 0.000000
v -0.836193 2.524777 0.159344
v -0.800391 2.507752 0.318689
v -0.736864 2.478033 0.478033
v -0.577350 1.422650 0.577350
v -0.433013 1.362622 0.637377
v -0.288675 1.322997 0.677003
v -0.144338 1.300298 0.699702
v 0.000000 1.292893 0.707107
v 0.144338 1.300298 0.699702
v 0.288675 1.322997 0.677003
v 0.433013 1.362622 0.637377
v -0.637377 1.566987 0.637377
v -0.478033 1.521967 0.736864
v -0.318689 1.492248 0.800391
v -0.159344 1.475223 0.836193
v 0.000000 1.469670 0.847791
v 0.159344 1.475223 0.836193
v 0.318689 1.492248 0.800391
v 0.478033 1.521967 0.736864
v -0.677003 1.711325 0.677003
v -0.507752 1.681311 0.800391
v -0.338502 1.661498 0.877971
v -0.169251 1.650149 0.921389
v 0.000000 1.646447 0.935414
v 0.169251 1.650149 0.921389
v 0.338502 1.661498 0.877971
v 0.507752 1.681311 0.800391
v -0.699702 1.855662 0.699702
v -0.524777 1.840656 0.836193
v -0.349851 1.830749 0.921389
v -0.174926 1.825074 0.968918
v 0.000000 1.823223 0.984251
v 0.174926 1.825074 0.968918
v 0.349851 1.830749 0.921389
v 0.524777 1.840656 0.836193
v -0.707107 2.000000 0.707107
v -0.530330 2.000000 0.847791
v -0.353553 2.000000 0.935414
v -0.176777 2.000000 0.984251
v 0.000000 2.000000 1.000000
v 0.176777 2.000000 0.984251
v 0.353553 2.000000 0.935414
v 0.530330 2.000000 0.847791
v -0.699702 2.144338 0.699702
v -0.524777 2.159344 0.836193
v -0.349851 2.169251 0.921389
v -0.174926 2.174926 0.968918
v 0.000000 2.176777 0.984251
v 0.174926 2.174926 0.968918
v 0.349851 2.169251 0.921389
v 0.524777 2.159344 0.836193
v -0.677003 2.288675 0.677003
v -0.507752 2.318689 0.800391
v -0.338502 2.338502 0.877971
v -0.169251 2.349851 0.921389
v 0.000000 2.353553 0.935414
v 0.169251 2.349851 0.921389
v 0.338502 2.338502 0.877971
v 0.507752 2.318689 0.800391
v -0.637377 2.433013 0.637377
v -0.478033 2.478033 0.736864
v -0.318689 2.507752 0.800391
v -0.159344 2.524777 0.836193
v 0.000000 2.530330 0.847791
v 0.159344 2.524777 0.836193
v 0.318689 2.507752 0.800391
v 0.478033 2.478033 0.736864
v 0.577350 1.422650 0.577350
v 0.637377 1.362622 0.433013
v 0.677003 1.322997 0.288675
v 0.699702 1.300298 0.144338
v 0.707107 1.292893 0.000000
v 0.699702 1.300298 -0.144338
v 0.677003 1.322997 -0.288675
v 0.637377 1.362622 -0.433013
v 0.637377 1.566987 0.637377
v 0.736864 1.521967 0.478033
v 0.800391 1.492248 0.318689
v 0.836193 1.475223 0.159344
v 0.847791 1.469670 0.000000
v 0.836193 1.475223 -0.159344
v 0.800391 1.492248 -0.318689
v 0.736864 1.521967 -0.478033
v 0.677003 1.711325 0.677003
v 0.800391 1.681311 0.507752
v 0.877971 1.661498 0.338502
v 0.921389 1.650149 0.169251
v 0.935414 1.646447 0.000000
v 0.921389 1.650149 -0.169251
v 0.877971 1.661498 -0.338502
v 0.800391 1.681311 -0.507752
v 0.699702 1.855662 0.699702
v 0.836193 1.840656 0.524777
v 0.921389 1.830749 0.349851
v 0.968918 1.825074 0.174926
v 0.984251 1.823223 0.000000
v 0.968918 1.825074 -0.174926
v 0.921389 1.830749 -0.349851
v 0.836193 1.840656 -0.524777
v 0.707107 2.000000 0.707107
v 0.847791 2.000000 0.530330
v 0.935414 2.000000 0.353553
v 0.984251 2.000000 0.176777
v 1.000000 2.000000 0.000000
v 0.984251 2.000000 -0.176777
v 0.935414 2.000000 -0.353553
v 0.847791 2.000000 -0.530330
v 0.699702 2.144338 0.699702
v 0.836193 2.159344 0.524777
v 0.921389 2.169251 0.349851
v 0.968918 2.174926 0.174926
v 0.984251 2.176777 0.000000
v 0.968918 2.174926 -0.174926
v 0.921389 2.169251 -0.349851
v 0.836193 2.159344 -0.524777
v 0.677003 2.288675 0.677003
v 0.800391 2.318689 0.507752
v 0.877971 2.338502 0.338502
v 0.921389 2.349851 0.169251
v 0.935414 2.353553 0.000000
v 0.921389 2.349851 -0.169251
v 0.877971 2.338502 -0.338502
v 0.800391 2.318689 -0.507752
v 0.637377 2.433013 0.637377
v 0.736864 2.478033 0.478033
v 0.800391 2.507752 0.318689
v 0.836193 2.524777 0.159344
v 0.847791 2.530330 0.000000
v 0.836193 2.524777 -0.159344
v 0.800391 2.507752 -0.318689
v 0.736864 2.478033 -0.478033
v 0.478033 1.263136 0.478033
v 0.318689 1.199610 0.507752
v 0.159344 1.163807 0.524777
v 0.000000 1.152209 0.530330
v -0.159344 1.163807 0.524777
v -0.318689 1.199610 0.507752
v -0.478033 1.263136 0.478033
v 0.507752 1.199610 0.318689
v 0.338502 1.122029 0.338502
v 0.169251 1.078611 0.349851
v 0.000000 1.064586 0.353553
v -0.169251 1.078611 0.349851
v -0.338502 1.122029 0.338502
v -0.507752 1.199610 0.318689
v 0.524777 1.163807 0.159344
v 0.349851 1.078611 0.169251
v 0.174926 1.031082 0.174926
v 0.000000 1.015749 0.176777
v -0.174926 1.031082 0.174926
v -0.349851 1.078611 0.169251
v -0.524777 1.163807 0.159344
v 0.530330 1.152209 0.000000
v 0.353553 1.064586 0.000000
v 0.176777 1.015749 0.000000
v 0.000000 1.000000 0.000000
v -0.176777 1.015749 0.000000
v -0.353553 1.064586 0.000000
v -0.530330 1.152209 0.000000
v 0.524777 1.163807 -0.159344
v 0.349851 1.078611 -0.169251
v 0.174926 1.031082 -0.174926
v 0.000000 1.015749 -0.176777
v -0.174926 1.031082 -0.174926
v -0.349851 1.078611 -0.169251
v -0.524777 1.163807 -0.159344
v 0.507752 1.199610 -0.318689
v 0.338502 1.122029 -0.338502
v 0.169251 1.078611 -0.349851
v 0.000000 1.064586 -0.353553
v -0.169251 1.078611 -0.349851
v -0.338502 1.122029 -0.338502
v -0.507752 1.199610 -0.318689
v 0.478033 1.263136 -0.478033
v 0.318689 1.199610 -0.507752
v 0.159344 1.163807 -0.524777
v 0.000000 1.152209 -0.530330
v -0.159344 1.163807 -0.524777
v -0.318689 1.199610 -0.507752
v -0.478033 1.263136 -0.478033
v 0.577350 2.577350 -0.577350
v 0.433013 2.637378 -0.637377
v 0.288675 2.677003 -0.677003
v 0.144338 2.699702 -0.699702
v 0.000000 2.707107 -0.707107
v -0.144338 2.699702 -0.699702
v -0.288675 2.677003 -0.677003
v -0.433013 2.637378 -0.637377
v -0.577350 2.577350 -0.577350
v 0.637377 2.637378 -0.433013
v 0.478033 2.736864 -0.478033
v 0.318689 2.800390 -0.507752
v 0.159344 2.836193 -0.524777
v 0.000000 2.847791 -0.530330
v -0.159344 2.836193 -0.524777
v -0.318689 2.800390 -0.507752
v -0.478033 2.736864 -0.478033
v -0.637377 2.637378 -0.433013
v 0.677003 2.677003 -0.288675
v 0.507752 2.800390 -0.318689
v 0.338502 2.877971 -0.338502
v 0.169251 2.921389 -0.349851
v 0.000000 2.935414 -0.353553
v -0.169251 2.921389 -0.349851
v -0.338502 2.877971 -0.338502
v -0.507752 2.800390 -0.318689
v -0.677003 2.677003 -0.288675
v 0.699702 2.699702 -0.144338
v 0.524777 2.836193 -0.159344
v 0.349851 2.921389 -0.169251
v 0.174926 2.968918 -0.174926
v 0.000000 2.984251 -0.176777
v -0.174926 2.968918 -0.174926
v -0.349851 2.921389 -0.169251
v -0.524777 2.836193 -0.159344
v -0.699702 2.699702 -0.144338
v 0.707107 2.707107 0.000000
v 0.530330 2.847791 0.000000
v 0.353553 2.935414 0.000000
v 0.176777 2.984251 0.000000
v 0.000000 3.000000 0.000000
v -0.176777 2.984251 0.000000
v -0.353553 2.935414 0.000000
v -0.530330 2.847791 0.000000
v -0.707107 2.707107 0.000000
v 0.699702 2.699702 0.144338
v 0.524777 2.836193 0.159344
v 0.349851 2.921389 0.169251
v 0.174926 2.968918 0.174926
v 0.000000 2.984251 0.176777
v -0.174926 2.968918 0.174926
v -0.349851 2.921389 0.169251
v -0.524777 2.836193 0.159344
v -0.699702 2.699702 0.144338
v 0.677003 2.677003 0.288675
v 0.507752 2.800390 0.318689
v 0.338502 2.877971 0.338502
v 0.169251 2.921389 0.349851
v 0.000000 2.935414 0.353553
v -0.169251 2.921389 0.349851
v -0.338502 2.877971 0.338502
v -0.507752 2.800390 0.318689
v -0.677003 2.677003 0.288675
v 0.637377 2.637378 0.433013
v 0.478033 2.736864 0.478033
v 0.318689 2.800390 0.507752
v 0.159344 2.836193 0.524777
v 0.000000 2.847791 0.530330
v -0.159344 2.836193 0.524777
v -0.318689 2.800390 0.507752
v -0.478033 2.736864 0.478033
v -0.637377 2.637378 0.433013
v 0.577350 2.577350 0.577350
v 0.433013 2.637378 0.637377
v 0.288675 2.677003 0.677003
v 0.144338 2.699702 0.699702
v 0.000000 2.707107 0.707107
v -0.144338 2.699702 0.699702
v -0.288675 2.677003 0.677003
v -0.433013 2.637378 0.637377
v -0.577350 2.577350 0.577350
vn 0.5552 -0.5056 -0.6604
vn 0.3944 -0.5643 -0.7253
vn 0.2359 -0.5994 -0.7649
vn 0.0785 -0.6174 -0.7827
vn -0.0719 -0.6211 -0.7804
vn -0.2159 -0.6121 -0.7607
vn -0.3604 -0.5904 -0.7222
vn -0.5056 -0.5552 -0.6604
vn 0.5904 -0.3604 -0.7222
vn 0.4200 -0.4026 -0.8134
vn 0.2514 -0.4275 -0.8684
vn 0.0837 -0.4402 -0.8940
vn -0.0804 -0.4427 -0.8931
vn -0.2414 -0.4359 -0.8670
vn -0.4026 -0.4200 -0.8134
vn -0.5643 -0.3944 -0.7253
vn 0.6121 -0.2159 -0.7607
vn 0.4359 -0.2414 -0.8670
vn 0.2612 -0.2563 -0.9307
vn 0.0870 -0.2638 -0.9606
vn -0.0854 -0.2653 -0.9604
vn -0.2563 -0.2612 -0.9307
vn -0.4275 -0.2514 -0.8684
vn -0.5994 -0.2359 -0.7649
vn 0.6211 -0.0719 -0.7804
vn 0.4427 -0.0804 -0.8931
vn 0.2653 -0.0854 -0.9604
vn 0.0884 -0.0879 -0.9922
vn -0.0879 -0.0884 -0.9922
vn -0.2638 -0.0870 -0.9606
vn -0.4402 -0.0837 -0.8940
vn -0.6174 -0.0785 -0.7827
vn 0.6211 0.0719 -0.7804
vn 0.4427 0.0804 -0.8931
vn 0.2653 0.0854 -0.9604
vn 0.0884 0.0879 -0.9922
vn -0.0879 0.0884 -0.9922
vn -0.2638 0.0870 -0.9606
vn -0.4402 0.0837 -0.8940
vn -0.6174 0.0785 -0.7827
vn 0.6121 0.2159 -0.7607
vn 0.4359 0.2414 -0.8670
vn 0.2612 0.2563 -0.9307
vn 0.0870 0.2638 -0.9606
vn -0.0854 0.2653 -0.9604
vn -0.2563 0.2612 -0.9307
vn -0.4275 0.2514 -0.8684
vn -0.5994 0.2359 -0.7649
vn 0.5904 0.3604 -0.7222
vn 0.4200 0.4026 -0.8134
vn 0.2514 0.4275 -0.8684
vn 0.0837 0.4402 -0.8940
vn -0.0804 0.4427 -0.8931
vn -0.2414 0.4359 -0.8670
vn -0.4026 0.4200 -0.8134
vn -0.5643 0.3944 -0.7253
vn 0.5552 0.5056 -0.6604
vn 0.3944 0.5643 -0.7253
vn 0.2359 0.5994 -0.7649
vn 0.0785 0.6174 -0.7827
vn -0.0719 0.6211 -0.7804
vn -0.2159 0.6121 -0.7607
vn -0.3604 0.5904 -0.7222
vn -0.5056 0.5552 -0.6604
vn -0.6604 -0.5056 -0.5552
vn -0.7253 -0.5643 -0.3944
vn -0.7649 -0.5994 -0.2359
vn -0.7827 -0.6174 -0.0785
vn -0.7804 -0.6211 0.0719
vn -0.7607 -0.6121 0.2159
vn -0.7222 -0.5904 0.3604
vn -0.6604 -0.5552 0.5056
vn -0.7222 -0.3604 -0.5904
vn -0.8134 -0.4026 -0.4200
vn -0.8684 -0.4275 -0.2514
vn -0.8940 -0.4402 -0.0837
vn -0.8931 -0.4427 0.0804
vn -0.8670 -0.4359 0.2414
vn -0.8134 -0.4200 0.4026
vn -0.7253 -0.3944 0.5643
vn -0.7607 -0.2159 -0.6121
vn -0.8670 -0.2414 -0.4359
vn -0.9307 -0.2563 -0.2612
vn -0.9606 -0.2638 -0.0870
vn -0.9604 -0.2653 0.0854
vn -0.9307 -0.2612 0.2563
vn -0.8684 -0.2514 0.4275
vn -0.7649 -0.2359 0.5994
vn -0.7804 -0.0719 -0.6211
vn -0.8931 -0.0804 -0.4427
vn -0.9604 -0.0854 -0.2653
vn -0.9922 -0.0879 -0.0884
vn -0.9922 -0.0884 0.0879
vn -0.9606 -0.0870 0.2638
vn -0.8940 -0.0837 0.4402
vn -0.7827 -0.0785 0.6174
vn -0.7804 0.0719 -0.6211
vn -0.8931 0.0804 -0.4427
vn -0.9604 0.0854 -0.2653
vn -0.9922 0.0879 -0.0884
vn -0.9922 0.0884 0.0879
vn -0.9606 0.0870 0.2638
vn -0.8940 0.0837 0.4402
vn -0.7827 0.0785 0.6174
vn -0.7607 0.2159 -0.6121
vn -0.8670 0.2414 -0.4359
vn -0.9307 0.2563 -0.2612
vn -0.9606 0.2638 -0.0870
vn -0.9604 0.2653 0.0854
vn -0.9307 0.2612 0.2563
vn -0.8684 0.2514 0.4275
vn -0.7649 0.2359 0.5994
vn -0.7222 0.3604 -0.5904
vn -0.8134 0.4026 -0.4200
vn -0.8684 0.4275 -0.2514
vn -0.8940 0.4402 -0.0837
vn -0.8931 0.4427 0.0804
vn -0.8670 0.4359 0.2414
vn -0.8134 0.4200 0.4026
vn -0.7253 0.3944 0.5643
vn -0.6604 0.5056 -0.5552
vn -0.7253 0.5643 -0.3944
vn -0.7649 0.5994 -0.2359
vn -0.7827 0.6174 -0.0785
vn -0.7804 0.6211 0.0719
vn -0.7607 0.6121 0.2159
vn -0.7222 0.5904 0.3604
vn -0.6604 0.5552 0.5056
vn -0.5552 -0.5056 0.6604
vn -0.3944 -0.5643 0.7253
vn -0.2359 -0.5994 0.7649
vn -0.0785 -0.6174 0.7827
vn 0.0719 -0.6211 0.7804
vn 0.2159 -0.6121 0.7607
vn 0.3604 -0.5904 0.7222
vn 0.5056 -0.5552 0.6604
vn -0.5904 -0.3604 0.7222
vn -0.4200 -0.4026 0.8134
vn -0.2514 -0.4275 0.8684
vn -0.0837 -0.4402 0.8940
vn 0.0804 -0.4427 0.8931
vn 0.2414 -0.4359 0.8670
vn 0.4026 -0.4200 0.8134
vn 0.5643 -0.3944 0.7253
vn -0.6121 -0.2159 0.7607
vn -0.4359 -0.2414 0.8670
vn -0.2612 -0.2563 0.9307
vn -0.0870 -0.2638 0.9606
vn 0.0854 -0.2653 0.9604
vn 0.2563 -0.2612 0.9307
vn 0.4275 -0.2514 0.8684
vn 0.5994 -0.2359 0.7649
vn -0.6211 -0.0719 0.7804
vn -0.4427 -0.0804 0.8931
vn -0.2653 -0.0854 0.9604
vn -0.0884 -0.0879 0.9922
vn 0.0879 -0.0884 0.9922
vn 0.2638 -0.0870 0.9606
vn 0.4402 -0.0837 0.8940
vn 0.6174 -0.0785 0.7827
vn -0.6211 0.0719 0.7804
vn -0.4427 0.0804 0.8931
vn -0.2653 0.0854 0.9604
vn -0.0884 0.0879 0.9922
vn 0.0879 0.0884 0.9922
vn 0.2638 0.0870 0.9606
vn 0.4402 0.0837 0.8940
vn 0.6174 0.0785 0.7827
vn -0.6121 0.2159 0.7607
vn -0.4359 0.2414 0.8670
vn -0.2612 0.2563 0.9307
vn -0.0870 0.2638 0.9606
vn 0.0854 0.2653 0.9604
vn 0.2563 0.2612 0.9307
vn 0.4275 0.2514 0.8684
vn 0.5994 0.2359 0.7649
vn -0.5904 0.3604 0.7222
vn -0.4200 0.4026 0.8134
vn -0.2514 0.4275 0.8684
vn -0.0837 0.4402 0.8940
vn 0.0804 0.4427 0.8931
vn 0.2414 0.4359 0.8670
vn 0.4026 0.4200 0.8134
vn 0.5643 0.3944 0.7253
vn -0.5552 0.5056 0.6604
vn -0.3944 0.5643 0.7253
vn -0.2359 0.5994 0.7649
vn -0.0785 0.6174 0.7827
vn 0.0719 0.6211 0.7804
vn 0.2159 0.6121 0.7607
vn 0.3604 0.5904 0.7222
vn 0.5056 0.5552 0.6604
vn 0.6604 -0.5056 0.5552
vn 0.7253 -0.5643 0.3944
vn 0.7649 -0.5994 0.2359
vn 0.7827 -0.6174 0.0785
vn 0.7804 -0.6211 -0.0719
vn 0.7607 -0.6121 -0.2159
vn 0.7222 -0.5904 -0.3604
vn 0.6604 -0.5552 -0.5056
vn 0.7222 -0.3604 0.5904
vn 0.8134 -0.4026 0.4200
vn 0.8684 -0.4275 0.2514
vn 0.8940 -0.4402 0.0837
vn 0.8931 -0.4427 -0.0804
vn 0.8670 -0.4359 -0.2414
vn 0.8134 -0.4200 -0.4026
vn 0.7253 -0.3944 -0.5643
vn 0.7607 -0.2159 0.6121
vn 0.8670 -0.2414 0.4359
vn 0.9307 -0.2563 0.2612
vn 0.9606 -0.2638 0.0870
vn 0.9604 -0.2653 -0.0854
vn 0.9307 -0.2612 -0.2563
vn 0.8684 -0.2514 -0.4275
vn 0.7649 -0.2359 -0.5994
vn 0.7804 -0.0719 0.6211
vn 0.8931 -0.0804 0.4427
vn 0.9604 -0.0854 0.2653
vn 0.9922 -0.0879 0.0884
vn 0.9922 -0.0884 -0.0879
vn 0.9606 -0.0870 -0.2638
vn 0.8940 -0.0837 -0.4402
vn 0.7827 -0.0785 -0.6174
vn 0.7804 0.0719 0.6211
vn 0.8931 0.0804 0.4427
vn 0.9604 0.0854 0.2653
vn 0.9922 0.0879 0.0884
vn 0.9922 0.0884 -0.0879
vn 0.9606 0.0870 -0.2638
vn 0.8940 0.0837 -0.4402
vn 0.7827 0.0785 -0.6174
vn 0.7607 0.2159 0.6121
vn 0.8670 0.2414 0.4359
vn 0.9307 0.2563 0.2612
vn 0.9606 0.2638 0.0870
vn 0.9604 0.2653 -0.0854
vn 0.9307 0.2612 -0.2563
vn 0.8684 0.2514 -0.4275
vn 0.7649 0.2359 -0.5994
vn 0.7222 0.3604 0.5904
vn 0.8134 0.4026 0.4200
vn 0.8684 0.4275 0.2514
vn 0.8940 0.4402 0.0837
vn 0.8931 0.4427 -0.0804
vn 0.8670 0.4359 -0.2414
vn 0.8134 0.4200 -0.4026
vn 0.7253 0.3944 -0.5643
vn 0.6604 0.5056 0.5552
vn 0.7253 0.5643 0.3944
vn 0.7649 0.5994 0.2359
vn 0.7827 0.6174 0.0785
vn 0.7804 0.6211 -0.0719
vn 0.7607 0.6121 -0.2159
vn 0.7222 0.5904 -0.3604
vn 0.6604 0.5552 -0.5056
vn 0.5552 -0.6604 0.5056
vn 0.3944 -0.7253 0.5643
vn 0.2359 -0.7649 0.5994
vn 0.0785 -0.7827 0.6174
vn -0.0719 -0.7804 0.6211
vn -0.2159 -0.7607 0.6121
vn -0.3604 -0.7222 0.5904
vn -0.5056 -0.6604 0.5552
vn 0.5904 -0.7222 0.3604
vn 0.4200 -0.8134 0.4026
vn 0.2514 -0.8684 0.4275
vn 0.0837 -0.8940 0.4402
vn -0.0804 -0.8931 0.4427
vn -0.2414 -0.8670 0.4359
vn -0.4026 -0.8134 0.4200
vn -0.5643 -0.7253 0.3944
vn 0.6121 -0.7607 0.2159
vn 0.4359 -0.8670 0.2414
vn 0.2612 -0.9307 0.2563
vn 0.0870 -0.9606 0.2638
vn -0.0854 -0.9604 0.2653
vn -0.2563 -0.9307 0.2612
vn -0.4275 -0.8684 0.2514
vn -0.5994 -0.7649 0.2359
vn 0.6211 -0.7804 0.0719
vn 0.4427 -0.8931 0.0804
vn 0.2653 -0.9604 0.0854
vn 0.0884 -0.9922 0.0879
vn -0.0879 -0.9922 0.0884
vn -0.2638 -0.9606 0.0870
vn -0.4402 -0.8940 0.0837
vn -0.6174 -0.7827 0.0785
vn 0.6211 -0.7804 -0.0719
vn 0.4427 -0.8931 -0.0804
vn 0.2653 -0.9604 -0.0854
vn 0.0884 -0.9922 -0.0879
vn -0.0879 -0.9922 -0.0884
vn -0.2638 -0.9606 -0.0870
vn -0.4402 -0.8940 -0.0837
vn -0.6174 -0.7827 -0.0785
vn 0.6121 -0.7607 -0.2159
vn 0.4359 -0.8670 -0.2414
vn 0.2612 -0.9307 -0.2563
vn 0.0870 -0.9606 -0.2638
vn -0.0854 -0.9604 -0.2653
vn -0.2563 -0.9307 -0.2612
vn -0.4275 -0.8684 -0.2514
vn -0.5994 -0.7649 -0.2359
vn 0.5904 -0.7222 -0.3604
vn 0.4200 -0.8134 -0.4026
vn 0.2514 -0.8684 -0.4275
vn 0.0837 -0.8940 -0.4402
vn -0.0804 -0.8931 -0.4427
vn -0.2414 -0.8670 -0.4359
vn -0.4026 -0.8134 -0.4200
vn -0.5643 -0.7253 -0.3944
vn 0.5552 -0.6604 -0.5056
vn 0.3944 -0.7253 -0.5643
vn 0.2359 -0.7649 -0.5994
vn 0.0785 -0.7827 -0.6174
vn -0.0719 -0.7804 -0.6211
vn -0.2159 -0.7607 -0.6121
vn -0.3604 -0.7222 -0.5904
vn -0.5056 -0.6604 -0.5552
vn 0.5552 0.6604 -0.5056
vn 0.3944 0.7253 -0.5643
vn 0.2359 0.7649 -0.5994
vn 0.0785 0.7827 -0.6174
vn -0.0719 0.7804 -0.6211
vn -0.2159 0.7607 -0.6121
vn -0.3604 0.7222 -0.5904
vn -0.5056 0.6604 -0.5552
vn 0.5904 0.7222 -0.3604
vn 0.4200 0.8134 -0.4026
vn 0.2514 0.8684 -0.4275
vn 0.0837 0.8940 -0.4402
vn -0.0804 0.8931 -0.4427
vn -0.2414 0.8670 -0.4359
vn -0.4026 0.8134 -0.4200
vn -0.5643 0.7253 -0.3944
vn 0.6121 0.7607 -0.2159
vn 0.4359 0.8670 -0.2414
vn 0.2612 0.9307 -0.2563
vn 0.0870 0.9606 -0.2638
vn -0.0854 0.9604 -0.2653
vn -0.2563 0.9307 -0.2612
vn -0.4275 0.8684 -0.2514
vn -0.5994 0.7649 -0.2359
vn 0.6211 0.7804 -0.0719
vn 0.4427 0.8931 -0.0804
vn 0.2653 0.9604 -0.0854
vn 0.0884 0.9922 -0.0879
vn -0.0879 0.9922 -0.0884
vn -0.2638 0.9606 -0.0870
vn -0.4402 0.8940 -0.0837
vn -0.6174 0.7827 -0.0785
vn 0.6211 0.7804 0.0719
vn 0.4427 0.8931 0.0804
vn 0.2653 0.9604 0.0854
vn 0.0884 0.9922 0.0879
vn -0.0879 0.9922 0.0884
vn -0.2638 0.9606 0.0870
vn -0.4402 0.8940 0.0837
vn -0.6174 0.7827 0.0785
vn 0.6121 0.7607 0.2159
vn 0.4359 0.8670 0.2414
vn 0.2612 0.9307 0.2563
vn 0.0870 0.9606 0.2638
vn -0.0854 0.9604 0.2653
vn -0.2563 0.9307 0.2612
vn -0.4275 0.8684 0.2514
vn -0.5994 0.7649 0.2359
vn 0.5904 0.7222 0.3604
vn 0.4200 0.8134 0.4026
vn 0.2514 0.8684 0.4275
vn 0.0837 0.8940 0.4402
vn -0.0804 0.8931 0.4427
vn -0.2414 0.8670 0.4359
vn -0.4026 0.8134 0.4200
vn -0.5643 0.7253 0.3944
vn 0.5552 0.6604 0.5056
vn 0.3944 0.7253 0.5643
vn 0.2359 0.7649 0.5994
vn 0.0785 0.7827 0.6174
vn -0.0719 0.7804 0.6211
vn -0.2159 0.7607 0.6121
vn -0.3604 0.7222 0.5904
vn -0.5056 0.6604 0.5552
vn 0.5056 -0.5552 -0.6604
vn 0.3604 -0.5904 -0.7222
vn 0.2159 -0.6121 -0.7607
vn 0.0719 -0.6211 -0.7804
vn -0.0785 -0.6174 -0.7827
vn -0.2359 -0.5994 -0.7649
vn -0.3944 -0.5643 -0.7253
vn -0.5552 -0.5056 -0.6604
vn 0.5643 -0.3944 -0.7253
vn 0.4026 -0.4200 -0.8134
vn 0.2414 -0.4359 -0.8670
vn 0.0804 -0.4427 -0.8931
vn -0.0837 -0.4402 -0.8940
vn -0.2514 -0.4275 -0.8684
vn -0.4200 -0.4026 -0.8134
vn -0.5904 -0.3604 -0.7222
vn 0.5994 -0.2359 -0.7649
vn 0.4275 -0.2514 -0.8684
vn 0.2563 -0.2612 -0.9307
vn 0.0854 -0.2653 -0.9604
vn -0.0870 -0.2638 -0.9606
vn -0.2612 -0.2563 -0.9307
vn -0.4359 -0.2414 -0.8670
vn -0.6121 -0.2159 -0.7607
vn 0.6174 -0.0785 -0.7827
vn 0.4402 -0.0837 -0.8940
vn 0.2638 -0.0870 -0.9606
vn 0.0879 -0.0884 -0.9922
vn -0.0884 -0.0879 -0.9922
vn -0.2653 -0.0854 -0.9604
vn -0.4427 -0.0804 -0.8931
vn -0.6211 -0.0719 -0.7804
vn 0.6174 0.0785 -0.7827
vn 0.4402 0.0837 -0.8940
vn 0.2638 0.0870 -0.9606
vn 0.0879 0.0884 -0.9922
vn -0.0884 0.0879 -0.9922
vn -0.2653 0.0854 -0.9604
vn -0.4427 0.0804 -0.8931
vn -0.6211 0.0719 -0.7804
vn 0.5994 0.2359 -0.7649
vn 0.4275 0.2514 -0.8684
vn 0.2563 0.2612 -0.9307
vn 0.0854 0.2653 -0.9604
vn -0.0870 0.2638 -0.9606
vn -0.2612 0.2563 -0.9307
vn -0.4359 0.2414 -0.8670
vn -0.6121 0.2159 -0.7607
vn 0.5643 0.3944 -0.7253
vn 0.4026 0.4200 -0.8134
vn 0.2414 0.4359 -0.8670
vn 0.0804 0.4427 -0.8931
vn -0.0837 0.4402 -0.8940
vn -0.2514 0.4275 -0.8684
vn -0.4200 0.4026 -0.8134
vn -0.5904 0.3604 -0.7222
vn 0.5056 0.5552 -0.6604
vn 0.3604 0.5904 -0.7222
vn 0.2159 0.6121 -0.7607
vn 0.0719 0.6211 -0.7804
vn -0.0785 0.6174 -0.7827
vn -0.2359 0.5994 -0.7649
vn -0.3944 0.5643 -0.7253
vn -0.5552 0.5056 -0.6604
vn -0.6604 -0.5552 -0.5056
vn -0.7222 -0.5904 -0.3604
vn -0.7607 -0.6121 -0.2159
vn -0.7804 -0.6211 -0.0719
vn -0.7827 -0.6174 0.0785
vn -0.7649 -0.5994 0.2359
vn -0.7253 -0.5643 0.3944
vn -0.6604 -0.5056 0.5552
vn -0.7253 -0.3944 -0.5643
vn -0.8134 -0.4200 -0.4026
vn -0.8670 -0.4359 -0.2414
vn -0.8931 -0.4427 -0.0804
vn -0.8940 -0.4402 0.0837
vn -0.8684 -0.4275 0.2514
vn -0.8134 -0.4026 0.4200
vn -0.7222 -0.3604 0.5904
vn -0.7649 -0.2359 -0.5994
vn -0.8684 -0.2514 -0.4275
vn -0.9307 -0.2612 -0.2563
vn -0.9604 -0.2653 -0.0854
vn -0.9606 -0.2638 0.0870
vn -0.9307 -0.2563 0.2612
vn -0.8670 -0.2414 0.4359
vn -0.7607 -0.2159 0.6121
vn -0.7827 -0.0785 -0.6174
vn -0.8940 -0.0837 -0.4402
vn -0.9606 -0.0870 -0.2638
vn -0.9922 -0.0884 -0.0879
vn -0.9922 -0.0879 0.0884
vn -0.9604 -0.0854 0.2653
vn -0.8931 -0.0804 0.4427
vn -0.7804 -0.0719 0.6211
vn -0.7827 0.0785 -0.6174
vn -0.8940 0.0837 -0.4402
vn -0.9606 0.0870 -0.2638
vn -0.9922 0.0884 -0.0879
vn -0.9922 0.0879 0.0884
vn -0.9604 0.0854 0.2653
vn -0.8931 0.0804 0.4427
vn -0.7804 0.0719 0.6211
vn -0.7649 0.2359 -0.5994
vn -0.8684 0.2514 -0.4275
vn -0.9307 0.2612 -0.2563
vn -0.9604 0.2653 -0.0854
vn -0.9606 0.2638 0.0870
vn -0.9307 0.2563 0.2612
vn -0.8670 0.2414 0.4359
vn -0.7607 0.2159 0.6121
vn -0.7253 0.3944 -0.5643
vn -0.8134 0.4200 -0.4026
vn -0.8670 0.4359 -0.2414
vn -0.8931 0.4427 -0.0804
vn -0.8940 0.4402 0.0837
vn -0.8684 0.4275 0.2514
vn -0.8134 0.4026 0.4200
vn -0.7222 0.3604 0.5904
vn -0.6604 0.5552 -0.5056
vn -0.7222 0.5904 -0.3604
vn -0.7607 0.6121 -0.2159
vn -0.7804 0.6211 -0.0719
vn -0.7827 0.6174 0.0785
vn -0.7649 0.5994 0.2359
vn -0.7253 0.5643 0.3944
vn -0.6604 0.5056 0.5552
vn -0.5056 -0.5552 0.6604
vn -0.3604 -0.5904 0.7222
vn -0.2159 -0.6121 0.7607
vn -0.0719 -0.6211 0.7804
vn 0.0785 -0.6174 0.7827
vn 0.2359 -0.5994 0.7649
vn 0.3944 -0.5643 0.7253
vn 0.5552 -0.5056 0.6604
vn -0.5643 -0.3944 0.7253
vn -0.4026 -0.4200 0.8134
vn -0.2414 -0.4359 0.8670
vn -0.0804 -0.4427 0.8931
vn 0.0837 -0.4402 0.8940
vn 0.2514 -0.4275 0.8684
vn 0.4200 -0.4026 0.8134
vn 0.5904 -0.3604 0.7222
vn -0.5994 -0.2359 0.7649
vn -0.4275 -0.2514 0.8684
vn -0.2563 -0.2612 0.9307
vn -0.0854 -0.2653 0.9604
vn 0.0870 -0.2638 0.9606
vn 0.2612 -0.2563 0.9307
vn 0.4359 -0.2414 0.8670
vn 0.6121 -0.2159 0.7607
vn -0.6174 -0.0785 0.7827
vn -0.4402 -0.0837 0.8940
vn -0.2638 -0.0870 0.9606
vn -0.0879 -0.0884 0.9922
vn 0.0884 -0.0879 0.9922
vn 0.2653 -0.0854 0.9604
vn 0.4427 -0.0804 0.8931
vn 0.6211 -0.0719 0.7804
vn -0.6174 0.0785 0.7827
vn -0.4402 0.0837 0.8940
vn -0.2638 0.0870 0.9606
vn -0.0879 0.0884 0.9922
vn 0.0884 0.0879 0.9922
vn 0.2653 0.0854 0.9604
vn 0.4427 0.0804 0.8931
vn 0.6211 0.0719 0.7804
vn -0.5994 0.2359 0.7649
vn -0.4275 0.2514 0.8684
vn -0.2563 0.2612 0.9307
vn -0.0854 0.2653 0.9604
vn 0.0870 0.2638 0.9606
vn 0.2612 0.2563 0.9307
vn 0.4359 0.2414 0.8670
vn 0.6121 0.2159 0.7607
vn -0.5643 0.3944 0.7253
vn -0.4026 0.4200 0.8134
vn -0.2414 0.4359 0.8670
vn -0.0804 0.4427 0.8931
vn 0.0837 0.4402 0.8940
vn 0.2514 0.4275 0.8684
vn 0.4200 0.4026 0.8134
vn 0.5904 0.3604 0.7222
vn -0.5056 0.5552 0.6604
vn -0.3604 0.5904 0.7222
vn -0.2159 0.6121 0.7607
vn -0.0719 0.6211 0.7804
vn 0.0785 0.6174 0.7827
vn 0.2359 0.5994 0.7649
vn 0.3944 0.5643 0.7253
vn 0.5552 0.5056 0.6604
vn 0.6604 -0.5552 0.5056
vn 0.7222 -0.5904 0.3604
vn 0.7607 -0.6121 0.2159
vn 0.7804 -0.6211 0.0719
vn 0.7827 -0.6174 -0.0785
vn 0.7649 -0.5994 -0.2359
vn 0.7253 -0.5643 -0.3944
vn 0.6604 -0.5056 -0.5552
vn 0.7253 -0.3944 0.5643
vn 0.8134 -0.4200 0.4026
vn 0.8670 -0.4359 0.2414
vn 0.8931 -0.4427 0.0804
vn 0.8940 -0.4402 -0.0837
vn 0.8684 -0.4275 -0.2514
vn 0.8134 -0.4026 -0.4200
vn 0.7222 -0.3604 -0.5904
vn 0.7649 -0.2359 0.5994
vn 0.8684 -0.2514 0.4275
vn 0.9307 -0.2612 0.2563
vn 0.9604 -0.2653 0.0854
vn 0.9606 -0.2638 -0.0870
vn 0.9307 -0.2563 -0.2612
vn 0.8670 -0.2414 -0.4359
vn 0.7607 -0.2159 -0.6121
vn 0.7827 -0.0785 0.6174
vn 0.8940 -0.0837 0.4402
vn 0.9606 -0.0870 0.2638
vn 0.9922 -0.0884 0.0879
vn 0.9922 -0.0879 -0.0884
vn 0.9604 -0.0854 -0.2653
vn 0.8931 -0.0804 -0.4427
vn 0.7804 -0.0719 -0.6211
vn 0.7827 0.0785 0.6174
vn 0.8940 0.0837 0.4402
vn 0.9606 0.0870 0.2638
vn 0.9922 0.0884 0.0879
vn 0.9922 0.0879 -0.0884
vn 0.9604 0.0854 -0.2653
vn 0.8931 0.0804 -0.4427
vn 0.7804 0.0719 -0.6211
vn 0.7649 0.2359 0.5994
vn 0.8684 0.2514 0.4275
vn 0.9307 0.2612 0.2563
vn 0.9604 0.2653 0.0854
vn 0.9606 0.2638 -0.0870
vn 0.9307 0.2563 -0.2612
vn 0.8670 0.2414 -0.4359
vn 0.7607 0.2159 -0.6121
vn 0.7253 0.3944 0.5643
vn 0.8134 0.4200 0.4026
vn 0.8670 0.4359 0.2414
vn 0.8931 0.4427 0.0804
vn 0.8940 0.4402 -0.0837
vn 0.8684 0.4275 -0.2514
vn 0.8134 0.4026 -0.4200
vn 0.7222 0.3604 -0.5904
vn 0.6604 0.5552 0.5056
vn 0.7222 0.5904 0.3604
vn 0.7607 0.6121 0.2159
vn 0.7804 0.6211 0.0719
vn 0.7827 0.6174 -0.0785
vn 0.7649 0.5994 -0.2359
vn 0.7253 0.5643 -0.3944
vn 0.6604 0.5056 -0.5552
vn 0.5056 -0.6604 0.5552
vn 0.3604 -0.7222 0.5904
vn 0.2159 -0.7607 0.6121
vn 0.0719 -0.7804 0.6211
vn -0.0785 -0.7827 0.6174
vn -0.2359 -0.7649 0.5994
vn -0.3944 -0.7253 0.5643
vn -0.5552 -0.6604 0.5056
vn 0.5643 -0.7253 0.3944
vn 0.4026 -0.8134 0.4200
vn 0.2414 -0.8670 0.4359
vn 0.0804 -0.8931 0.4427
vn -0.0837 -0.8940 0.4402
vn -0.2514 -0.8684 0.4275
vn -0.4200 -0.8134 0.4026
vn -0.5904 -0.7222 0.3604
vn 0.5994 -0.7649 0.2359
vn 0.4275 -0.8684 0.2514
vn 0.2563 -0.9307 0.2612
vn 0.0854 -0.9604 0.2653
vn -0.0870 -0.9606 0.2638
vn -0.2612 -0.9307 0.2563
vn -0.4359 -0.8670 0.2414
vn -0.6121 -0.7607 0.2159
vn 0.6174 -0.7827 0.0785
vn 0.4402 -0.8940 0.0837
vn 0.2638 -0.9606 0.0870
vn 0.0879 -0.9922 0.0884
vn -0.0884 -0.9922 0.0879
vn -0.2653 -0.9604 0.0854
vn -0.4427 -0.8931 0.0804
vn -0.6211 -0.7804 0.0719
vn 0.6174 -0.7827 -0.0785
vn 0.4402 -0.8940 -0.0837
vn 0.2638 -0.9606 -0.0870
vn 0.0879 -0.9922 -0.0884
vn -0.0884 -0.9922 -0.0879
vn -0.2653 -0.9604 -0.0854
vn -0.4427 -0.8931 -0.0804
vn -0.6211 -0.7804 -0.0719
vn 0.5994 -0.7649 -0.2359
vn 0.4275 -0.8684 -0.2514
vn 0.2563 -0.9307 -0.2612
vn 0.0854 -0.9604 -0.2653
vn -0.0870 -0.9606 -0.2638
vn -0.2612 -0.9307 -0.2563
vn -0.4359 -0.8670 -0.2414
vn -0.6121 -0.7607 -0.2159
vn 0.5643 -0.7253 -0.3944
vn 0.4026 -0.8134 -0.4200
vn 0.2414 -0.8670 -0.4359
vn 0.0804 -0.8931 -0.4427
vn -0.0837 -0.8940 -0.4402
vn -0.2514 -0.8684 -0.4275
vn -0.4200 -0.8134 -0.4026
vn -0.5904 -0.7222 -0.3604
vn 0.5056 -0.6604 -0.5552
vn 0.3604 -0.7222 -0.5904
vn 0.2159 -0.7607 -0.6121
vn 0.0719 -0.7804 -0.6211
vn -0.0785 -0.7827 -0.6174
vn -0.2359 -0.7649 -0.5994
vn -0.3944 -0.7253 -0.5643
vn -0.5552 -0.6604 -0.5056
vn 0.5056 0.6604 -0.5552
vn 0.3604 0.7222 -0.5904
vn 0.2159 0.7607 -0.6121
vn 0.0719 0.7804 -0.6211
vn -0.0785 0.7827 -0.6174
vn -0.2359 0.7649 -0.5994
vn -0.3944 0.7253 -0.5643
vn -0.5552 0.6604 -0.5056
vn 0.5643 0.7253 -0.3944
vn 0.4026 0.8134 -0.4200
vn 0.2414 0.8670 -0.4359
vn 0.0804 0.8931 -0.4427
vn -0.0837 0.8940 -0.4402
vn -0.2514 0.8684 -0.4275
vn -0.4200 0.8134 -0.4026
vn -0.5904 0.7222 -0.3604
vn 0.5994 0.7649 -0.2359
vn 0.4275 0.8684 -0.2514
vn 0.2563 0.9307 -0.2612
vn 0.0854 0.9604 -0.2653
vn -0.0870 0.9606 -0.2638
vn -0.2612 0.9307 -0.2563
vn -0.4359 0.8670 -0.2414
vn -0.6121 0.7607 -0.2159
vn 0.6174 0.7827 -0.0785
vn 0.4402 0.8940 -0.0837
vn 0.2638 0.9606 -0.0870
vn 0.0879 0.9922 -0.0884
vn -0.0884 0.9922 -0.0879
vn -0.2653 0.9604 -0.0854
vn -0.4427 0.8931 -0.0804
vn -0.6211 0.7804 -0.0719
vn 0.6174 0.7827 0.0785
vn 0.4402 0.8940 0.0837
vn 0.2638 0.9606 0.0870
vn 0.0879 0.9922 0.0884
vn -0.0884 0.9922 0.0879
vn -0.2653 0.9604 0.0854
vn -0.4427 0.8931 0.0804
vn -0.6211 0.7804 0.0719
vn 0.5994 0.7649 0.2359
vn 0.4275 0.8684 0.2514
vn 0.2563 0.9307 0.2612
vn 0.0854 0.9604 0.2653
vn -0.0870 0.9606 0.2638
vn -0.2612 0.9307 0.2563
vn -0.4359 0.8670 0.2414
vn -0.6121 0.7607 0.2159
vn 0.5643 0.7253 0.3944
vn 0.4026 0.8134 0.4200
vn 0.2414 0.8670 0.4359
vn 0.0804 0.8931 0.4427
vn -0.0837 0.8940 0.4402
vn -0.2514 0.8684 0.4275
vn -0.4200 0.8134 0.4026
vn -0.5904 0.7222 0.3604
vn 0.5056 0.6604 0.5552
vn 0.3604 0.7222 0.5904
vn 0.2159 0.7607 0.6121
vn 0.0719 0.7804 0.6211
vn -0.0785 0.7827 0.6174
vn -0.2359 0.7649 0.5994
vn -0.3944 0.7253 0.5643
vn -0.5552 0.6604 0.5056
s 0
f 387//769 396//769 395//769
f 388//770 397//770 396//770
f 389//771 398//771 397//771
f 390//772 399//772 398//772
f 392//773 399//773 391//773
f 393//774 400//774 392//774
f 394//775 401//775 393//775
f 451//776 402//776 394//776
f 395//777 404//777 403//777
f 396//778 405//778 404//778
f 397//779 406//779 405//779
f 398//780 407//780 406//780
f 400//781 407//781 399//781
f 401//782 408//782 400//782
f 402//783 409//783 401//783
f 459//784 410//784 402//784
f 403//785 412//785 411//785
f 404//786 413//786 412//786
f 405//787 414//787 413//787
f 406//788 415//788 414//788
f 408//789 415//789 407//789
f 409//790 416//790 408//790
f 410//791 417//791 409//791
f 467//792 418//792 410//792
f 411//793 420//793 419//793
f 412//794 421//794 420//794
f 413//795 422//795 421//795
f 414//796 423//796 422//796
f 416//797 423//797 415//797
f 417//798 424//798 416//798
f 418//799 425//799 417//799
f 475//800 426//800 418//800
f 420//801 427//801 419//801
f 421//802 428//802 420//802
f 422//803 429//803 421//803
f 423//804 430//804 422//804
f 423//805 432//805 431//805
f 424//806 433//806 432//806
f 425//807 434//807 433//807
f 426//808 491//808 434//808
f 428//809 435//809 427//809
f 429//810 436//810 428//810
f 430//811 437//811 429//811
f 431//812 438//812 430//812
f 431//813 440//813 439//813
f 432//814 441//814 440//814
f 433//815 442//815 441//815
f 434//816 499//816 442//816
f 436//817 443//817 435//817
f 437//818 444//818 436//818
f 438//819 445//819 437//819
f 439//820 446//820 438//820
f 439//821 448//821 447//821
f 440//822 449//822 448//822
f 441//823 450//823 449//823
f 442//824 507//824 450//824
f 444//825 692//825 443//825
f 445//826 693//826 444//826
f 446//827 694//827 445//827
f 447//828 695//828 446//828
f 447//829 697//829 696//829
f 448//830 698//830 697//830
f 449//831 699//831 698//831
f 450//832 700//832 699//832
f 451//833 460//833 459//833
f 452//834 461//834 460//834
f 453//835 462//835 461//835
f 454//836 463//836 462//836
f 456//837 463//837 455//837
f 457//838 464//838 456//838
f 458//839 465//839 457//839
f 515//840 466//840 458//840
f 459//841 468//841 467//841
f 460//842 469//842 468//842
f 461//843 470//843 469//843
f 462//844 471//844 470//844
f 464//845 471//845 463//845
f 465//846 472//846 464//846
f 466//847 473//847 465//847
f 523//848 474//848 466//848
f 467//849 476//849 475//849
f 468//850 477//850 476//850
f 469//851 478//851 477//851
f 470//852 479//852 478//852
f 472//853 479//853 471//853
f 473//854 480//854 472//854
f 474//855 481//855 473//855
f 531//856 482//856 474//856
f 475//857 484//857 483//857
f 476//858 485//858 484//858
f 477//859 486//859 485//859
f 478//860 487//860 486//860
f 480//861 487//861 479//861
f 481//862 488//862 480//862
f 482//863 489//863 481//863
f 539//864 490//864 482//864
f 484//865 491//865 483//865
f 485//866 492//866 484//866
f 486//867 493//867 485//867
f 487//868 494//868 486//868
f 487//869 496//869 495//869
f 488//870 497//870 496//870
f 489//871 498//871 497//871
f 490//872 555//872 498//872
f 492//873 499//873 491//873
f 493//874 500//874 492//874
f 494//875 501//875 493//875
f 495//876 502//876 494//876
f 495//877 504//877 503//877
f 496//878 505//878 504//878
f 497//879 506//879 505//879
f 498//880 563//880 506//880
f 500//881 507//881 499//881
f 501//882 508//882 500//882
f 502//883 509//883 501//883
f 503//884 510//884 502//884
f 503//885 512//885 511//885
f 504//886 513//886 512//886
f 505//887 514//887 513//887
f 506//888 571//888 514//888
f 508//889 700//889 507//889
f 509//890 709//890 508//890
f 510//891 718//891 509//891
f 511//892 727//892 510//892
f 511//893 745//893 736//893
f 512//894 754//894 745//894
f 513//895 763//895 754//895
f 514//896 772//896 763//896
f 515//897 524//897 523//897
f 516//898 525//898 524//898
f 517//899 526//899 525//899
f 518//900 527//900 526//900
f 520//901 527//901 519//901
f 521//902 528//902 520//902
f 522//903 529//903 521//903
f 579//904 530//904 522//904
f 523//905 532//905 531//905
f 524//906 533//906 532//906
f 525//907 534//907 533//907
f 526//908 535//908 534//908
f 528//909 535//909 527//909
f 529//910 536//910 528//910
f 530//911 537//911 529//911
f 587//912 538//912 530//912
f 531//913 540//913 539//913
f 532//914 541//914 540//914
f 533//915 542//915 541//915
f 534//916 543//916 542//916
f 536//917 543//917 535//917
f 537//918 544//918 536//918
f 538//919 545//919 537//919
f 595//920 546//920 538//920
f 539//921 548//921 547//921
f 540//922 549//922 548//922
f 541//923 550//923 549//923
f 542//924 551//924 550//924
f 544//925 551//925 543//925
f 545//926 552//926 544//926
f 546//927 553//927 545//927
f 603//928 554//928 546//928
f 548//929 555//929 547//929
f 549//930 556//930 548//930
f 550//931 557//931 549//931
f 551//932 558//932 550//932
f 551//933 560//933 559//933
f 552//934 561//934 560//934
f 553//935 562//935 561//935
f 554//936 619//936 562//936
f 556//937 563//937 555//937
f 557//938 564//938 556//938
f 558//939 565//939 557//939
f 559//940 566//940 558//940
f 559//941 568//941 567//941
f 560//942 569//942 568//942
f 561//943 570//943 569//943
f 562//944 627//944 570//944
f 564//945 571//945 563//945
f 565//946 572//946 564//946
f 566//947 573//947 565//947
f 567//948 574//948 566//948
f 567//949 576//949 575//949
f 568//950 577//950 576//950
f 569//951 578//951 577//951
f 570//952 635//952 578//952
f 572//953 772//953 571//953
f 573//954 771//954 572//954
f 574//955 770//955 573//955
f 575//956 769//956 574//956
f 575//957 767//957 768//957
f 576//958 766//958 767//958
f 577//959 765//959 766//959
f 578//960 764//960 765//960
f 579//961 588//961 587//961
f 580//962 589//962 588//962
f 581//963 590//963 589//963
f 582//964 591//964 590//964
f 584//965 591//965 583//965
f 585//966 592//966 584//966
f 586//967 593//967 585//967
f 387//968 594//968 586//968
f 587//969 596//969 595//969
f 588//970 597//970 596//970
f 589//971 598//971 597//971
f 590//972 599//972 598//972
f 592//973 599//973 591//973
f 593//974 600//974 592//974
f 594//975 601//975 593//975
f 395//976 602//976 594//976
f 595//977 604//977 603//977
f 596//978 605//978 604//978
f 597//979 606//979 605//979
f 598//980 607//980 606//980
f 600//981 607//981 599//981
f 601//982 608//982 600//982
f 602//983 609//983 601//983
f 403//984 610//984 602//984
f 603//985 612//985 611//985
f 604//986 613//986 612//986
f 605//987 614//987 613//987
f 606//988 615//988 614//988
f 608//989 615//989 607//989
f 609//990 616//990 608//990
f 610//991 617//991 609//991
f 411//992 618//992 610//992
f 612//993 619//993 611//993
f 613//994 620//994 612//994
f 614//995 621//995 613//995
f 615//996 622//996 614//996
f 615//997 624//997 623//997
f 616//998 625//998 624//998
f 617//999 626//999 625//999
f 618//1000 427//1000 626//1000
f 620//1001 627//1001 619//1001
f 621//1002 628//1002 620//1002
f 622//1003 629//1003 621//1003
f 623//1004 630//1004 622//1004
f 623//1005 632//1005 631//1005
f 624//1006 633//1006 632//1006
f 625//1007 634//1007 633//1007
f 626//1008 435//1008 634//1008
f 628//1009 635//1009 627//1009
f 629//1010 636//1010 628//1010
f 630//1011 637//1011 629//1011
f 631//1012 638//1012 630//1012
f 631//1013 640//1013 639//1013
f 632//1014 641//1014 640//1014
f 633//1015 642//1015 641//1015
f 634//1016 443//1016 642//1016
f 636//1017 764//1017 635//1017
f 637//1018 755//1018 636//1018
f 638//1019 746//1019 637//1019
f 639//1020 737//1020 638//1020
f 639//1021 719//1021 728//1021
f 640//1022 710//1022 719//1022
f 641//1023 701//1023 710//1023
f 642//1024 692//1024 701//1024
f 579//1025 643//1025 580//1025
f 522//1026 644//1026 643//1026
f 521//1027 645//1027 644//1027
f 520//1028 646//1028 645//1028
f 518//1029 646//1029 519//1029
f 517//1030 647//1030 518//1030
f 516//1031 648//1031 517//1031
f 515//1032 649//1032 516//1032
f 580//1033 650//1033 581//1033
f 643//1034 651//1034 650//1034
f 644//1035 652//1035 651//1035
f 645//1036 653//1036 652//1036
f 647//1037 653//1037 646//1037
f 648//1038 654//1038 647//1038
f 649//1039 655//1039 648//1039
f 458//1040 656//1040 649//1040
f 581//1041 657//1041 582//1041
f 650//1042 658//1042 657//1042
f 651//1043 659//1043 658//1043
f 652//1044 660//1044 659//1044
f 654//1045 660//1045 653//1045
f 655//1046 661//1046 654//1046
f 656//1047 662//1047 655//1047
f 457//1048 663//1048 656//1048
f 582//1049 664//1049 583//1049
f 657//1050 665//1050 664//1050
f 658//1051 666//1051 665//1051
f 659//1052 667//1052 666//1052
f 661//1053 667//1053 660//1053
f 662//1054 668//1054 661//1054
f 663//1055 669//1055 662//1055
f 456//1056 670//1056 663//1056
f 664//1057 584//1057 583//1057
f 665//1058 671//1058 664//1058
f 666//1059 672//1059 665//1059
f 667//1060 673//1060 666//1060
f 667//1061 675//1061 674//1061
f 668//1062 676//1062 675//1062
f 669//1063 677//1063 676//1063
f 670//1064 454//1064 677//1064
f 671//1065 585//1065 584//1065
f 672//1066 678//1066 671//1066
f 673//1067 679//1067 672//1067
f 674//1068 680//1068 673//1068
f 674//1069 682//1069 681//1069
f 675//1070 683//1070 682//1070
f 676//1071 684//1071 683//1071
f 677//1072 453//1072 684//1072
f 678//1073 586//1073 585//1073
f 679//1074 685//1074 678//1074
f 680//1075 686//1075 679//1075
f 681//1076 687//1076 680//1076
f 681//1077 689//1077 688//1077
f 682//1078 690//1078 689//1078
f 683//1079 691//1079 690//1079
f 684//1080 452//1080 691//1080
f 685//1081 387//1081 586//1081
f 686//1082 388//1082 685//1082
f 687//1083 389//1083 686//1083
f 688//1084 390//1084 687//1084
f 688//1085 392//1085 391//1085
f 689//1086 393//1086 392//1086
f 690//1087 394//1087 393//1087
f 691//1088 451//1088 394//1088
f 692//1089 702//1089 701//1089
f 693//1090 703//1090 702//1090
f 694//1091 704//1091 703//1091
f 695//1092 705//1092 704//1092
f 697//1093 705//1093 696//1093
f 698//1094 706//1094 697//1094
f 699//1095 707//1095 698//1095
f 700//1096 708//1096 699//1096
f 701//1097 711//1097 710//1097
f 702//1098 712//1098 711//1098
f 703//1099 713//1099 712//1099
f 704//1100 714//1100 713//1100
f 706//1101 714//1101 705//1101
f 707//1102 715//1102 706//1102
f 708//1103 716//1103 707//1103
f 709//1104 717//1104 708//1104
f 710//1105 720//1105 719//1105
f 711//1106 721//1106 720//1106
f 712//1107 722//1107 721//1107
f 713//1108 723//1108 722//1108
f 715//1109 723//1109 714//1109
f 716//1110 724//1110 715//1110
f 717//1111 725//1111 716//1111
f 718//1112 726//1112 717//1112
f 719//1113 729//1113 728//1113
f 720//1114 730//1114 729//1114
f 721//1115 731//1115 730//1115
f 722//1116 732//1116 731//1116
f 724//1117 732//1117 723//1117
f 725//1118 733//1118 724//1118
f 726//1119 734//1119 725//1119
f 727//1120 735//1120 726//1120
f 729//1121 737//1121 728//1121
f 730//1122 738//1122 729//1122
f 731//1123 739//1123 730//1123
f 732//1124 740//1124 731//1124
f 732//1125 742//1125 741//1125
f 733//1126 743//1126 742//1126
f 734//1127 744//1127 743//1127
f 735//1128 745//1128 744//1128
f 738//1129 746//1129 737//1129
f 739//1130 747//1130 738//1130
f 740//1131 748//1131 739//1131
f 741//1132 749//1132 740//1132
f 741//1133 751//1133 750//1133
f 742//1134 752//1134 751//1134
f 743//1135 753//1135 752//1135
f 744//1136 754//1136 753//1136
f 747//1137 755//1137 746//1137
f 748//1138 756//1138 747//1138
f 749//1139 757//1139 748//1139
f 750//1140 758//1140 749//1140
f 750//1141 760//1141 759//1141
f 751//1142 761//1142 760//1142
f 752//1143 762//1143 761//1143
f 753//1144 763//1144 762//1144
f 756//1145 764//1145 755//1145
f 757//1146 765//1146 756//1146
f 758//1147 766//1147 757//1147
f 759//1148 767//1148 758//1148
f 759//1149 769//1149 768//1149
f 760//1150 770//1150 769//1150
f 761//1151 771//1151 770//1151
f 762//1152 772//1152 771//1152
f 387//1153 388//1153 396//1153
f 388//1154 389//1154 397//1154
f 389//1155 390//1155 398//1155
f 390//1156 391//1156 399//1156
f 392//1157 400//1157 399//1157
f 393//1158 401//1158 400//1158
f 394//1159 402//1159 401//1159
f 451//1160 459//1160 402//1160
f 395//1161 396//1161 404//1161
f 396//1162 397//1162 405//1162
f 397//1163 398//1163 406//1163
f 398//1164 399//1164 407//1164
f 400//1165 408//1165 407//1165
f 401//1166 409//1166 408//1166
f 402//1167 410//1167 409//1167
f 459//1168 467//1168 410//1168
f 403//1169 404//1169 412//1169
f 404//1170 405//1170 413//1170
f 405//1171 406//1171 414//1171
f 406//1172 407//1172 415//1172
f 408//1173 416//1173 415//1173
f 409//1174 417//1174 416//1174
f 410//1175 418//1175 417//1175
f 467//1176 475//1176 418//1176
f 411//1177 412//1177 420//1177
f 412//1178 413//1178 421//1178
f 413//1179 414//1179 422//1179
f 414//1180 415//1180 423//1180
f 416//1181 424//1181 423//1181
f 417//1182 425//1182 424//1182
f 418//1183 426//1183 425//1183
f 475//1184 483//1184 426//1184
f 420//1185 428//1185 427//1185
f 421//1186 429//1186 428//1186
f 422//1187 430//1187 429//1187
f 423//1188 431//1188 430//1188
f 423//1189 424//1189 432//1189
f 424//1190 425//1190 433//1190
f 425//1191 426//1191 434//1191
f 426//1192 483//1192 491//1192
f 428//1193 436//1193 435//1193
f 429//1194 437//1194 436//1194
f 430//1195 438//1195 437//1195
f 431//1196 439//1196 438//1196
f 431//1197 432//1197 440//1197
f 432//1198 433//1198 441//1198
f 433//1199 434//1199 442//1199
f 434//1200 491//1200 499//1200
f 436//1201 444//1201 443//1201
f 437//1202 445//1202 444//1202
f 438//1203 446//1203 445//1203
f 439//1204 447//1204 446//1204
f 439//1205 440//1205 448//1205
f 440//1206 441//1206 449//1206
f 441//1207 442//1207 450//1207
f 442//1208 499//1208 507//1208
f 444//1209 693//1209 692//1209
f 445//1210 694//1210 693//1210
f 446//1211 695//1211 694//1211
f 447//1212 696//1212 695//1212
f 447//1213 448//1213 697//1213
f 448//1214 449//1214 698//1214
f 449//1215 450//1215 699//1215
f 450//1216 507//1216 700//1216
f 451//1217 452//1217 460//1217
f 452//1218 453//1218 461//1218
f 453//1219 454//1219 462//1219
f 454//1220 455//1220 463//1220
f 456//1221 464//1221 463//1221
f 457//1222 465//1222 464//1222
f 458//1223 466//1223 465//1223
f 515//1224 523//1224 466//1224
f 459//1225 460//1225 468//1225
f 460//1226 461//1226 469//1226
f 461//1227 462//1227 470//1227
f 462//1228 463//1228 471//1228
f 464//1229 472//1229 471//1229
f 465//1230 473//1230 472//1230
f 466//1231 474//1231 473//1231
f 523//1232 531//1232 474//1232
f 467//1233 468//1233 476//1233
f 468//1234 469//1234 477//1234
f 469//1235 470//1235 478//1235
f 470//1236 471//1236 479//1236
f 472//1237 480//1237 479//1237
f 473//1238 481//1238 480//1238
f 474//1239 482//1239 481//1239
f 531//1240 539//1240 482//1240
f 475//1241 476//1241 484//1241
f 476//1242 477//1242 485//1242
f 477//1243 478//1243 486//1243
f 478//1244 479//1244 487//1244
f 480//1245 488//1245 487//1245
f 481//1246 489//1246 488//1246
f 482//1247 490//1247 489//1247
f 539//1248 547//1248 490//1248
f 484//1249 492//1249 491//1249
f 485//1250 493//1250 492//1250
f 486//1251 494//1251 493//1251
f 487//1252 495//1252 494//1252
f 487//1253 488//1253 496//1253
f 488//1254 489//1254 497//1254
f 489//1255 490//1255 498//1255
f 490//1256 547//1256 555//1256
f 492//1257 500//1257 499//1257
f 493//1258 501//1258 500//1258
f 494//1259 502//1259 501//1259
f 495//1260 503//1260 502//1260
f 495//1261 496//1261 504//1261
f 496//1262 497//1262 505//1262
f 497//1263 498//1263 506//1263
f 498//1264 555//1264 563//1264
f 500//1265 508//1265 507//1265
f 501//1266 509//1266 508//1266
f 502//1267 510//1267 509//1267
f 503//1268 511//1268 510//1268
f 503//1269 504//1269 512//1269
f 504//1270 505//1270 513//1270
f 505//1271 506//1271 514//1271
f 506//1272 563//1272 571//1272
f 508//1273 709//1273 700//1273
f 509//1274 718//1274 709//1274
f 510//1275 727//1275 718//1275
f 511//1276 736//1276 727//1276
f 511//1277 512//1277 745//1277
f 512//1278 513//1278 754//1278
f 513//1279 514//1279 763//1279
f 514//1280 571//1280 772//1280
f 515//1281 516//1281 524//1281
f 516//1282 517//1282 525//1282
f 517//1283 518//1283 526//1283
f 518//1284 519//1284 527//1284
f 520//1285 528//1285 527//1285
f 521//1286 529//1286 528//1286
f 522//1287 530//1287 529//1287
f 579//1288 587//1288 530//1288
f 523//1289 524//1289 532//1289
f 524//1290 525//1290 533//1290
f 525//1291 526//1291 534//1291
f 526//1292 527//1292 535//1292
f 528//1293 536//1293 535//1293
f 529//1294 537//1294 536//1294
f 530//1295 538//1295 537//1295
f 587//1296 595//1296 538//1296
f 531//1297 532//1297 540//1297
f 532//1298 533//1298 541//1298
f 533//1299 534//1299 542//1299
f 534//1300 535//1300 543//1300
f 536//1301 544//1301 543//1301
f 537//1302 545//1302 544//1302
f 538//1303 546//1303 545//1303
f 595//1304 603//1304 546//1304
f 539//1305 540//1305 548//1305
f 540//1306 541//1306 549//1306
f 541//1307 542//1307 550//1307
f 542//1308 543//1308 551//1308
f 544//1309 552//1309 551//1309
f 545//1310 553//1310 552//1310
f 546//1311 554//1311 553//1311
f 603//1312 611//1312 554//1312
f 548//1313 556//1313 555//1313
f 549//1314 557//1314 556//1314
f 550//1315 558//1315 557//1315
f 551//1316 559//1316 558//1316
f 551//1317 552//1317 560//1317
f 552//1318 553//1318 561//1318
f 553//1319 554//1319 562//1319
f 554//1320 611//1320 619//1320
f 556//1321 564//1321 563//1321
f 557//1322 565//1322 564//1322
f 558//1323 566//1323 565//1323
f 559//1324 567//1324 566//1324
f 559//1325 560//1325 568//1325
f 560//1326 561//1326 569//1326
f 561//1327 562//1327 570//1327
f 562//1328 619//1328 627//1328
f 564//1329 572//1329 571//1329
f 565//1330 573//1330 572//1330
f 566//1331 574//1331 573//1331
f 567//1332 575//1332 574//1332
f 567//1333 568//1333 576//1333
f 568//1334 569//1334 577//1334
f 569//1335 570//1335 578//1335
f 570//1336 627//1336 635//1336
f 572//1337 771//1337 772//1337
f 573//1338 770//1338 771//1338
f 574//1339 769//1339 770//1339
f 575//1340 768//1340 769//1340
f 575//1341 576//1341 767//1341
f 576//1342 577//1342 766//1342
f 577//1343 578//1343 765//1343
f 578//1344 635//1344 764//1344
f 579//1345 580//1345 588//1345
f 580//1346 581//1346 589//1346
f 581//1347 582//1347 590//1347
f 582//1348 583//1348 591//1348
f 584//1349 592//1349 591//1349
f 585//1350 593//1350 592//1350
f 586//1351 594//1351 593//1351
f 387//1352 395//1352 594//1352
f 587//1353 588//1353 596//1353
f 588//1354 589//1354 597//1354
f 589//1355 590//1355 598//1355
f 590//1356 591//1356 599//1356
f 592//1357 600//1357 599//1357
f 593//1358 601//1358 600//1358
f 594//1359 602//1359 601//1359
f 395//1360 403//1360 602//1360
f 595//1361 596//1361 604//1361
f 596//1362 597//1362 605//1362
f 597//1363 598//1363 606//1363
f 598//1364 599//1364 607//1364
f 600//1365 608//1365 607//1365
f 601//1366 609//1366 608//1366
f 602//1367 610//1367 609//1367
f 403//1368 411//1368 610//1368
f 603//1369 604//1369 612//1369
f 604//1370 605//1370 613//1370
f 605//1371 606//1371 614//1371
f 606//1372 607//1372 615//1372
f 608//1373 616//1373 615//1373
f 609//1374 617//1374 616//1374
f 610//1375 618//1375 617//1375
f 411//1376 419//1376 618//1376
f 612//1377 620//1377 619//1377
f 613//1378 621//1378 620//1378
f 614//1379 622//1379 621//1379
f 615//1380 623//1380 622//1380
f 615//1381 616//1381 624//1381
f 616//1382 617//1382 625//1382
f 617//1383 618//1383 626//1383
f 618//1384 419//1384 427//1384
f 620//1385 628//1385 627//1385
f 621//1386 629//1386 628//1386
f 622//1387 630//1387 629//1387
f 623//1388 631//1388 630//1388
f 623//1389 624//1389 632//1389
f 624//1390 625//1390 633//1390
f 625//1391 626//1391 634//1391
f 626//1392 427//1392 435//1392
f 628//1393 636//1393 635//1393
f 629//1394 637//1394 636//1394
f 630//1395 638//1395 637//1395
f 631//1396 639//1396 638//1396
f 631//1397 632//1397 640//1397
f 632//1398 633//1398 641//1398
f 633//1399 634//1399 642//1399
f 634//1400 435//1400 443//1400
f 636//1401 755//1401 764//1401
f 637//1402 746//1402 755//1402
f 638//1403 737//1403 746//1403
f 639//1404 728//1404 737//1404
f 639//1405 640//1405 719//1405
f 640//1406 641//1406 710//1406
f 641//1407 642//1407 701//1407
f 642//1408 443//1408 692//1408
f 579//1409 522//1409 643//1409
f 522//1410 521//1410 644//1410
f 521//1411 520//1411 645//1411
f 520//1412 519//1412 646//1412
f 518//1413 647//1413 646//1413
f 517//1414 648//1414 647//1414
f 516//1415 649//1415 648//1415
f 515//1416 458//1416 649//1416
f 580//1417 643//1417 650//1417
f 643//1418 644//1418 651//1418
f 644//1419 645//1419 652//1419
f 645//1420 646//1420 653//1420
f 647//1421 654//1421 653//1421
f 648//1422 655//1422 654//1422
f 649//1423 656//1423 655//1423
f 458//1424 457//1424 656//1424
f 581//1425 650//1425 657//1425
f 650//1426 651//1426 658//1426
f 651//1427 652//1427 659//1427
f 652//1428 653//1428 660//1428
f 654//1429 661//1429 660//1429
f 655//1430 662//1430 661//1430
f 656//1431 663//1431 662//1431
f 457//1432 456//1432 663//1432
f 582//1433 657//1433 664//1433
f 657//1434 658//1434 665//1434
f 658//1435 659//1435 666//1435
f 659//1436 660//1436 667//1436
f 661//1437 668//1437 667//1437
f 662//1438 669//1438 668//1438
f 663//1439 670//1439 669//1439
f 456//1440 455//1440 670//1440
f 664//1441 671//1441 584//1441
f 665//1442 672//1442 671//1442
f 666//1443 673//1443 672//1443
f 667//1444 674//1444 673//1444
f 667//1445 668//1445 675//1445
f 668//1446 669//1446 676//1446
f 669//1447 670//1447 677//1447
f 670//1448 455//1448 454//1448
f 671//1449 678//1449 585//1449
f 672//1450 679//1450 678//1450
f 673//1451 680//1451 679//1451
f 674//1452 681//1452 680//1452
f 674//1453 675//1453 682//1453
f 675//1454 676//1454 683//1454
f 676//1455 677//1455 684//1455
f 677//1456 454//1456 453//1456
f 678//1457 685//1457 586//1457
f 679//1458 686//1458 685//1458
f 680//1459 687//1459 686//1459
f 681//1460 688//1460 687//1460
f 681//1461 682//1461 689//1461
f 682//1462 683//1462 690//1462
f 683//1463 684//1463 691//1463
f 684//1464 453//1464 452//1464
f 685//1465 388//1465 387//1465
f 686//1466 389//1466 388//1466
f 687//1467 390//1467 389//1467
f 688//1468 391//1468 390//1468
f 688//1469 689//1469 392//1469
f 689//1470 690//1470 393//1470
f 690//1471 691//1471 394//1471
f 691//1472 452//1472 451//1472
f 692//1473 693//1473 702//1473
f 693//1474 694//1474 703//1474
f 694//1475 695//1475 704//1475
f 695//1476 696//1476 705//1476
f 697//1477 706//1477 705//1477
f 698//1478 707//1478 706//1478
f 699//1479 708//1479 707//1479
f 700//1480 709//1480 708//1480
f 701//1481 702//1481 711//1481
f 702//1482 703//1482 712//1482
f 703//1483 704//1483 713//1483
f 704//1484 705//1484 714//1484
f 706//1485 715//1485 714//1485
f 707//1486 716//1486 715//1486
f 708//1487 717//1487 716//1487
f 709//1488 718//1488 717//1488
f 710//1489 711//1489 720//1489
f 711//1490 712//1490 721//1490
f 712//1491 713//1491 722//1491
f 713//1492 714//1492 723//1492
f 715//1493 724//1493 723//1493
f 716//1494 725//1494 724//1494
f 717//1495 726//1495 725//1495
f 718//1496 727//1496 726//1496
f 719//1497 720//1497 729//1497
f 720//1498 721//1498 730//1498
f 721//1499 722//1499 731//1499
f 722//1500 723//1500 732//1500
f 724//1501 733//1501 732//1501
f 725//1502 734//1502 733//1502
f 726//1503 735//1503 734//1503
f 727//1504 736//1504 735//1504
f 729//1505 738//1505 737//1505
f 730//1506 739//1506 738//1506
f 731//1507 740//1507 739//1507
f 732//1508 741//1508 740//1508
f 732//1509 733//1509 742//1509
f 733//1510 734//1510 743//1510
f 734//1511 735//1511 744//1511
f 735//1512 736//1512 745//1512
f 738//1513 747//1513 746//1513
f 739//1514 748//1514 747//1514
f 740//1515 749//1515 748//1515
f 741//1516 750//1516 749//1516
f 741//1517 742//1517 751//1517
f 742//1518 743//1518 752//1518
f 743//1519 744//1519 753//1519
f 744//1520 745//1520 754//1520
f 747//1521 756//1521 755//1521
f 748//1522 757//1522 756//1522
f 749//1523 758//1523 757//1523
f 750//1524 759//1524 758//1524
f 750//1525 751//1525 760//1525
f 751//1526 752//1526 761//1526
f 752//1527 753//1527 762//1527
f 753//1528 754//1528 763//1528
f 756//1529 765//1529 764//1529
f 757//1530 766//1530 765//1530
f 758//1531 767//1531 766//1531
f 759//1532 768//1532 767//1532
f 759//1533 760//1533 769//1533
f 760//1534 761//1534 770//1534
f 761//1535 762//1535 771//1535
f 762//1536 763//1536 772//1536
