# Blender 4.3.2
# www.blender.org
o Cube
v -0.500000 -1.000000 0.500000
v -0.500000 -0.500000 1.000000
v -1.000000 -0.500000 0.500000
v -0.500000 -0.990393 0.597545
v -0.500000 -0.961940 0.691342
v -0.500000 -0.915735 0.777785
v -0.500000 -0.853553 0.853553
v -0.597545 -0.990393 0.500000
v -0.600534 -0.979095 0.601787
v -0.600688 -0.948674 0.696350
v -0.599810 -0.903344 0.778122
v -0.599311 -0.846723 0.846296
v -0.691342 -0.961940 0.500000
v -0.696068 -0.948543 0.601815
v -0.693563 -0.918197 0.694023
v -0.687710 -0.877374 0.768986
v -0.684351 -0.828697 0.828593
v -0.777785 -0.915735 0.500000
v -0.778602 -0.902860 0.600422
v -0.769067 -0.877185 0.687975
v -0.755469 -0.845646 0.755469
v -0.748215 -0.806911 0.806911
v -0.788675 -0.788675 0.788675
v -0.597545 -0.500000 0.990393
v -0.691342 -0.500000 0.961940
v -0.777785 -0.500000 0.915735
v -0.853553 -0.500000 0.853553
v -0.500000 -0.597545 0.990393
v -0.601787 -0.600534 0.979095
v -0.696350 -0.600688 0.948674
v -0.778122 -0.599810 0.903344
v -0.846296 -0.599311 0.846723
v -0.500000 -0.691342 0.961940
v -0.601815 -0.696068 0.948543
v -0.694023 -0.693563 0.918197
v -0.768986 -0.687710 0.877374
v -0.828593 -0.684351 0.828697
v -0.500000 -0.777785 0.915735
v -0.600422 -0.778602 0.902860
v -0.687975 -0.769067 0.877185
v -0.755469 -0.755469 0.845646
v -0.806911 -0.748215 0.806911
v -0.990393 -0.597545 0.500000
v -0.961940 -0.691342 0.500000
v -0.915735 -0.777785 0.500000
v -0.853553 -0.853553 0.500000
v -0.990393 -0.500000 0.597545
v -0.979095 -0.601787 0.600534
v -0.948674 -0.696350 0.600688
v -0.903344 -0.778122 0.599810
v -0.846723 -0.846296 0.599311
v -0.961940 -0.500000 0.691342
v -0.948543 -0.601815 0.696068
v -0.918197 -0.694023 0.693563
v -0.877374 -0.768986 0.687710
v -0.828697 -0.828593 0.684351
v -0.915735 -0.500000 0.777785
v -0.902860 -0.600422 0.778602
v -0.877185 -0.687975 0.769067
v -0.845646 -0.755469 0.755469
v -0.806911 -0.806911 0.748215
v -0.500000 0.500000 1.000000
v -0.500000 1.000000 0.500000
v -1.000000 0.500000 0.500000
v -0.500000 0.597545 0.990393
v -0.500000 0.691342 0.961940
v -0.500000 0.777785 0.915735
v -0.500000 0.853553 0.853553
v -0.597545 0.500000 0.990393
v -0.600534 0.601787 0.979095
v -0.600688 0.696350 0.948674
v -0.599810 0.778122 0.903344
v -0.599311 0.846296 0.846723
v -0.691342 0.500000 0.961940
v -0.696068 0.601815 0.948543
v -0.693563 0.694023 0.918197
v -0.687710 0.768986 0.877374
v -0.684351 0.828593 0.828697
v -0.777785 0.500000 0.915735
v -0.778602 0.600422 0.902860
v -0.769067 0.687975 0.877185
v -0.755469 0.755469 0.845646
v -0.748215 0.806911 0.806911
v -0.788675 0.788675 0.788675
v -0.597545 0.990393 0.500000
v -0.691342 0.961940 0.500000
v -0.777785 0.915735 0.500000
v -0.853553 0.853553 0.500000
v -0.500000 0.990393 0.597545
v -0.601787 0.979095 0.600534
v -0.696350 0.948674 0.600688
v -0.778122 0.903344 0.599810
v -0.846296 0.846723 0.599311
v -0.500000 0.961940 0.691342
v -0.601815 0.948543 0.696068
v -0.694023 0.918197 0.693563
v -0.768986 0.877374 0.687710
v -0.828593 0.828697 0.684351
v -0.500000 0.915735 0.777785
v -0.600422 0.902860 0.778602
v -0.687975 0.877185 0.769067
v -0.755469 0.845646 0.755469
v -0.806911 0.806911 0.748215
v -0.990393 0.500000 0.597545
v -0.961940 0.500000 0.691342
v -0.915735 0.500000 0.777785
v -0.853553 0.500000 0.853553
v -0.990393 0.597545 0.500000
v -0.979095 0.600534 0.601787
v -0.948674 0.600688 0.696350
v -0.903344 0.599810 0.778122
v -0.846723 0.599311 0.846296
v -0.961940 0.691342 0.500000
v -0.948543 0.696068 0.601815
v -0.918197 0.693563 0.694023
v -0.877374 0.687710 0.768986
v -0.828697 0.684351 0.828593
v -0.915735 0.777785 0.500000
v -0.902860 0.778602 0.600422
v -0.877185 0.769067 0.687975
v -0.845646 0.755469 0.755469
v -0.806911 0.748215 0.806911
v -0.500000 -1.000000 -0.500000
v -1.000000 -0.500000 -0.500000
v -0.500000 -0.500000 -1.000000
v -0.597545 -0.990393 -0.500000
v -0.691342 -0.961940 -0.500000
v -0.777785 -0.915735 -0.500000
v -0.853553 -0.853553 -0.500000
v -0.500000 -0.990393 -0.597545
v -0.601787 -0.979095 -0.600534
v -0.696350 -0.948674 -0.600688
v -0.778122 -0.903344 -0.599810
v -0.846296 -0.846723 -0.599311
v -0.500000 -0.961940 -0.691342
v -0.601815 -0.948543 -0.696068
v -0.694023 -0.918197 -0.693563
v -0.768986 -0.877374 -0.687710
v -0.828593 -0.828697 -0.684351
v -0.500000 -0.915735 -0.777785
v -0.600422 -0.902860 -0.778602
v -0.687975 -0.877185 -0.769067
v -0.755469 -0.845646 -0.755469
v -0.806911 -0.806911 -0.748215
v -0.788675 -0.788675 -0.788675
v -0.990393 -0.500000 -0.597545
v -0.961940 -0.500000 -0.691342
v -0.915735 -0.500000 -0.777785
v -0.853553 -0.500000 -0.853553
v -0.990393 -0.597545 -0.500000
v -0.979095 -0.600534 -0.601787
v -0.948674 -0.600688 -0.696350
v -0.903344 -0.599810 -0.778122
v -0.846723 -0.599311 -0.846296
v -0.961940 -0.691342 -0.500000
v -0.948543 -0.696068 -0.601815
v -0.918197 -0.693563 -0.694023
v -0.877374 -0.687710 -0.768986
v -0.828697 -0.684351 -0.828593
v -0.915735 -0.777785 -0.500000
v -0.902860 -0.778602 -0.600422
v -0.877185 -0.769067 -0.687975
v -0.845646 -0.755469 -0.755469
v -0.806911 -0.748215 -0.806911
v -0.500000 -0.597545 -0.990393
v -0.500000 -0.691342 -0.961940
v -0.500000 -0.777785 -0.915735
v -0.500000 -0.853553 -0.853553
v -0.597545 -0.500000 -0.990393
v -0.600534 -0.601787 -0.979095
v -0.600688 -0.696350 -0.948674
v -0.599810 -0.778122 -0.903344
v -0.599311 -0.846296 -0.846723
v -0.691342 -0.500000 -0.961940
v -0.696068 -0.601815 -0.948543
v -0.693563 -0.694023 -0.918197
v -0.687710 -0.768986 -0.877374
v -0.684351 -0.828593 -0.828697
v -0.777785 -0.500000 -0.915735
v -0.778602 -0.600422 -0.902860
v -0.769067 -0.687975 -0.877185
v -0.755469 -0.755469 -0.845646
v -0.748215 -0.806911 -0.806911
v -0.500000 1.000000 -0.500000
v -0.500000 0.500000 -1.000000
v -1.000000 0.500000 -0.500000
v -0.500000 0.990393 -0.597545
v -0.500000 0.961940 -0.691342
v -0.500000 0.915735 -0.777785
v -0.500000 0.853553 -0.853553
v -0.597545 0.990393 -0.500000
v -0.600534 0.979095 -0.601787
v -0.600688 0.948674 -0.696350
v -0.599810 0.903344 -0.778122
v -0.599311 0.846723 -0.846296
v -0.691342 0.961940 -0.500000
v -0.696068 0.948543 -0.601815
v -0.693563 0.918197 -0.694023
v -0.687710 0.877374 -0.768986
v -0.684351 0.828697 -0.828593
v -0.777785 0.915735 -0.500000
v -0.778602 0.902860 -0.600422
v -0.769067 0.877185 -0.687975
v -0.755469 0.845646 -0.755469
v -0.748215 0.806911 -0.806911
v -0.788675 0.788675 -0.788675
v -0.597545 0.500000 -0.990393
v -0.691342 0.500000 -0.961940
v -0.777785 0.500000 -0.915735
v -0.853553 0.500000 -0.853553
v -0.500000 0.597545 -0.990393
v -0.601787 0.600534 -0.979095
v -0.696350 0.600688 -0.948674
v -0.778122 0.599810 -0.903344
v -0.846296 0.599311 -0.846723
v -0.500000 0.691342 -0.961940
v -0.601815 0.696068 -0.948543
v -0.694023 0.693563 -0.918197
v -0.768986 0.687710 -0.877374
v -0.828593 0.684351 -0.828697
v -0.500000 0.777785 -0.915735
v -0.600422 0.778602 -0.902860
v -0.687975 0.769067 -0.877185
v -0.755469 0.755469 -0.845646
v -0.806911 0.748215 -0.806911
v -0.990393 0.597545 -0.500000
v -0.961940 0.691342 -0.500000
v -0.915735 0.777785 -0.500000
v -0.853553 0.853553 -0.500000
v -0.990393 0.500000 -0.597545
v -0.979095 0.601787 -0.600534
v -0.948674 0.696350 -0.600688
v -0.903344 0.778122 -0.599810
v -0.846723 0.846296 -0.599311
v -0.961940 0.500000 -0.691342
v -0.948543 0.601815 -0.696068
v -0.918197 0.694023 -0.693563
v -0.877374 0.768986 -0.687710
v -0.828697 0.828593 -0.684351
v -0.915735 0.500000 -0.777785
v -0.902860 0.600422 -0.778602
v -0.877185 0.687975 -0.769067
v -0.845646 0.755469 -0.755469
v -0.806911 0.806911 -0.748215
v 0.500000 -1.000000 0.500000
v 1.000000 -0.500000 0.500000
v 0.500000 -0.500000 1.000000
v 0.597545 -0.990393 0.500000
v 0.691342 -0.961940 0.500000
v 0.777785 -0.915735 0.500000
v 0.853553 -0.853553 0.500000
v 0.500000 -0.990393 0.597545
v 0.601787 -0.979095 0.600534
v 0.696350 -0.948674 0.600688
v 0.778122 -0.903344 0.599810
v 0.846296 -0.846723 0.599311
v 0.500000 -0.961940 0.691342
v 0.601815 -0.948543 0.696068
v 0.694023 -0.918197 0.693563
v 0.768986 -0.877374 0.687710
v 0.828593 -0.828697 0.684351
v 0.500000 -0.915735 0.777785
v 0.600422 -0.902860 0.778602
v 0.687975 -0.877185 0.769067
v 0.755469 -0.845646 0.755469
v 0.806911 -0.806911 0.748215
v 0.788675 -0.788675 0.788675
v 0.990393 -0.500000 0.597545
v 0.961940 -0.500000 0.691342
v 0.915735 -0.500000 0.777785
v 0.853553 -0.500000 0.853553
v 0.990393 -0.597545 0.500000
v 0.979095 -0.600534 0.601787
v 0.948674 -0.600688 0.696350
v 0.903344 -0.599810 0.778122
v 0.846723 -0.599311 0.846296
v 0.961940 -0.691342 0.500000
v 0.948543 -0.696068 0.601815
v 0.918197 -0.693563 0.694023
v 0.877374 -0.687710 0.768986
v 0.828697 -0.684351 0.828593
v 0.915735 -0.777785 0.500000
v 0.902860 -0.778602 0.600422
v 0.877185 -0.769067 0.687975
v 0.845646 -0.755469 0.755469
v 0.806911 -0.748215 0.806911
v 0.500000 -0.597545 0.990393
v 0.500000 -0.691342 0.961940
v 0.500000 -0.777785 0.915735
v 0.500000 -0.853553 0.853553
v 0.597545 -0.500000 0.990393
v 0.600534 -0.601787 0.979095
v 0.600688 -0.696350 0.948674
v 0.599810 -0.778122 0.903344
v 0.599311 -0.846296 0.846723
v 0.691342 -0.500000 0.961940
v 0.696068 -0.601815 0.948543
v 0.693563 -0.694023 0.918197
v 0.687710 -0.768986 0.877374
v 0.684351 -0.828593 0.828697
v 0.777785 -0.500000 0.915735
v 0.778602 -0.600422 0.902860
v 0.769067 -0.687975 0.877185
v 0.755469 -0.755469 0.845646
v 0.748215 -0.806911 0.806911
v 0.500000 1.000000 0.500000
v 0.500000 0.500000 1.000000
v 1.000000 0.500000 0.500000
v 0.500000 0.990393 0.597545
v 0.500000 0.961940 0.691342
v 0.500000 0.915735 0.777785
v 0.500000 0.853553 0.853553
v 0.597545 0.990393 0.500000
v 0.600534 0.979095 0.601787
v 0.600688 0.948674 0.696350
v 0.599810 0.903344 0.778122
v 0.599311 0.846723 0.846296
v 0.691342 0.961940 0.500000
v 0.696068 0.948543 0.601815
v 0.693563 0.918197 0.694023
v 0.687710 0.877374 0.768986
v 0.684351 0.828697 0.828593
v 0.777785 0.915735 0.500000
v 0.778602 0.902860 0.600422
v 0.769067 0.877185 0.687975
v 0.755469 0.845646 0.755469
v 0.748215 0.806911 0.806911
v 0.788675 0.788675 0.788675
v 0.597545 0.500000 0.990393
v 0.691342 0.500000 0.961940
v 0.777785 0.500000 0.915735
v 0.853553 0.500000 0.853553
v 0.500000 0.597545 0.990393
v 0.601787 0.600534 0.979095
v 0.696350 0.600688 0.948674
v 0.778122 0.599810 0.903344
v 0.846296 0.599311 0.846723
v 0.500000 0.691342 0.961940
v 0.601815 0.696068 0.948543
v 0.694023 0.693563 0.918197
v 0.768986 0.687710 0.877374
v 0.828593 0.684351 0.828697
v 0.500000 0.777785 0.915735
v 0.600422 0.778602 0.902860
v 0.687975 0.769067 0.877185
v 0.755469 0.755469 0.845646
v 0.806911 0.748215 0.806911
v 0.990393 0.597545 0.500000
v 0.961940 0.691342 0.500000
v 0.915735 0.777785 0.500000
v 0.853553 0.853553 0.500000
v 0.990393 0.500000 0.597545
v 0.979095 0.601787 0.600534
v 0.948674 0.696350 0.600688
v 0.903344 0.778122 0.599810
v 0.846723 0.846296 0.599311
v 0.961940 0.500000 0.691342
v 0.948543 0.601815 0.696068
v 0.918197 0.694023 0.693563
v 0.877374 0.768986 0.687710
v 0.828697 0.828593 0.684351
v 0.915735 0.500000 0.777785
v 0.902860 0.600422 0.778602
v 0.877185 0.687975 0.769067
v 0.845646 0.755469 0.755469
v 0.806911 0.806911 0.748215
v 0.500000 -1.000000 -0.500000
v 0.500000 -0.500000 -1.000000
v 1.000000 -0.500000 -0.500000
v 0.500000 -0.990393 -0.597545
v 0.500000 -0.961940 -0.691342
v 0.500000 -0.915735 -0.777785
v 0.500000 -0.853553 -0.853553
v 0.597545 -0.990393 -0.500000
v 0.600534 -0.979095 -0.601787
v 0.600688 -0.948674 -0.696350
v 0.599810 -0.903344 -0.778122
v 0.599311 -0.846723 -0.846296
v 0.691342 -0.961940 -0.500000
v 0.696068 -0.948543 -0.601815
v 0.693563 -0.918197 -0.694023
v 0.687710 -0.877374 -0.768986
v 0.684351 -0.828697 -0.828593
v 0.777785 -0.915735 -0.500000
v 0.778602 -0.902860 -0.600422
v 0.769067 -0.877185 -0.687975
v 0.755469 -0.845646 -0.755469
v 0.748215 -0.806911 -0.806911
v 0.788675 -0.788675 -0.788675
v 0.597545 -0.500000 -0.990393
v 0.691342 -0.500000 -0.961940
v 0.777785 -0.500000 -0.915735
v 0.853553 -0.500000 -0.853553
v 0.500000 -0.597545 -0.990393
v 0.601787 -0.600534 -0.979095
v 0.696350 -0.600688 -0.948674
v 0.778122 -0.599810 -0.903344
v 0.846296 -0.599311 -0.846723
v 0.500000 -0.691342 -0.961940
v 0.601815 -0.696068 -0.948543
v 0.694023 -0.693563 -0.918197
v 0.768986 -0.687710 -0.877374
v 0.828593 -0.684351 -0.828697
v 0.500000 -0.777785 -0.915735
v 0.600422 -0.778602 -0.902860
v 0.687975 -0.769067 -0.877185
v 0.755469 -0.755469 -0.845646
v 0.806911 -0.748215 -0.806911
v 0.990393 -0.597545 -0.500000
v 0.961940 -0.691342 -0.500000
v 0.915735 -0.777785 -0.500000
v 0.853553 -0.853553 -0.500000
v 0.990393 -0.500000 -0.597545
v 0.979095 -0.601787 -0.600534
v 0.948674 -0.696350 -0.600688
v 0.903344 -0.778122 -0.599810
v 0.846723 -0.846296 -0.599311
v 0.961940 -0.500000 -0.691342
v 0.948543 -0.601815 -0.696068
v 0.918197 -0.694023 -0.693563
v 0.877374 -0.768986 -0.687710
v 0.828697 -0.828593 -0.684351
v 0.915735 -0.500000 -0.777785
v 0.902860 -0.600422 -0.778602
v 0.877185 -0.687975 -0.769067
v 0.845646 -0.755469 -0.755469
v 0.806911 -0.806911 -0.748215
v 0.500000 1.000000 -0.500000
v 1.000000 0.500000 -0.500000
v 0.500000 0.500000 -1.000000
v 0.597545 0.990393 -0.500000
v 0.691342 0.961940 -0.500000
v 0.777785 0.915735 -0.500000
v 0.853553 0.853553 -0.500000
v 0.500000 0.990393 -0.597545
v 0.601787 0.979095 -0.600534
v 0.696350 0.948674 -0.600688
v 0.778122 0.903344 -0.599810
v 0.846296 0.846723 -0.599311
v 0.500000 0.961940 -0.691342
v 0.601815 0.948543 -0.696068
v 0.694023 0.918197 -0.693563
v 0.768986 0.877374 -0.687710
v 0.828593 0.828697 -0.684351
v 0.500000 0.915735 -0.777785
v 0.600422 0.902860 -0.778602
v 0.687975 0.877185 -0.769067
v 0.755469 0.845646 -0.755469
v 0.806911 0.806911 -0.748215
v 0.788675 0.788675 -0.788675
v 0.990393 0.500000 -0.597545
v 0.961940 0.500000 -0.691342
v 0.915735 0.500000 -0.777785
v 0.853553 0.500000 -0.853553
v 0.990393 0.597545 -0.500000
v 0.979095 0.600534 -0.601787
v 0.948674 0.600688 -0.696350
v 0.903344 0.599810 -0.778122
v 0.846723 0.599311 -0.846296
v 0.961940 0.691342 -0.500000
v 0.948543 0.696068 -0.601815
v 0.918197 0.693563 -0.694023
v 0.877374 0.687710 -0.768986
v 0.828697 0.684351 -0.828593
v 0.915735 0.777785 -0.500000
v 0.902860 0.778602 -0.600422
v 0.877185 0.769067 -0.687975
v 0.845646 0.755469 -0.755469
v 0.806911 0.748215 -0.806911
v 0.500000 0.597545 -0.990393
v 0.500000 0.691342 -0.961940
v 0.500000 0.777785 -0.915735
v 0.500000 0.853553 -0.853553
v 0.597545 0.500000 -0.990393
v 0.600534 0.601787 -0.979095
v 0.600688 0.696350 -0.948674
v 0.599810 0.778122 -0.903344
v 0.599311 0.846296 -0.846723
v 0.691342 0.500000 -0.961940
v 0.696068 0.601815 -0.948543
v 0.693563 0.694023 -0.918197
v 0.687710 0.768986 -0.877374
v 0.684351 0.828593 -0.828697
v 0.777785 0.500000 -0.915735
v 0.778602 0.600422 -0.902860
v 0.769067 0.687975 -0.877185
v 0.755469 0.755469 -0.845646
v 0.748215 0.806911 -0.806911
vn -0.0000 -0.0000 1.0000
vn 1.0000 -0.0000 -0.0000
vn -0.0000 1.0000 -0.0000
vn -1.0000 -0.0000 -0.0000
vn -0.0000 -0.0000 -1.0000
vn -0.0975 -0.9904 0.0975
vn -0.0949 -0.9526 0.2890
vn -0.0923 -0.8782 0.4694
vn -0.0934 -0.7696 0.6316
vn -0.2889 -0.9524 0.0972
vn -0.2912 -0.9108 0.2925
vn -0.2863 -0.8367 0.4669
vn -0.2816 -0.7371 0.6143
vn -0.4693 -0.8780 0.0937
vn -0.4675 -0.8358 0.2878
vn -0.4537 -0.7688 0.4507
vn -0.4376 -0.6876 0.5794
vn -0.6316 -0.7696 0.0935
vn -0.6155 -0.7357 0.2828
vn -0.5852 -0.6859 0.4325
vn -0.5546 -0.6360 0.5366
vn -0.0975 -0.0975 0.9904
vn -0.2890 -0.0949 0.9526
vn -0.4694 -0.0923 0.8782
vn -0.6316 -0.0934 0.7696
vn -0.0972 -0.2889 0.9524
vn -0.2925 -0.2912 0.9108
vn -0.4669 -0.2863 0.8367
vn -0.6143 -0.2816 0.7371
vn -0.0937 -0.4693 0.8780
vn -0.2878 -0.4675 0.8358
vn -0.4507 -0.4537 0.7688
vn -0.5794 -0.4376 0.6876
vn -0.0935 -0.6316 0.7696
vn -0.2828 -0.6155 0.7357
vn -0.4325 -0.5852 0.6859
vn -0.5366 -0.5546 0.6360
vn -0.9904 -0.0975 0.0975
vn -0.9526 -0.2890 0.0949
vn -0.8782 -0.4694 0.0923
vn -0.7696 -0.6316 0.0934
vn -0.9524 -0.0972 0.2889
vn -0.9108 -0.2925 0.2912
vn -0.8367 -0.4669 0.2863
vn -0.7371 -0.6143 0.2816
vn -0.8780 -0.0937 0.4693
vn -0.8358 -0.2878 0.4675
vn -0.7688 -0.4507 0.4537
vn -0.6876 -0.5794 0.4376
vn -0.7696 -0.0935 0.6316
vn -0.7357 -0.2828 0.6155
vn -0.6859 -0.4325 0.5852
vn -0.6360 -0.5366 0.5546
vn -0.0975 0.0975 0.9904
vn -0.0949 0.2890 0.9526
vn -0.0923 0.4694 0.8782
vn -0.0934 0.6316 0.7696
vn -0.2889 0.0972 0.9524
vn -0.2912 0.2925 0.9108
vn -0.2863 0.4669 0.8367
vn -0.2816 0.6143 0.7371
vn -0.4693 0.0937 0.8780
vn -0.4675 0.2878 0.8358
vn -0.4537 0.4507 0.7688
vn -0.4376 0.5794 0.6876
vn -0.6316 0.0935 0.7696
vn -0.6155 0.2828 0.7357
vn -0.5852 0.4325 0.6859
vn -0.5546 0.5366 0.6360
vn -0.0975 0.9904 0.0975
vn -0.2890 0.9526 0.0949
vn -0.4694 0.8782 0.0923
vn -0.6316 0.7696 0.0934
vn -0.0972 0.9524 0.2889
vn -0.2925 0.9108 0.2912
vn -0.4669 0.8367 0.2863
vn -0.6143 0.7371 0.2816
vn -0.0937 0.8780 0.4693
vn -0.2878 0.8358 0.4675
vn -0.4507 0.7688 0.4537
vn -0.5794 0.6876 0.4376
vn -0.0935 0.7696 0.6316
vn -0.2828 0.7357 0.6155
vn -0.4325 0.6859 0.5852
vn -0.5366 0.6360 0.5546
vn -0.9904 0.0975 0.0975
vn -0.9526 0.0949 0.2890
vn -0.8782 0.0923 0.4694
vn -0.7696 0.0934 0.6316
vn -0.9524 0.2889 0.0972
vn -0.9108 0.2912 0.2925
vn -0.8367 0.2863 0.4669
vn -0.7371 0.2816 0.6143
vn -0.8780 0.4693 0.0937
vn -0.8358 0.4675 0.2878
vn -0.7688 0.4537 0.4507
vn -0.6876 0.4376 0.5794
vn -0.7696 0.6316 0.0935
vn -0.7357 0.6155 0.2828
vn -0.6859 0.5852 0.4325
vn -0.6360 0.5546 0.5366
vn -0.0975 -0.9904 -0.0975
vn -0.2890 -0.9526 -0.0949
vn -0.4694 -0.8782 -0.0923
vn -0.6316 -0.7696 -0.0934
vn -0.0972 -0.9524 -0.2889
vn -0.2925 -0.9108 -0.2912
vn -0.4669 -0.8367 -0.2863
vn -0.6143 -0.7371 -0.2816
vn -0.0937 -0.8780 -0.4693
vn -0.2878 -0.8358 -0.4675
vn -0.4507 -0.7688 -0.4537
vn -0.5794 -0.6876 -0.4376
vn -0.0935 -0.7696 -0.6316
vn -0.2828 -0.7357 -0.6155
vn -0.4325 -0.6859 -0.5852
vn -0.5366 -0.6360 -0.5546
vn -0.9904 -0.0975 -0.0975
vn -0.9526 -0.0949 -0.2890
vn -0.8782 -0.0923 -0.4694
vn -0.7696 -0.0934 -0.6316
vn -0.9524 -0.2889 -0.0972
vn -0.9108 -0.2912 -0.2925
vn -0.8367 -0.2863 -0.4669
vn -0.7371 -0.2816 -0.6143
vn -0.8780 -0.4693 -0.0937
vn -0.8358 -0.4675 -0.2878
vn -0.7688 -0.4537 -0.4507
vn -0.6876 -0.4376 -0.5794
vn -0.7696 -0.6316 -0.0935
vn -0.7357 -0.6155 -0.2828
vn -0.6859 -0.5852 -0.4325
vn -0.6360 -0.5546 -0.5366
vn -0.0975 -0.0975 -0.9904
vn -0.0949 -0.2890 -0.9526
vn -0.0923 -0.4694 -0.8782
vn -0.0934 -0.6316 -0.7696
vn -0.2889 -0.0972 -0.9524
vn -0.2912 -0.2925 -0.9108
vn -0.2863 -0.4669 -0.8367
vn -0.2816 -0.6143 -0.7371
vn -0.4693 -0.0937 -0.8780
vn -0.4675 -0.2878 -0.8358
vn -0.4537 -0.4507 -0.7688
vn -0.4376 -0.5794 -0.6876
vn -0.6316 -0.0935 -0.7696
vn -0.6155 -0.2828 -0.7357
vn -0.5852 -0.4325 -0.6859
vn -0.5546 -0.5366 -0.6360
vn -0.0975 0.9904 -0.0975
vn -0.0949 0.9526 -0.2890
vn -0.0923 0.8782 -0.4694
vn -0.0934 0.7696 -0.6316
vn -0.2889 0.9524 -0.0972
vn -0.2912 0.9108 -0.2925
vn -0.2863 0.8367 -0.4669
vn -0.2816 0.7371 -0.6143
vn -0.4693 0.8780 -0.0937
vn -0.4675 0.8358 -0.2878
vn -0.4537 0.7688 -0.4507
vn -0.4376 0.6876 -0.5794
vn -0.6316 0.7696 -0.0935
vn -0.6155 0.7357 -0.2828
vn -0.5852 0.6859 -0.4325
vn -0.5546 0.6360 -0.5366
vn -0.0975 0.0975 -0.9904
vn -0.2890 0.0949 -0.9526
vn -0.4694 0.0923 -0.8782
vn -0.6316 0.0934 -0.7696
vn -0.0972 0.2889 -0.9524
vn -0.2925 0.2912 -0.9108
vn -0.4669 0.2863 -0.8367
vn -0.6143 0.2816 -0.7371
vn -0.0937 0.4693 -0.8780
vn -0.2878 0.4675 -0.8358
vn -0.4507 0.4537 -0.7688
vn -0.5794 0.4376 -0.6876
vn -0.0935 0.6316 -0.7696
vn -0.2828 0.6155 -0.7357
vn -0.4325 0.5852 -0.6859
vn -0.5366 0.5546 -0.6360
vn -0.9904 0.0975 -0.0975
vn -0.9526 0.2890 -0.0949
vn -0.8782 0.4694 -0.0923
vn -0.7696 0.6316 -0.0934
vn -0.9524 0.0972 -0.2889
vn -0.9108 0.2925 -0.2912
vn -0.8367 0.4669 -0.2863
vn -0.7371 0.6143 -0.2816
vn -0.8780 0.0937 -0.4693
vn -0.8358 0.2878 -0.4675
vn -0.7688 0.4507 -0.4537
vn -0.6876 0.5794 -0.4376
vn -0.7696 0.0935 -0.6316
vn -0.7357 0.2828 -0.6155
vn -0.6859 0.4325 -0.5852
vn -0.6360 0.5366 -0.5546
vn 0.0975 -0.9904 0.0975
vn 0.2890 -0.9526 0.0949
vn 0.4694 -0.8782 0.0923
vn 0.6316 -0.7696 0.0934
vn 0.0972 -0.9524 0.2889
vn 0.2925 -0.9108 0.2912
vn 0.4669 -0.8367 0.2863
vn 0.6143 -0.7371 0.2816
vn 0.0937 -0.8780 0.4693
vn 0.2878 -0.8358 0.4675
vn 0.4507 -0.7688 0.4537
vn 0.5794 -0.6876 0.4376
vn 0.0935 -0.7696 0.6316
vn 0.2828 -0.7357 0.6155
vn 0.4325 -0.6859 0.5852
vn 0.5366 -0.6360 0.5546
vn 0.9904 -0.0975 0.0975
vn 0.9526 -0.0949 0.2890
vn 0.8782 -0.0923 0.4694
vn 0.7696 -0.0934 0.6316
vn 0.9524 -0.2889 0.0972
vn 0.9108 -0.2912 0.2925
vn 0.8367 -0.2863 0.4669
vn 0.7371 -0.2816 0.6143
vn 0.8780 -0.4693 0.0937
vn 0.8358 -0.4675 0.2878
vn 0.7688 -0.4537 0.4507
vn 0.6876 -0.4376 0.5794
vn 0.7696 -0.6316 0.0935
vn 0.7357 -0.6155 0.2828
vn 0.6859 -0.5852 0.4325
vn 0.6360 -0.5546 0.5366
vn 0.0975 -0.0975 0.9904
vn 0.0949 -0.2890 0.9526
vn 0.0923 -0.4694 0.8782
vn 0.0934 -0.6316 0.7696
vn 0.2889 -0.0972 0.9524
vn 0.2912 -0.2925 0.9108
vn 0.2863 -0.4669 0.8367
vn 0.2816 -0.6143 0.7371
vn 0.4693 -0.0937 0.8780
vn 0.4675 -0.2878 0.8358
vn 0.4537 -0.4507 0.7688
vn 0.4376 -0.5794 0.6876
vn 0.6316 -0.0935 0.7696
vn 0.6155 -0.2828 0.7357
vn 0.5852 -0.4325 0.6859
vn 0.5546 -0.5366 0.6360
vn 0.0975 0.9904 0.0975
vn 0.0949 0.9526 0.2890
vn 0.0923 0.8782 0.4694
vn 0.0934 0.7696 0.6316
vn 0.2889 0.9524 0.0972
vn 0.2912 0.9108 0.2925
vn 0.2863 0.8367 0.4669
vn 0.2816 0.7371 0.6143
vn 0.4693 0.8780 0.0937
vn 0.4675 0.8358 0.2878
vn 0.4537 0.7688 0.4507
vn 0.4376 0.6876 0.5794
vn 0.6316 0.7696 0.0935
vn 0.6155 0.7357 0.2828
vn 0.5852 0.6859 0.4325
vn 0.5546 0.6360 0.5366
vn 0.0975 0.0975 0.9904
vn 0.2890 0.0949 0.9526
vn 0.4694 0.0923 0.8782
vn 0.6316 0.0934 0.7696
vn 0.0972 0.2889 0.9524
vn 0.2925 0.2912 0.9108
vn 0.4669 0.2863 0.8367
vn 0.6143 0.2816 0.7371
vn 0.0937 0.4693 0.8780
vn 0.2878 0.4675 0.8358
vn 0.4507 0.4537 0.7688
vn 0.5794 0.4376 0.6876
vn 0.0935 0.6316 0.7696
vn 0.2828 0.6155 0.7357
vn 0.4325 0.5852 0.6859
vn 0.5366 0.5546 0.6360
vn 0.9904 0.0975 0.0975
vn 0.9526 0.2890 0.0949
vn 0.8782 0.4694 0.0923
vn 0.7696 0.6316 0.0934
vn 0.9524 0.0972 0.2889
vn 0.9108 0.2925 0.2912
vn 0.8367 0.4669 0.2863
vn 0.7371 0.6143 0.2816
vn 0.8780 0.0937 0.4693
vn 0.8358 0.2878 0.4675
vn 0.7688 0.4507 0.4537
vn 0.6876 0.5794 0.4376
vn 0.7696 0.0935 0.6316
vn 0.7357 0.2828 0.6155
vn 0.6859 0.4325 0.5852
vn 0.6360 0.5366 0.5546
vn 0.0975 -0.9904 -0.0975
vn 0.0949 -0.9526 -0.2890
vn 0.0923 -0.8782 -0.4694
vn 0.0934 -0.7696 -0.6316
vn 0.2889 -0.9524 -0.0972
vn 0.2912 -0.9108 -0.2925
vn 0.2863 -0.8367 -0.4669
vn 0.2816 -0.7371 -0.6143
vn 0.4693 -0.8780 -0.0937
vn 0.4675 -0.8358 -0.2878
vn 0.4537 -0.7688 -0.4507
vn 0.4376 -0.6876 -0.5794
vn 0.6316 -0.7696 -0.0935
vn 0.6155 -0.7357 -0.2828
vn 0.5852 -0.6859 -0.4325
vn 0.5546 -0.6360 -0.5366
vn 0.0975 -0.0975 -0.9904
vn 0.2890 -0.0949 -0.9526
vn 0.4694 -0.0923 -0.8782
vn 0.6316 -0.0934 -0.7696
vn 0.0972 -0.2889 -0.9524
vn 0.2925 -0.2912 -0.9108
vn 0.4669 -0.2863 -0.8367
vn 0.6143 -0.2816 -0.7371
vn 0.0937 -0.4693 -0.8780
vn 0.2878 -0.4675 -0.8358
vn 0.4507 -0.4537 -0.7688
vn 0.5794 -0.4376 -0.6876
vn 0.0935 -0.6316 -0.7696
vn 0.2828 -0.6155 -0.7357
vn 0.4325 -0.5852 -0.6859
vn 0.5366 -0.5546 -0.6360
vn 0.9904 -0.0975 -0.0975
vn 0.9526 -0.2890 -0.0949
vn 0.8782 -0.4694 -0.0923
vn 0.7696 -0.6316 -0.0934
vn 0.9524 -0.0972 -0.2889
vn 0.9108 -0.2925 -0.2912
vn 0.8367 -0.4669 -0.2863
vn 0.7371 -0.6143 -0.2816
vn 0.8780 -0.0937 -0.4693
vn 0.8358 -0.2878 -0.4675
vn 0.7688 -0.4507 -0.4537
vn 0.6876 -0.5794 -0.4376
vn 0.7696 -0.0935 -0.6316
vn 0.7357 -0.2828 -0.6155
vn 0.6859 -0.4325 -0.5852
vn 0.6360 -0.5366 -0.5546
vn 0.0975 0.9904 -0.0975
vn 0.2890 0.9526 -0.0949
vn 0.4694 0.8782 -0.0923
vn 0.6316 0.7696 -0.0934
vn 0.0972 0.9524 -0.2889
vn 0.2925 0.9108 -0.2912
vn 0.4669 0.8367 -0.2863
vn 0.6143 0.7371 -0.2816
vn 0.0937 0.8780 -0.4693
vn 0.2878 0.8358 -0.4675
vn 0.4507 0.7688 -0.4537
vn 0.5794 0.6876 -0.4376
vn 0.0935 0.7696 -0.6316
vn 0.2828 0.7357 -0.6155
vn 0.4325 0.6859 -0.5852
vn 0.5366 0.6360 -0.5546
vn 0.9904 0.0975 -0.0975
vn 0.9526 0.0949 -0.2890
vn 0.8782 0.0923 -0.4694
vn 0.7696 0.0934 -0.6316
vn 0.9524 0.2889 -0.0972
vn 0.9108 0.2912 -0.2925
vn 0.8367 0.2863 -0.4669
vn 0.7371 0.2816 -0.6143
vn 0.8780 0.4693 -0.0937
vn 0.8358 0.4675 -0.2878
vn 0.7688 0.4537 -0.4507
vn 0.6876 0.4376 -0.5794
vn 0.7696 0.6316 -0.0935
vn 0.7357 0.6155 -0.2828
vn 0.6859 0.5852 -0.4325
vn 0.6360 0.5546 -0.5366
vn 0.0975 0.0975 -0.9904
vn 0.0949 0.2890 -0.9526
vn 0.0923 0.4694 -0.8782
vn 0.0934 0.6316 -0.7696
vn 0.2889 0.0972 -0.9524
vn 0.2912 0.2925 -0.9108
vn 0.2863 0.4669 -0.8367
vn 0.2816 0.6143 -0.7371
vn 0.4693 0.0937 -0.8780
vn 0.4675 0.2878 -0.8358
vn 0.4537 0.4507 -0.7688
vn 0.4376 0.5794 -0.6876
vn 0.6316 0.0935 -0.7696
vn 0.6155 0.2828 -0.7357
vn 0.5852 0.4325 -0.6859
vn 0.5546 0.5366 -0.6360
vn -0.0980 -0.9952 -0.0000
vn -0.2903 -0.9569 -0.0000
vn -0.4714 -0.8819 -0.0000
vn -0.6344 -0.7730 -0.0000
vn -0.7730 -0.6344 -0.0000
vn -0.8819 -0.4714 -0.0000
vn -0.9569 -0.2903 -0.0000
vn -0.9952 -0.0980 -0.0000
vn -0.0980 -0.0000 0.9952
vn -0.2903 -0.0000 0.9569
vn -0.4714 -0.0000 0.8819
vn -0.6344 -0.0000 0.7730
vn -0.7730 -0.0000 0.6344
vn -0.8819 -0.0000 0.4714
vn -0.9569 -0.0000 0.2903
vn -0.9952 -0.0000 0.0980
vn -0.0980 0.9952 -0.0000
vn -0.2903 0.9569 -0.0000
vn -0.4714 0.8819 -0.0000
vn -0.6344 0.7730 -0.0000
vn -0.7730 0.6344 -0.0000
vn -0.8819 0.4714 -0.0000
vn -0.9569 0.2903 -0.0000
vn -0.9952 0.0980 -0.0000
vn -0.0980 -0.0000 -0.9952
vn -0.2903 -0.0000 -0.9569
vn -0.4714 -0.0000 -0.8819
vn -0.6344 -0.0000 -0.7730
vn -0.7730 -0.0000 -0.6344
vn -0.8819 -0.0000 -0.4714
vn -0.9569 -0.0000 -0.2903
vn -0.9952 -0.0000 -0.0980
vn -0.0000 -0.9952 -0.0980
vn -0.0000 -0.9569 -0.2903
vn -0.0000 -0.8819 -0.4714
vn -0.0000 -0.7730 -0.6344
vn -0.0000 -0.6344 -0.7730
vn -0.0000 -0.4714 -0.8819
vn -0.0000 -0.2903 -0.9569
vn -0.0000 -0.0980 -0.9952
vn -0.0000 0.9952 -0.0980
vn -0.0000 0.9569 -0.2903
vn -0.0000 0.8819 -0.4714
vn -0.0000 0.7730 -0.6344
vn -0.0000 0.6344 -0.7730
vn -0.0000 0.4714 -0.8819
vn -0.0000 0.2903 -0.9569
vn -0.0000 0.0980 -0.9952
vn 0.9952 -0.0000 -0.0980
vn 0.9569 -0.0000 -0.2903
vn 0.8819 -0.0000 -0.4714
vn 0.7730 -0.0000 -0.6344
vn 0.6344 -0.0000 -0.7730
vn 0.4714 -0.0000 -0.8819
vn 0.2903 -0.0000 -0.9569
vn 0.0980 -0.0000 -0.9952
vn 0.0980 -0.9952 -0.0000
vn 0.2903 -0.9569 -0.0000
vn 0.4714 -0.8819 -0.0000
vn 0.6344 -0.7730 -0.0000
vn 0.7730 -0.6344 -0.0000
vn 0.8819 -0.4714 -0.0000
vn 0.9569 -0.2903 -0.0000
vn 0.9952 -0.0980 -0.0000
vn 0.0980 0.9952 -0.0000
vn 0.2903 0.9569 -0.0000
vn 0.4714 0.8819 -0.0000
vn 0.6344 0.7730 -0.0000
vn 0.7730 0.6344 -0.0000
vn 0.8819 0.4714 -0.0000
vn 0.9569 0.2903 -0.0000
vn 0.9952 0.0980 -0.0000
vn 0.0980 -0.0000 0.9952
vn 0.2903 -0.0000 0.9569
vn 0.4714 -0.0000 0.8819
vn 0.6344 -0.0000 0.7730
vn 0.7730 -0.0000 0.6344
vn 0.8819 -0.0000 0.4714
vn 0.9569 -0.0000 0.2903
vn 0.9952 -0.0000 0.0980
vn -0.0000 -0.9952 0.0980
vn -0.0000 -0.9569 0.2903
vn -0.0000 -0.8819 0.4714
vn -0.0000 -0.7730 0.6344
vn -0.0000 -0.6344 0.7730
vn -0.0000 -0.4714 0.8819
vn -0.0000 -0.2903 0.9569
vn -0.0000 -0.0980 0.9952
vn -0.0000 0.9952 0.0980
vn -0.0000 0.9569 0.2903
vn -0.0000 0.8819 0.4714
vn -0.0000 0.7730 0.6344
vn -0.0000 0.6344 0.7730
vn -0.0000 0.4714 0.8819
vn -0.0000 0.2903 0.9569
vn -0.0000 0.0980 0.9952
vn -0.0000 -1.0000 -0.0000
vn -0.1066 -0.9886 0.1066
vn -0.1095 -0.9463 0.3042
vn -0.1063 -0.8692 0.4830
vn -0.0991 -0.7651 0.6362
vn -0.3027 -0.9467 0.1105
vn -0.3038 -0.9025 0.3053
vn -0.2944 -0.8295 0.4747
vn -0.2840 -0.7347 0.6160
vn -0.4829 -0.8691 0.1075
vn -0.4742 -0.8295 0.2949
vn -0.4505 -0.7688 0.4538
vn -0.4326 -0.6862 0.5848
vn -0.6366 -0.7647 0.0997
vn -0.6161 -0.7349 0.2836
vn -0.5794 -0.6874 0.4379
vn -0.5366 -0.6360 0.5546
vn -0.1066 -0.1066 0.9886
vn -0.3042 -0.1095 0.9463
vn -0.4830 -0.1063 0.8692
vn -0.6362 -0.0991 0.7651
vn -0.1105 -0.3027 0.9467
vn -0.3053 -0.3038 0.9025
vn -0.4747 -0.2944 0.8295
vn -0.6160 -0.2840 0.7347
vn -0.1075 -0.4829 0.8691
vn -0.2949 -0.4742 0.8295
vn -0.4538 -0.4505 0.7688
vn -0.5848 -0.4326 0.6862
vn -0.0997 -0.6366 0.7647
vn -0.2836 -0.6161 0.7349
vn -0.4379 -0.5794 0.6874
vn -0.5546 -0.5366 0.6360
vn -0.9886 -0.1066 0.1066
vn -0.9463 -0.3042 0.1095
vn -0.8692 -0.4830 0.1063
vn -0.7651 -0.6362 0.0991
vn -0.9467 -0.1105 0.3027
vn -0.9025 -0.3053 0.3038
vn -0.8295 -0.4747 0.2944
vn -0.7347 -0.6160 0.2840
vn -0.8691 -0.1075 0.4829
vn -0.8295 -0.2949 0.4742
vn -0.7688 -0.4538 0.4505
vn -0.6862 -0.5848 0.4326
vn -0.7647 -0.0997 0.6366
vn -0.7349 -0.2836 0.6161
vn -0.6874 -0.4379 0.5794
vn -0.6360 -0.5546 0.5366
vn -0.1066 0.1066 0.9886
vn -0.1095 0.3042 0.9463
vn -0.1063 0.4830 0.8692
vn -0.0991 0.6362 0.7651
vn -0.3027 0.1105 0.9467
vn -0.3038 0.3053 0.9025
vn -0.2944 0.4747 0.8295
vn -0.2840 0.6160 0.7347
vn -0.4829 0.1075 0.8691
vn -0.4742 0.2949 0.8295
vn -0.4505 0.4538 0.7688
vn -0.4326 0.5848 0.6862
vn -0.6366 0.0997 0.7647
vn -0.6161 0.2836 0.7349
vn -0.5794 0.4379 0.6874
vn -0.5366 0.5546 0.6360
vn -0.1066 0.9886 0.1066
vn -0.3042 0.9463 0.1095
vn -0.4830 0.8692 0.1063
vn -0.6362 0.7651 0.0991
vn -0.1105 0.9467 0.3027
vn -0.3053 0.9025 0.3038
vn -0.4747 0.8295 0.2944
vn -0.6160 0.7347 0.2840
vn -0.1075 0.8691 0.4829
vn -0.2949 0.8295 0.4742
vn -0.4538 0.7688 0.4505
vn -0.5848 0.6862 0.4326
vn -0.0997 0.7647 0.6366
vn -0.2836 0.7349 0.6161
vn -0.4379 0.6874 0.5794
vn -0.5546 0.6360 0.5366
vn -0.9886 0.1066 0.1066
vn -0.9463 0.1095 0.3042
vn -0.8692 0.1063 0.4830
vn -0.7651 0.0991 0.6362
vn -0.9467 0.3027 0.1105
vn -0.9025 0.3038 0.3053
vn -0.8295 0.2944 0.4747
vn -0.7347 0.2840 0.6160
vn -0.8691 0.4829 0.1075
vn -0.8295 0.4742 0.2949
vn -0.7688 0.4505 0.4538
vn -0.6862 0.4326 0.5848
vn -0.7647 0.6366 0.0997
vn -0.7349 0.6161 0.2836
vn -0.6874 0.5794 0.4379
vn -0.6360 0.5366 0.5546
vn -0.1066 -0.9886 -0.1066
vn -0.3042 -0.9463 -0.1095
vn -0.4830 -0.8692 -0.1063
vn -0.6362 -0.7651 -0.0991
vn -0.1105 -0.9467 -0.3027
vn -0.3053 -0.9025 -0.3038
vn -0.4747 -0.8295 -0.2944
vn -0.6160 -0.7347 -0.2840
vn -0.1075 -0.8691 -0.4829
vn -0.2949 -0.8295 -0.4742
vn -0.4538 -0.7688 -0.4505
vn -0.5848 -0.6862 -0.4326
vn -0.0997 -0.7647 -0.6366
vn -0.2836 -0.7349 -0.6161
vn -0.4379 -0.6874 -0.5794
vn -0.5546 -0.6360 -0.5366
vn -0.9886 -0.1066 -0.1066
vn -0.9463 -0.1095 -0.3042
vn -0.8692 -0.1063 -0.4830
vn -0.7651 -0.0991 -0.6362
vn -0.9467 -0.3027 -0.1105
vn -0.9025 -0.3038 -0.3053
vn -0.8295 -0.2944 -0.4747
vn -0.7347 -0.2840 -0.6160
vn -0.8691 -0.4829 -0.1075
vn -0.8295 -0.4742 -0.2949
vn -0.7688 -0.4505 -0.4538
vn -0.6862 -0.4326 -0.5848
vn -0.7647 -0.6366 -0.0997
vn -0.7349 -0.6161 -0.2836
vn -0.6874 -0.5794 -0.4379
vn -0.6360 -0.5366 -0.5546
vn -0.1066 -0.1066 -0.9886
vn -0.1095 -0.3042 -0.9463
vn -0.1063 -0.4830 -0.8692
vn -0.0991 -0.6362 -0.7651
vn -0.3027 -0.1105 -0.9467
vn -0.3038 -0.3053 -0.9025
vn -0.2944 -0.4747 -0.8295
vn -0.2840 -0.6160 -0.7347
vn -0.4829 -0.1075 -0.8691
vn -0.4742 -0.2949 -0.8295
vn -0.4505 -0.4538 -0.7688
vn -0.4326 -0.5848 -0.6862
vn -0.6366 -0.0997 -0.7647
vn -0.6161 -0.2836 -0.7349
vn -0.5794 -0.4379 -0.6874
vn -0.5366 -0.5546 -0.6360
vn -0.1066 0.9886 -0.1066
vn -0.1095 0.9463 -0.3042
vn -0.1063 0.8692 -0.4830
vn -0.0991 0.7651 -0.6362
vn -0.3027 0.9467 -0.1105
vn -0.3038 0.9025 -0.3053
vn -0.2944 0.8295 -0.4747
vn -0.2840 0.7347 -0.6160
vn -0.4829 0.8691 -0.1075
vn -0.4742 0.8295 -0.2949
vn -0.4505 0.7688 -0.4538
vn -0.4326 0.6862 -0.5848
vn -0.6366 0.7647 -0.0997
vn -0.6161 0.7349 -0.2836
vn -0.5794 0.6874 -0.4379
vn -0.5366 0.6360 -0.5546
vn -0.1066 0.1066 -0.9886
vn -0.3042 0.1095 -0.9463
vn -0.4830 0.1063 -0.8692
vn -0.6362 0.0991 -0.7651
vn -0.1105 0.3027 -0.9467
vn -0.3053 0.3038 -0.9025
vn -0.4747 0.2944 -0.8295
vn -0.6160 0.2840 -0.7347
vn -0.1075 0.4829 -0.8691
vn -0.2949 0.4742 -0.8295
vn -0.4538 0.4505 -0.7688
vn -0.5848 0.4326 -0.6862
vn -0.0997 0.6366 -0.7647
vn -0.2836 0.6161 -0.7349
vn -0.4379 0.5794 -0.6874
vn -0.5546 0.5366 -0.6360
vn -0.9886 0.1066 -0.1066
vn -0.9463 0.3042 -0.1095
vn -0.8692 0.4830 -0.1063
vn -0.7651 0.6362 -0.0991
vn -0.9467 0.1105 -0.3027
vn -0.9025 0.3053 -0.3038
vn -0.8295 0.4747 -0.2944
vn -0.7347 0.6160 -0.2840
vn -0.8691 0.1075 -0.4829
vn -0.8295 0.2949 -0.4742
vn -0.7688 0.4538 -0.4505
vn -0.6862 0.5848 -0.4326
vn -0.7647 0.0997 -0.6366
vn -0.7349 0.2836 -0.6161
vn -0.6874 0.4379 -0.5794
vn -0.6360 0.5546 -0.5366
vn 0.1066 -0.9886 0.1066
vn 0.3042 -0.9463 0.1095
vn 0.4830 -0.8692 0.1063
vn 0.6362 -0.7651 0.0991
vn 0.1105 -0.9467 0.3027
vn 0.3053 -0.9025 0.3038
vn 0.4747 -0.8295 0.2944
vn 0.6160 -0.7347 0.2840
vn 0.1075 -0.8691 0.4829
vn 0.2949 -0.8295 0.4742
vn 0.4538 -0.7688 0.4505
vn 0.5848 -0.6862 0.4326
vn 0.0997 -0.7647 0.6366
vn 0.2836 -0.7349 0.6161
vn 0.4379 -0.6874 0.5794
vn 0.5546 -0.6360 0.5366
vn 0.9886 -0.1066 0.1066
vn 0.9463 -0.1095 0.3042
vn 0.8692 -0.1063 0.4830
vn 0.7651 -0.0991 0.6362
vn 0.9467 -0.3027 0.1105
vn 0.9025 -0.3038 0.3053
vn 0.8295 -0.2944 0.4747
vn 0.7347 -0.2840 0.6160
vn 0.8691 -0.4829 0.1075
vn 0.8295 -0.4742 0.2949
vn 0.7688 -0.4505 0.4538
vn 0.6862 -0.4326 0.5848
vn 0.7647 -0.6366 0.0997
vn 0.7349 -0.6161 0.2836
vn 0.6874 -0.5794 0.4379
vn 0.6360 -0.5366 0.5546
vn 0.1066 -0.1066 0.9886
vn 0.1095 -0.3042 0.9463
vn 0.1063 -0.4830 0.8692
vn 0.0991 -0.6362 0.7651
vn 0.3027 -0.1105 0.9467
vn 0.3038 -0.3053 0.9025
vn 0.2944 -0.4747 0.8295
vn 0.2840 -0.6160 0.7347
vn 0.4829 -0.1075 0.8691
vn 0.4742 -0.2949 0.8295
vn 0.4505 -0.4538 0.7688
vn 0.4326 -0.5848 0.6862
vn 0.6366 -0.0997 0.7647
vn 0.6161 -0.2836 0.7349
vn 0.5794 -0.4379 0.6874
vn 0.5366 -0.5546 0.6360
vn 0.1066 0.9886 0.1066
vn 0.1095 0.9463 0.3042
vn 0.1063 0.8692 0.4830
vn 0.0991 0.7651 0.6362
vn 0.3027 0.9467 0.1105
vn 0.3038 0.9025 0.3053
vn 0.2944 0.8295 0.4747
vn 0.2840 0.7347 0.6160
vn 0.4829 0.8691 0.1075
vn 0.4742 0.8295 0.2949
vn 0.4505 0.7688 0.4538
vn 0.4326 0.6862 0.5848
vn 0.6366 0.7647 0.0997
vn 0.6161 0.7349 0.2836
vn 0.5794 0.6874 0.4379
vn 0.5366 0.6360 0.5546
vn 0.1066 0.1066 0.9886
vn 0.3042 0.1095 0.9463
vn 0.4830 0.1063 0.8692
vn 0.6362 0.0991 0.7651
vn 0.1105 0.3027 0.9467
vn 0.3053 0.3038 0.9025
vn 0.4747 0.2944 0.8295
vn 0.6160 0.2840 0.7347
vn 0.1075 0.4829 0.8691
vn 0.2949 0.4742 0.8295
vn 0.4538 0.4505 0.7688
vn 0.5848 0.4326 0.6862
vn 0.0997 0.6366 0.7647
vn 0.2836 0.6161 0.7349
vn 0.4379 0.5794 0.6874
vn 0.5546 0.5366 0.6360
vn 0.9886 0.1066 0.1066
vn 0.9463 0.3042 0.1095
vn 0.8692 0.4830 0.1063
vn 0.7651 0.6362 0.0991
vn 0.9467 0.1105 0.3027
vn 0.9025 0.3053 0.3038
vn 0.8295 0.4747 0.2944
vn 0.7347 0.6160 0.2840
vn 0.8691 0.1075 0.4829
vn 0.8295 0.2949 0.4742
vn 0.7688 0.4538 0.4505
vn 0.6862 0.5848 0.4326
vn 0.7647 0.0997 0.6366
vn 0.7349 0.2836 0.6161
vn 0.6874 0.4379 0.5794
vn 0.6360 0.5546 0.5366
vn 0.1066 -0.9886 -0.1066
vn 0.1095 -0.9463 -0.3042
vn 0.1063 -0.8692 -0.4830
vn 0.0991 -0.7651 -0.6362
vn 0.3027 -0.9467 -0.1105
vn 0.3038 -0.9025 -0.3053
vn 0.2944 -0.8295 -0.4747
vn 0.2840 -0.7347 -0.6160
vn 0.4829 -0.8691 -0.1075
vn 0.4742 -0.8295 -0.2949
vn 0.4505 -0.7688 -0.4538
vn 0.4326 -0.6862 -0.5848
vn 0.6366 -0.7647 -0.0997
vn 0.6161 -0.7349 -0.2836
vn 0.5794 -0.6874 -0.4379
vn 0.5366 -0.6360 -0.5546
vn 0.1066 -0.1066 -0.9886
vn 0.3042 -0.1095 -0.9463
vn 0.4830 -0.1063 -0.8692
vn 0.6362 -0.0991 -0.7651
vn 0.1105 -0.3027 -0.9467
vn 0.3053 -0.3038 -0.9025
vn 0.4747 -0.2944 -0.8295
vn 0.6160 -0.2840 -0.7347
vn 0.1075 -0.4829 -0.8691
vn 0.2949 -0.4742 -0.8295
vn 0.4538 -0.4505 -0.7688
vn 0.5848 -0.4326 -0.6862
vn 0.0997 -0.6366 -0.7647
vn 0.2836 -0.6161 -0.7349
vn 0.4379 -0.5794 -0.6874
vn 0.5546 -0.5366 -0.6360
vn 0.9886 -0.1066 -0.1066
vn 0.9463 -0.3042 -0.1095
vn 0.8692 -0.4830 -0.1063
vn 0.7651 -0.6362 -0.0991
vn 0.9467 -0.1105 -0.3027
vn 0.9025 -0.3053 -0.3038
vn 0.8295 -0.4747 -0.2944
vn 0.7347 -0.6160 -0.2840
vn 0.8691 -0.1075 -0.4829
vn 0.8295 -0.2949 -0.4742
vn 0.7688 -0.4538 -0.4505
vn 0.6862 -0.5848 -0.4326
vn 0.7647 -0.0997 -0.6366
vn 0.7349 -0.2836 -0.6161
vn 0.6874 -0.4379 -0.5794
vn 0.6360 -0.5546 -0.5366
vn 0.1066 0.9886 -0.1066
vn 0.3042 0.9463 -0.1095
vn 0.4830 0.8692 -0.1063
vn 0.6362 0.7651 -0.0991
vn 0.1105 0.9467 -0.3027
vn 0.3053 0.9025 -0.3038
vn 0.4747 0.8295 -0.2944
vn 0.6160 0.7347 -0.2840
vn 0.1075 0.8691 -0.4829
vn 0.2949 0.8295 -0.4742
vn 0.4538 0.7688 -0.4505
vn 0.5848 0.6862 -0.4326
vn 0.0997 0.7647 -0.6366
vn 0.2836 0.7349 -0.6161
vn 0.4379 0.6874 -0.5794
vn 0.5546 0.6360 -0.5366
vn 0.9886 0.1066 -0.1066
vn 0.9463 0.1095 -0.3042
vn 0.8692 0.1063 -0.4830
vn 0.7651 0.0991 -0.6362
vn 0.9467 0.3027 -0.1105
vn 0.9025 0.3038 -0.3053
vn 0.8295 0.2944 -0.4747
vn 0.7347 0.2840 -0.6160
vn 0.8691 0.4829 -0.1075
vn 0.8295 0.4742 -0.2949
vn 0.7688 0.4505 -0.4538
vn 0.6862 0.4326 -0.5848
vn 0.7647 0.6366 -0.0997
vn 0.7349 0.6161 -0.2836
vn 0.6874 0.5794 -0.4379
vn 0.6360 0.5366 -0.5546
vn 0.1066 0.1066 -0.9886
vn 0.1095 0.3042 -0.9463
vn 0.1063 0.4830 -0.8692
vn 0.0991 0.6362 -0.7651
vn 0.3027 0.1105 -0.9467
vn 0.3038 0.3053 -0.9025
vn 0.2944 0.4747 -0.8295
vn 0.2840 0.6160 -0.7347
vn 0.4829 0.1075 -0.8691
vn 0.4742 0.2949 -0.8295
vn 0.4505 0.4538 -0.7688
vn 0.4326 0.5848 -0.6862
vn 0.6366 0.0997 -0.7647
vn 0.6161 0.2836 -0.7349
vn 0.5794 0.4379 -0.6874
vn 0.5366 0.5546 -0.6360
vt 0.562500 0.812500
vt 0.437500 0.937500
vt 0.437500 0.812500
vt 0.562500 0.562500
vt 0.437500 0.687500
vt 0.437500 0.562500
vt 0.812500 0.562500
vt 0.687500 0.687500
vt 0.687500 0.562500
vt 0.562500 0.062500
vt 0.437500 0.187500
vt 0.437500 0.062500
vt 0.562500 0.312500
vt 0.437500 0.437500
vt 0.437500 0.312500
vt 0.187500 0.699693
vt 0.175307 0.687500
vt 0.187500 0.687500
vt 0.187500 0.711418
vt 0.174933 0.700223
vt 0.187500 0.722223
vt 0.174914 0.712044
vt 0.187500 0.750000
vt 0.175024 0.722265
vt 0.163582 0.687500
vt 0.162991 0.700227
vt 0.163305 0.711753
vt 0.175086 0.750000
vt 0.164036 0.721123
vt 0.152777 0.687500
vt 0.152675 0.700053
vt 0.155566 0.719434
vt 0.153867 0.710997
vt 0.156473 0.750000
vt 0.125000 0.687500
vt 0.125000 0.699914
vt 0.125000 0.718527
vt 0.125000 0.710544
vt 0.151416 0.750000
vt 0.437500 0.949693
vt 0.425307 0.937500
vt 0.437500 0.961418
vt 0.424933 0.950223
vt 0.437500 0.972223
vt 0.424914 0.962044
vt 0.437500 1.000000
vt 0.425024 0.972265
vt 0.413582 0.937500
vt 0.412991 0.950227
vt 0.413305 0.961753
vt 0.425086 1.000000
vt 0.414036 0.971123
vt 0.402777 0.937500
vt 0.402675 0.950053
vt 0.405566 0.969434
vt 0.403867 0.960997
vt 0.406473 1.000000
vt 0.375000 0.937500
vt 0.375000 0.949914
vt 0.375000 0.968527
vt 0.375000 0.960544
vt 0.401416 1.000000
vt 0.425307 0.062500
vt 0.437500 0.050307
vt 0.413582 0.062500
vt 0.424777 0.049933
vt 0.402777 0.062500
vt 0.412956 0.049914
vt 0.375000 0.062500
vt 0.402735 0.050024
vt 0.437500 0.038582
vt 0.424773 0.037991
vt 0.413247 0.038305
vt 0.375000 0.050086
vt 0.403877 0.039036
vt 0.437500 0.027777
vt 0.424947 0.027675
vt 0.405566 0.030566
vt 0.414003 0.028867
vt 0.375000 0.031473
vt 0.437500 0.000000
vt 0.425086 0.000000
vt 0.406473 0.000000
vt 0.414456 0.000000
vt 0.375000 0.026416
vt 0.574693 0.937500
vt 0.562500 0.949693
vt 0.562500 0.937500
vt 0.586418 0.937500
vt 0.575223 0.950067
vt 0.597223 0.937500
vt 0.587044 0.950086
vt 0.625000 0.937500
vt 0.597265 0.949976
vt 0.562500 0.961418
vt 0.575227 0.962009
vt 0.586753 0.961695
vt 0.625000 0.949914
vt 0.596123 0.960964
vt 0.562500 0.972223
vt 0.575053 0.972325
vt 0.594434 0.969434
vt 0.585997 0.971133
vt 0.625000 0.968527
vt 0.562500 1.000000
vt 0.574914 1.000000
vt 0.593527 1.000000
vt 0.585544 1.000000
vt 0.625000 0.973584
vt 0.824693 0.687500
vt 0.812500 0.699693
vt 0.812500 0.687500
vt 0.836418 0.687500
vt 0.825223 0.700067
vt 0.847223 0.687500
vt 0.837044 0.700086
vt 0.875000 0.687500
vt 0.847265 0.699976
vt 0.812500 0.711418
vt 0.825227 0.712009
vt 0.836753 0.711695
vt 0.875000 0.699914
vt 0.846123 0.710964
vt 0.812500 0.722223
vt 0.825053 0.722325
vt 0.844434 0.719434
vt 0.835997 0.721133
vt 0.875000 0.718527
vt 0.812500 0.750000
vt 0.824914 0.750000
vt 0.843527 0.750000
vt 0.835544 0.750000
vt 0.875000 0.723584
vt 0.562500 0.050307
vt 0.574693 0.062500
vt 0.562500 0.038582
vt 0.575067 0.049777
vt 0.562500 0.027777
vt 0.575086 0.037956
vt 0.562500 0.000000
vt 0.574976 0.027735
vt 0.586418 0.062500
vt 0.587009 0.049773
vt 0.586695 0.038247
vt 0.574914 0.000000
vt 0.585964 0.028877
vt 0.597223 0.062500
vt 0.597325 0.049947
vt 0.594434 0.030566
vt 0.596133 0.039003
vt 0.593527 0.000000
vt 0.625000 0.062500
vt 0.625000 0.050086
vt 0.625000 0.031473
vt 0.625000 0.039456
vt 0.598584 0.000000
vt 0.175307 0.562500
vt 0.187500 0.550307
vt 0.187500 0.562500
vt 0.163582 0.562500
vt 0.174777 0.549933
vt 0.152777 0.562500
vt 0.162956 0.549914
vt 0.125000 0.562500
vt 0.152735 0.550024
vt 0.187500 0.538582
vt 0.174773 0.537991
vt 0.163247 0.538305
vt 0.125000 0.550086
vt 0.153877 0.539036
vt 0.187500 0.527777
vt 0.174947 0.527675
vt 0.155566 0.530566
vt 0.164003 0.528867
vt 0.125000 0.531473
vt 0.187500 0.500000
vt 0.175086 0.500000
vt 0.156473 0.500000
vt 0.164456 0.500000
vt 0.125000 0.526416
vt 0.437500 0.199693
vt 0.425307 0.187500
vt 0.437500 0.211418
vt 0.424933 0.200223
vt 0.437500 0.222223
vt 0.424914 0.212044
vt 0.437500 0.250000
vt 0.425024 0.222265
vt 0.413582 0.187500
vt 0.412991 0.200227
vt 0.413305 0.211753
vt 0.425086 0.250000
vt 0.414036 0.221123
vt 0.402777 0.187500
vt 0.402675 0.200053
vt 0.405566 0.219434
vt 0.403867 0.210997
vt 0.406473 0.250000
vt 0.375000 0.187500
vt 0.375000 0.199914
vt 0.375000 0.218527
vt 0.375000 0.210544
vt 0.401416 0.250000
vt 0.425307 0.312500
vt 0.437500 0.300307
vt 0.413582 0.312500
vt 0.424777 0.299933
vt 0.402777 0.312500
vt 0.412956 0.299914
vt 0.375000 0.312500
vt 0.402735 0.300024
vt 0.437500 0.288582
vt 0.424773 0.287991
vt 0.413247 0.288305
vt 0.375000 0.300086
vt 0.403877 0.289036
vt 0.437500 0.277777
vt 0.424947 0.277675
vt 0.405566 0.280566
vt 0.414003 0.278867
vt 0.375000 0.281473
vt 0.414456 0.250000
vt 0.375000 0.276416
vt 0.812500 0.550307
vt 0.824693 0.562500
vt 0.812500 0.538582
vt 0.825067 0.549777
vt 0.812500 0.527777
vt 0.825086 0.537956
vt 0.812500 0.500000
vt 0.824976 0.527735
vt 0.836418 0.562500
vt 0.837009 0.549773
vt 0.836695 0.538247
vt 0.824914 0.500000
vt 0.835964 0.528877
vt 0.847223 0.562500
vt 0.847325 0.549947
vt 0.844434 0.530566
vt 0.846133 0.539003
vt 0.843527 0.500000
vt 0.875000 0.562500
vt 0.875000 0.550086
vt 0.875000 0.531473
vt 0.875000 0.539456
vt 0.848584 0.500000
vt 0.562500 0.300307
vt 0.574693 0.312500
vt 0.562500 0.288582
vt 0.575067 0.299777
vt 0.562500 0.277777
vt 0.575086 0.287956
vt 0.562500 0.250000
vt 0.574976 0.277735
vt 0.586418 0.312500
vt 0.587009 0.299773
vt 0.586695 0.288247
vt 0.574914 0.250000
vt 0.585964 0.278877
vt 0.597223 0.312500
vt 0.597325 0.299947
vt 0.594434 0.280566
vt 0.596133 0.289003
vt 0.593527 0.250000
vt 0.625000 0.312500
vt 0.625000 0.300086
vt 0.625000 0.281473
vt 0.625000 0.289456
vt 0.598584 0.250000
vt 0.574693 0.187500
vt 0.562500 0.199693
vt 0.562500 0.187500
vt 0.586418 0.187500
vt 0.575223 0.200067
vt 0.597223 0.187500
vt 0.587044 0.200086
vt 0.625000 0.187500
vt 0.597265 0.199976
vt 0.562500 0.211418
vt 0.575227 0.212009
vt 0.586753 0.211695
vt 0.625000 0.199914
vt 0.596123 0.210964
vt 0.562500 0.222223
vt 0.575053 0.222325
vt 0.594434 0.219434
vt 0.585997 0.221133
vt 0.625000 0.218527
vt 0.585544 0.250000
vt 0.625000 0.223584
vt 0.324693 0.687500
vt 0.312500 0.699693
vt 0.312500 0.687500
vt 0.336418 0.687500
vt 0.325223 0.700067
vt 0.347223 0.687500
vt 0.337044 0.700086
vt 0.375000 0.687500
vt 0.347265 0.699976
vt 0.312500 0.711418
vt 0.325227 0.712009
vt 0.336753 0.711695
vt 0.375000 0.699914
vt 0.346123 0.710964
vt 0.312500 0.722223
vt 0.325053 0.722325
vt 0.344434 0.719434
vt 0.335997 0.721133
vt 0.375000 0.718527
vt 0.312500 0.750000
vt 0.324914 0.750000
vt 0.343527 0.750000
vt 0.335544 0.750000
vt 0.383805 0.750000
vt 0.437500 0.699693
vt 0.425307 0.687500
vt 0.437500 0.711418
vt 0.424933 0.700223
vt 0.437500 0.722223
vt 0.424914 0.712044
vt 0.437500 0.750000
vt 0.425024 0.722265
vt 0.413582 0.687500
vt 0.412991 0.700227
vt 0.413305 0.711753
vt 0.425086 0.750000
vt 0.414036 0.721123
vt 0.402777 0.687500
vt 0.402675 0.700053
vt 0.405566 0.719434
vt 0.403867 0.710997
vt 0.406473 0.750000
vt 0.375000 0.699914
vt 0.375000 0.710544
vt 0.425307 0.812500
vt 0.437500 0.800307
vt 0.413582 0.812500
vt 0.424777 0.799933
vt 0.402777 0.812500
vt 0.412956 0.799914
vt 0.375000 0.812500
vt 0.402735 0.800024
vt 0.437500 0.788582
vt 0.424773 0.787992
vt 0.413247 0.788305
vt 0.375000 0.800086
vt 0.403877 0.789036
vt 0.437500 0.777777
vt 0.424947 0.777675
vt 0.405566 0.780566
vt 0.414003 0.778867
vt 0.375000 0.781473
vt 0.414456 0.750000
vt 0.687500 0.699693
vt 0.675307 0.687500
vt 0.687500 0.711418
vt 0.674933 0.700223
vt 0.687500 0.722223
vt 0.674914 0.712044
vt 0.687500 0.750000
vt 0.675024 0.722265
vt 0.663582 0.687500
vt 0.662992 0.700227
vt 0.663305 0.711753
vt 0.675086 0.750000
vt 0.664036 0.721123
vt 0.652777 0.687500
vt 0.652675 0.700053
vt 0.655566 0.719434
vt 0.653867 0.710997
vt 0.656473 0.750000
vt 0.625000 0.687500
vt 0.625000 0.699914
vt 0.625000 0.718527
vt 0.625000 0.710544
vt 0.625000 0.741195
vt 0.562500 0.800307
vt 0.574693 0.812500
vt 0.562500 0.788582
vt 0.575067 0.799777
vt 0.562500 0.777777
vt 0.575086 0.787956
vt 0.562500 0.750000
vt 0.574976 0.777735
vt 0.586418 0.812500
vt 0.587009 0.799773
vt 0.586695 0.788247
vt 0.574914 0.750000
vt 0.585964 0.778877
vt 0.597223 0.812500
vt 0.597325 0.799947
vt 0.594434 0.780566
vt 0.596133 0.789003
vt 0.593527 0.750000
vt 0.625000 0.812500
vt 0.625000 0.800086
vt 0.625000 0.781473
vt 0.625000 0.789456
vt 0.574693 0.687500
vt 0.562500 0.699693
vt 0.562500 0.687500
vt 0.586418 0.687500
vt 0.575223 0.700067
vt 0.597223 0.687500
vt 0.587044 0.700086
vt 0.597265 0.699976
vt 0.562500 0.711418
vt 0.575227 0.712009
vt 0.586753 0.711695
vt 0.596123 0.710964
vt 0.562500 0.722223
vt 0.575053 0.722325
vt 0.594434 0.719434
vt 0.585997 0.721133
vt 0.574914 0.750000
vt 0.585544 0.750000
vt 0.312500 0.550307
vt 0.324693 0.562500
vt 0.312500 0.562500
vt 0.312500 0.538582
vt 0.325067 0.549777
vt 0.312500 0.527777
vt 0.325086 0.537956
vt 0.312500 0.500000
vt 0.324976 0.527735
vt 0.336418 0.562500
vt 0.337009 0.549773
vt 0.336695 0.538247
vt 0.324914 0.500000
vt 0.335964 0.528877
vt 0.347223 0.562500
vt 0.347325 0.549947
vt 0.344434 0.530566
vt 0.346133 0.539003
vt 0.343527 0.500000
vt 0.375000 0.562500
vt 0.375000 0.550086
vt 0.375000 0.531473
vt 0.375000 0.539456
vt 0.375000 0.508805
vt 0.437500 0.449693
vt 0.425307 0.437500
vt 0.437500 0.461418
vt 0.424933 0.450223
vt 0.437500 0.472223
vt 0.424914 0.462044
vt 0.437500 0.500000
vt 0.425024 0.472265
vt 0.413582 0.437500
vt 0.412991 0.450227
vt 0.413305 0.461753
vt 0.425086 0.500000
vt 0.414036 0.471123
vt 0.402777 0.437500
vt 0.402675 0.450053
vt 0.405566 0.469434
vt 0.403867 0.460997
vt 0.406473 0.500000
vt 0.375000 0.437500
vt 0.375000 0.449914
vt 0.375000 0.468527
vt 0.375000 0.460544
vt 0.425307 0.562500
vt 0.437500 0.550307
vt 0.413582 0.562500
vt 0.424777 0.549933
vt 0.402777 0.562500
vt 0.412956 0.549914
vt 0.402735 0.550024
vt 0.437500 0.538582
vt 0.424773 0.537991
vt 0.413247 0.538305
vt 0.403877 0.539036
vt 0.437500 0.527777
vt 0.424947 0.527675
vt 0.405566 0.530566
vt 0.414003 0.528867
vt 0.414456 0.500000
vt 0.675307 0.562500
vt 0.687500 0.550307
vt 0.663582 0.562500
vt 0.674777 0.549933
vt 0.652777 0.562500
vt 0.662956 0.549914
vt 0.625000 0.562500
vt 0.652735 0.550024
vt 0.687500 0.538582
vt 0.674773 0.537991
vt 0.663247 0.538305
vt 0.625000 0.550086
vt 0.653877 0.539036
vt 0.687500 0.527777
vt 0.674947 0.527675
vt 0.655566 0.530566
vt 0.664003 0.528867
vt 0.625000 0.531473
vt 0.687500 0.500000
vt 0.675086 0.500000
vt 0.656473 0.500000
vt 0.664456 0.500000
vt 0.616195 0.500000
vt 0.562500 0.550307
vt 0.574693 0.562500
vt 0.562500 0.538582
vt 0.575067 0.549777
vt 0.562500 0.527777
vt 0.575086 0.537956
vt 0.562500 0.500000
vt 0.574976 0.527735
vt 0.586418 0.562500
vt 0.587009 0.549773
vt 0.586695 0.538247
vt 0.574914 0.500000
vt 0.585964 0.528877
vt 0.597223 0.562500
vt 0.597325 0.549947
vt 0.594434 0.530566
vt 0.596133 0.539003
vt 0.593527 0.500000
vt 0.625000 0.539456
vt 0.574693 0.437500
vt 0.562500 0.449693
vt 0.562500 0.437500
vt 0.586418 0.437500
vt 0.575223 0.450067
vt 0.597223 0.437500
vt 0.587044 0.450086
vt 0.625000 0.437500
vt 0.597265 0.449976
vt 0.562500 0.461418
vt 0.575227 0.462009
vt 0.586753 0.461695
vt 0.625000 0.449914
vt 0.596123 0.460964
vt 0.562500 0.472223
vt 0.575053 0.472325
vt 0.594434 0.469434
vt 0.585997 0.471133
vt 0.625000 0.468527
vt 0.585544 0.500000
vt 0.164456 0.750000
vt 0.414456 1.000000
vt 0.375000 0.039456
vt 0.625000 0.960544
vt 0.875000 0.710544
vt 0.585544 0.000000
vt 0.125000 0.539456
vt 0.375000 0.289456
vt 0.835544 0.500000
vt 0.585544 0.250000
vt 0.625000 0.210544
vt 0.375000 0.789456
vt 0.664456 0.750000
vt 0.585544 0.750000
vt 0.335544 0.500000
vt 0.625000 0.460544
s 0
f 307/1/1 2/2/1 247/3/1
f 429/4/2 246/5/2 369/6/2
f 184/7/3 306/8/3 428/9/3
f 64/10/4 124/11/4 3/12/4
f 185/13/5 368/14/5 125/15/5
f 4/16/6 8/17/6 1/18/6
f 5/19/7 9/20/7 4/16/7
f 6/21/8 10/22/8 5/19/8
f 7/23/9 11/24/9 6/21/9
f 9/20/10 13/25/10 8/17/10
f 10/22/11 14/26/11 9/20/11
f 11/24/12 15/27/12 10/22/12
f 12/28/13 16/29/13 11/24/13
f 14/26/14 18/30/14 13/25/14
f 15/27/15 19/31/15 14/26/15
f 15/27/16 21/32/16 20/33/16
f 16/29/17 22/34/17 21/32/17
f 19/31/18 46/35/18 18/30/18
f 20/33/19 51/36/19 19/31/19
f 20/33/20 61/37/20 56/38/20
f 21/32/21 23/39/21 61/37/21
f 24/40/22 28/41/22 2/2/22
f 25/42/23 29/43/23 24/40/23
f 26/44/24 30/45/24 25/42/24
f 27/46/25 31/47/25 26/44/25
f 29/43/26 33/48/26 28/41/26
f 30/45/27 34/49/27 29/43/27
f 31/47/28 35/50/28 30/45/28
f 32/51/29 36/52/29 31/47/29
f 34/49/30 38/53/30 33/48/30
f 35/50/31 39/54/31 34/49/31
f 35/50/32 41/55/32 40/56/32
f 36/52/33 42/57/33 41/55/33
f 39/54/34 7/58/34 38/53/34
f 40/56/35 12/59/35 39/54/35
f 40/56/36 22/60/36 17/61/36
f 41/55/37 23/62/37 22/60/37
f 43/63/38 47/64/38 3/12/38
f 44/65/39 48/66/39 43/63/39
f 45/67/40 49/68/40 44/65/40
f 46/69/41 50/70/41 45/67/41
f 48/66/42 52/71/42 47/64/42
f 49/68/43 53/72/43 48/66/43
f 50/70/44 54/73/44 49/68/44
f 51/74/45 55/75/45 50/70/45
f 53/72/46 57/76/46 52/71/46
f 54/73/47 58/77/47 53/72/47
f 54/73/48 60/78/48 59/79/48
f 55/75/49 61/80/49 60/78/49
f 58/77/50 27/81/50 57/76/50
f 59/79/51 32/82/51 58/77/51
f 59/79/52 42/83/52 37/84/52
f 60/78/53 23/85/53 42/83/53
f 65/86/54 69/87/54 62/88/54
f 66/89/55 70/90/55 65/86/55
f 67/91/56 71/92/56 66/89/56
f 68/93/57 72/94/57 67/91/57
f 70/90/58 74/95/58 69/87/58
f 71/92/59 75/96/59 70/90/59
f 72/94/60 76/97/60 71/92/60
f 73/98/61 77/99/61 72/94/61
f 75/96/62 79/100/62 74/95/62
f 76/97/63 80/101/63 75/96/63
f 76/97/64 82/102/64 81/103/64
f 77/99/65 83/104/65 82/102/65
f 80/101/66 107/105/66 79/100/66
f 81/103/67 112/106/67 80/101/67
f 81/103/68 122/107/68 117/108/68
f 82/102/69 84/109/69 122/107/69
f 85/110/70 89/111/70 63/112/70
f 86/113/71 90/114/71 85/110/71
f 87/115/72 91/116/72 86/113/72
f 88/117/73 92/118/73 87/115/73
f 90/114/74 94/119/74 89/111/74
f 91/116/75 95/120/75 90/114/75
f 92/118/76 96/121/76 91/116/76
f 93/122/77 97/123/77 92/118/77
f 95/120/78 99/124/78 94/119/78
f 96/121/79 100/125/79 95/120/79
f 96/121/80 102/126/80 101/127/80
f 97/123/81 103/128/81 102/126/81
f 100/125/82 68/129/82 99/124/82
f 101/127/83 73/130/83 100/125/83
f 101/127/84 83/131/84 78/132/84
f 102/126/85 84/133/85 83/131/85
f 104/134/86 108/135/86 64/10/86
f 105/136/87 109/137/87 104/134/87
f 106/138/88 110/139/88 105/136/88
f 107/140/89 111/141/89 106/138/89
f 109/137/90 113/142/90 108/135/90
f 110/139/91 114/143/91 109/137/91
f 111/141/92 115/144/92 110/139/92
f 112/145/93 116/146/93 111/141/93
f 114/143/94 118/147/94 113/142/94
f 115/144/95 119/148/95 114/143/95
f 115/144/96 121/149/96 120/150/96
f 116/146/97 122/151/97 121/149/97
f 119/148/98 88/152/98 118/147/98
f 120/150/99 93/153/99 119/148/99
f 120/150/100 103/154/100 98/155/100
f 121/149/101 84/156/101 103/154/101
f 126/157/102 130/158/102 123/159/102
f 127/160/103 131/161/103 126/157/103
f 128/162/104 132/163/104 127/160/104
f 129/164/105 133/165/105 128/162/105
f 131/161/106 135/166/106 130/158/106
f 132/163/107 136/167/107 131/161/107
f 133/165/108 137/168/108 132/163/108
f 134/169/109 138/170/109 133/165/109
f 136/167/110 140/171/110 135/166/110
f 137/168/111 141/172/111 136/167/111
f 137/168/112 143/173/112 142/174/112
f 138/170/113 144/175/113 143/173/113
f 141/172/114 168/176/114 140/171/114
f 142/174/115 173/177/115 141/172/115
f 142/174/116 183/178/116 178/179/116
f 143/173/117 145/180/117 183/178/117
f 146/181/118 150/182/118 124/11/118
f 147/183/119 151/184/119 146/181/119
f 148/185/120 152/186/120 147/183/120
f 149/187/121 153/188/121 148/185/121
f 151/184/122 155/189/122 150/182/122
f 152/186/123 156/190/123 151/184/123
f 153/188/124 157/191/124 152/186/124
f 154/192/125 158/193/125 153/188/125
f 156/190/126 160/194/126 155/189/126
f 157/191/127 161/195/127 156/190/127
f 157/191/128 163/196/128 162/197/128
f 158/193/129 164/198/129 163/196/129
f 161/195/130 129/199/130 160/194/130
f 162/197/131 134/200/131 161/195/131
f 162/197/132 144/201/132 139/202/132
f 163/196/133 145/203/133 144/201/133
f 165/204/134 169/205/134 125/15/134
f 166/206/135 170/207/135 165/204/135
f 167/208/136 171/209/136 166/206/136
f 168/210/137 172/211/137 167/208/137
f 170/207/138 174/212/138 169/205/138
f 171/209/139 175/213/139 170/207/139
f 172/211/140 176/214/140 171/209/140
f 173/215/141 177/216/141 172/211/141
f 175/213/142 179/217/142 174/212/142
f 176/214/143 180/218/143 175/213/143
f 176/214/144 182/219/144 181/220/144
f 177/216/145 183/221/145 182/219/145
f 180/218/146 149/187/146 179/217/146
f 181/220/147 154/192/147 180/218/147
f 181/220/148 164/198/148 159/222/148
f 182/219/149 145/223/149 164/198/149
f 187/224/150 191/225/150 184/7/150
f 188/226/151 192/227/151 187/224/151
f 189/228/152 193/229/152 188/226/152
f 190/230/153 194/231/153 189/228/153
f 192/227/154 196/232/154 191/225/154
f 193/229/155 197/233/155 192/227/155
f 194/231/156 198/234/156 193/229/156
f 195/235/157 199/236/157 194/231/157
f 197/233/158 201/237/158 196/232/158
f 198/234/159 202/238/159 197/233/159
f 198/234/160 204/239/160 203/240/160
f 199/236/161 205/241/161 204/239/161
f 202/238/162 229/242/162 201/237/162
f 203/240/163 234/243/163 202/238/163
f 203/240/164 244/244/164 239/245/164
f 204/239/165 206/246/165 244/244/165
f 207/247/166 211/248/166 185/13/166
f 208/249/167 212/250/167 207/247/167
f 209/251/168 213/252/168 208/249/168
f 210/253/169 214/254/169 209/251/169
f 212/250/170 216/255/170 211/248/170
f 213/252/171 217/256/171 212/250/171
f 214/254/172 218/257/172 213/252/172
f 215/258/173 219/259/173 214/254/173
f 217/256/174 221/260/174 216/255/174
f 218/257/175 222/261/175 217/256/175
f 218/257/176 224/262/176 223/263/176
f 219/259/177 225/264/177 224/262/177
f 222/261/178 190/265/178 221/260/178
f 223/263/179 195/266/179 222/261/179
f 223/263/180 205/267/180 200/268/180
f 224/262/181 206/269/181 205/267/181
f 226/270/182 230/271/182 186/272/182
f 227/273/183 231/274/183 226/270/183
f 228/275/184 232/276/184 227/273/184
f 229/277/185 233/278/185 228/275/185
f 231/274/186 235/279/186 230/271/186
f 232/276/187 236/280/187 231/274/187
f 233/278/188 237/281/188 232/276/188
f 234/282/189 238/283/189 233/278/189
f 236/280/190 240/284/190 235/279/190
f 237/281/191 241/285/191 236/280/191
f 237/281/192 243/286/192 242/287/192
f 238/283/193 244/288/193 243/286/193
f 241/285/194 210/253/194 240/284/194
f 242/287/195 215/258/195 241/285/195
f 242/287/196 225/264/196 220/289/196
f 243/286/197 206/290/197 225/264/197
f 248/291/198 252/292/198 245/293/198
f 249/294/199 253/295/199 248/291/199
f 250/296/200 254/297/200 249/294/200
f 251/298/201 255/299/201 250/296/201
f 253/295/202 257/300/202 252/292/202
f 254/297/203 258/301/203 253/295/203
f 255/299/204 259/302/204 254/297/204
f 256/303/205 260/304/205 255/299/205
f 258/301/206 262/305/206 257/300/206
f 259/302/207 263/306/207 258/301/207
f 259/302/208 265/307/208 264/308/208
f 260/304/209 266/309/209 265/307/209
f 263/306/210 290/310/210 262/305/210
f 264/308/211 295/311/211 263/306/211
f 264/308/212 305/312/212 300/313/212
f 265/307/213 267/314/213 305/312/213
f 268/315/214 272/316/214 246/5/214
f 269/317/215 273/318/215 268/315/215
f 270/319/216 274/320/216 269/317/216
f 271/321/217 275/322/217 270/319/217
f 273/318/218 277/323/218 272/316/218
f 274/320/219 278/324/219 273/318/219
f 275/322/220 279/325/220 274/320/220
f 276/326/221 280/327/221 275/322/221
f 278/324/222 282/328/222 277/323/222
f 279/325/223 283/329/223 278/324/223
f 279/325/224 285/330/224 284/331/224
f 280/327/225 286/332/225 285/330/225
f 283/329/226 251/298/226 282/328/226
f 284/331/227 256/333/227 283/329/227
f 284/331/228 266/309/228 261/334/228
f 285/330/229 267/314/229 266/309/229
f 287/335/230 291/336/230 247/3/230
f 288/337/231 292/338/231 287/335/231
f 289/339/232 293/340/232 288/337/232
f 290/341/233 294/342/233 289/339/233
f 292/338/234 296/343/234 291/336/234
f 293/340/235 297/344/235 292/338/235
f 294/342/236 298/345/236 293/340/236
f 295/346/237 299/347/237 294/342/237
f 297/344/238 301/348/238 296/343/238
f 298/345/239 302/349/239 297/344/239
f 298/345/240 304/350/240 303/351/240
f 299/347/241 305/352/241 304/350/241
f 302/349/242 271/321/242 301/348/242
f 303/351/243 276/326/243 302/349/243
f 303/351/244 286/332/244 281/353/244
f 304/350/245 267/314/245 286/332/245
f 309/354/246 313/355/246 306/8/246
f 310/356/247 314/357/247 309/354/247
f 311/358/248 315/359/248 310/356/248
f 312/360/249 316/361/249 311/358/249
f 314/357/250 318/362/250 313/355/250
f 315/359/251 319/363/251 314/357/251
f 316/361/252 320/364/252 315/359/252
f 317/365/253 321/366/253 316/361/253
f 319/363/254 323/367/254 318/362/254
f 320/364/255 324/368/255 319/363/255
f 320/364/256 326/369/256 325/370/256
f 321/366/257 327/371/257 326/369/257
f 324/368/258 351/372/258 323/367/258
f 325/370/259 356/373/259 324/368/259
f 325/370/260 366/374/260 361/375/260
f 326/369/261 328/376/261 366/374/261
f 329/377/262 333/378/262 307/1/262
f 330/379/263 334/380/263 329/377/263
f 331/381/264 335/382/264 330/379/264
f 332/383/265 336/384/265 331/381/265
f 334/380/266 338/385/266 333/378/266
f 335/382/267 339/386/267 334/380/267
f 336/384/268 340/387/268 335/382/268
f 337/388/269 341/389/269 336/384/269
f 339/386/270 343/390/270 338/385/270
f 340/387/271 344/391/271 339/386/271
f 340/387/272 346/392/272 345/393/272
f 341/389/273 347/394/273 346/392/273
f 344/391/274 312/395/274 343/390/274
f 345/393/275 317/396/275 344/391/275
f 345/393/276 327/397/276 322/398/276
f 346/392/277 328/376/277 327/397/277
f 348/399/278 352/400/278 308/401/278
f 349/402/279 353/403/279 348/399/279
f 350/404/280 354/405/280 349/402/280
f 351/372/281 355/406/281 350/404/281
f 353/403/282 357/407/282 352/400/282
f 354/405/283 358/408/283 353/403/283
f 355/406/284 359/409/284 354/405/284
f 356/373/285 360/410/285 355/406/285
f 358/408/286 362/411/286 357/407/286
f 359/409/287 363/412/287 358/408/287
f 359/409/288 365/413/288 364/414/288
f 360/410/289 366/374/289 365/413/289
f 363/412/290 332/383/290 362/411/290
f 364/414/291 337/415/291 363/412/291
f 364/414/292 347/394/292 342/416/292
f 365/413/293 328/376/293 347/394/293
f 370/417/294 374/418/294 367/419/294
f 371/420/295 375/421/295 370/417/295
f 372/422/296 376/423/296 371/420/296
f 373/424/297 377/425/297 372/422/297
f 375/421/298 379/426/298 374/418/298
f 376/423/299 380/427/299 375/421/299
f 377/425/300 381/428/300 376/423/300
f 378/429/301 382/430/301 377/425/301
f 380/427/302 384/431/302 379/426/302
f 381/428/303 385/432/303 380/427/303
f 381/428/304 387/433/304 386/434/304
f 382/430/305 388/435/305 387/433/305
f 385/432/306 412/436/306 384/431/306
f 386/434/307 417/437/307 385/432/307
f 386/434/308 427/438/308 422/439/308
f 387/433/309 389/440/309 427/438/309
f 390/441/310 394/442/310 368/14/310
f 391/443/311 395/444/311 390/441/311
f 392/445/312 396/446/312 391/443/312
f 393/447/313 397/448/313 392/445/313
f 395/444/314 399/449/314 394/442/314
f 396/446/315 400/450/315 395/444/315
f 397/448/316 401/451/316 396/446/316
f 398/452/317 402/453/317 397/448/317
f 400/450/318 404/454/318 399/449/318
f 401/451/319 405/455/319 400/450/319
f 401/451/320 407/456/320 406/457/320
f 402/453/321 408/458/321 407/456/321
f 405/455/322 373/459/322 404/454/322
f 406/457/323 378/460/323 405/455/323
f 406/457/324 388/461/324 383/462/324
f 407/456/325 389/440/325 388/461/325
f 409/463/326 413/464/326 369/6/326
f 410/465/327 414/466/327 409/463/327
f 411/467/328 415/468/328 410/465/328
f 412/436/329 416/469/329 411/467/329
f 414/466/330 418/470/330 413/464/330
f 415/468/331 419/471/331 414/466/331
f 416/469/332 420/472/332 415/468/332
f 417/437/333 421/473/333 416/469/333
f 419/471/334 423/474/334 418/470/334
f 420/472/335 424/475/335 419/471/335
f 420/472/336 426/476/336 425/477/336
f 421/473/337 427/438/337 426/476/337
f 424/475/338 393/447/338 423/474/338
f 425/477/339 398/452/339 424/475/339
f 425/477/340 408/458/340 403/478/340
f 426/476/341 389/440/341 408/458/341
f 431/479/342 435/480/342 428/9/342
f 432/481/343 436/482/343 431/479/343
f 433/483/344 437/484/344 432/481/344
f 434/485/345 438/486/345 433/483/345
f 436/482/346 440/487/346 435/480/346
f 437/484/347 441/488/347 436/482/347
f 438/486/348 442/489/348 437/484/348
f 439/490/349 443/491/349 438/486/349
f 441/488/350 445/492/350 440/487/350
f 442/489/351 446/493/351 441/488/351
f 442/489/352 448/494/352 447/495/352
f 443/491/353 449/496/353 448/494/353
f 446/493/354 473/497/354 445/492/354
f 447/495/355 478/498/355 446/493/355
f 447/495/356 488/499/356 483/500/356
f 448/494/357 450/501/357 488/499/357
f 451/502/358 455/503/358 429/4/358
f 452/504/359 456/505/359 451/502/359
f 453/506/360 457/507/360 452/504/360
f 454/508/361 458/509/361 453/506/361
f 456/505/362 460/510/362 455/503/362
f 457/507/363 461/511/363 456/505/363
f 458/509/364 462/512/364 457/507/364
f 459/513/365 463/514/365 458/509/365
f 461/511/366 465/515/366 460/510/366
f 462/512/367 466/516/367 461/511/367
f 462/512/368 468/517/368 467/518/368
f 463/514/369 469/519/369 468/517/369
f 466/516/370 434/485/370 465/515/370
f 467/518/371 439/490/371 466/516/371
f 467/518/372 449/496/372 444/520/372
f 468/517/373 450/501/373 449/496/373
f 470/521/374 474/522/374 430/523/374
f 471/524/375 475/525/375 470/521/375
f 472/526/376 476/527/376 471/524/376
f 473/528/377 477/529/377 472/526/377
f 475/525/378 479/530/378 474/522/378
f 476/527/379 480/531/379 475/525/379
f 477/529/380 481/532/380 476/527/380
f 478/533/381 482/534/381 477/529/381
f 480/531/382 484/535/382 479/530/382
f 481/532/383 485/536/383 480/531/383
f 481/532/384 487/537/384 486/538/384
f 482/534/385 488/539/385 487/537/385
f 485/536/386 454/508/386 484/535/386
f 486/538/387 459/513/387 485/536/387
f 486/538/388 469/519/388 464/540/388
f 487/537/389 450/501/389 469/519/389
f 1/18/390 126/157/390 123/159/390
f 8/17/391 127/160/391 126/157/391
f 13/25/392 128/162/392 127/160/392
f 18/30/393 129/164/393 128/162/393
f 46/69/394 160/194/394 129/199/394
f 45/67/395 155/189/395 160/194/395
f 44/65/396 150/182/396 155/189/396
f 43/63/397 124/11/397 150/182/397
f 62/88/398 24/40/398 2/2/398
f 69/87/399 25/42/399 24/40/399
f 74/95/400 26/44/400 25/42/400
f 79/100/401 27/46/401 26/44/401
f 107/140/402 57/76/402 27/81/402
f 106/138/403 52/71/403 57/76/403
f 105/136/404 47/64/404 52/71/404
f 104/134/405 3/12/405 47/64/405
f 184/7/406 85/110/406 63/112/406
f 191/225/407 86/113/407 85/110/407
f 196/232/408 87/115/408 86/113/408
f 201/237/409 88/117/409 87/115/409
f 229/277/410 118/147/410 88/152/410
f 228/275/411 113/142/411 118/147/411
f 227/273/412 108/135/412 113/142/412
f 226/270/413 64/10/413 108/135/413
f 125/15/414 207/247/414 185/13/414
f 169/205/415 208/249/415 207/247/415
f 174/212/416 209/251/416 208/249/416
f 179/217/417 210/253/417 209/251/417
f 149/187/418 240/284/418 210/253/418
f 148/185/419 235/279/419 240/284/419
f 147/183/420 230/271/420 235/279/420
f 146/181/421 186/272/421 230/271/421
f 123/159/422 370/417/422 367/419/422
f 130/158/423 371/420/423 370/417/423
f 135/166/424 372/422/424 371/420/424
f 140/171/425 373/424/425 372/422/425
f 168/210/426 404/454/426 373/459/426
f 167/208/427 399/449/427 404/454/427
f 166/206/428 394/442/428 399/449/428
f 165/204/429 368/14/429 394/442/429
f 428/9/430 187/224/430 184/7/430
f 435/480/431 188/226/431 187/224/431
f 440/487/432 189/228/432 188/226/432
f 445/492/433 190/230/433 189/228/433
f 473/528/434 221/260/434 190/265/434
f 472/526/435 216/255/435 221/260/435
f 471/524/436 211/248/436 216/255/436
f 470/521/437 185/13/437 211/248/437
f 369/6/438 451/502/438 429/4/438
f 413/464/439 452/504/439 451/502/439
f 418/470/440 453/506/440 452/504/440
f 423/474/441 454/508/441 453/506/441
f 393/447/442 484/535/442 454/508/442
f 392/445/443 479/530/443 484/535/443
f 391/443/444 474/522/444 479/530/444
f 390/441/445 430/523/445 474/522/445
f 367/419/446 248/291/446 245/293/446
f 374/418/447 249/294/447 248/291/447
f 379/426/448 250/296/448 249/294/448
f 384/431/449 251/298/449 250/296/449
f 412/436/450 282/328/450 251/298/450
f 411/467/451 277/323/451 282/328/451
f 410/465/452 272/316/452 277/323/452
f 409/463/453 246/5/453 272/316/453
f 306/8/454 431/479/454 428/9/454
f 313/355/455 432/481/455 431/479/455
f 318/362/456 433/483/456 432/481/456
f 323/367/457 434/485/457 433/483/457
f 351/372/458 465/515/458 434/485/458
f 350/404/459 460/510/459 465/515/459
f 349/402/460 455/503/460 460/510/460
f 348/399/461 429/4/461 455/503/461
f 247/3/462 329/377/462 307/1/462
f 291/336/463 330/379/463 329/377/463
f 296/343/464 331/381/464 330/379/464
f 301/348/465 332/383/465 331/381/465
f 271/321/466 362/411/466 332/383/466
f 270/319/467 357/407/467 362/411/467
f 269/317/468 352/400/468 357/407/468
f 268/315/469 308/401/469 352/400/469
f 245/293/470 4/16/470 1/18/470
f 252/292/471 5/19/471 4/16/471
f 257/300/472 6/21/472 5/19/472
f 262/305/473 7/23/473 6/21/473
f 290/341/474 38/53/474 7/58/474
f 289/339/475 33/48/475 38/53/475
f 288/337/476 28/41/476 33/48/476
f 287/335/477 2/2/477 28/41/477
f 63/112/478 309/354/478 306/8/478
f 89/111/479 310/356/479 309/354/479
f 94/119/480 311/358/480 310/356/480
f 99/124/481 312/360/481 311/358/481
f 68/93/482 343/390/482 312/395/482
f 67/91/483 338/385/483 343/390/483
f 66/89/484 333/378/484 338/385/484
f 65/86/485 307/1/485 333/378/485
f 367/419/486 1/18/486 123/159/486
f 307/1/1 62/88/1 2/2/1
f 429/4/2 308/401/2 246/5/2
f 184/7/3 63/112/3 306/8/3
f 64/10/4 186/272/4 124/11/4
f 185/13/5 430/523/5 368/14/5
f 4/16/487 9/20/487 8/17/487
f 5/19/488 10/22/488 9/20/488
f 6/21/489 11/24/489 10/22/489
f 7/23/490 12/28/490 11/24/490
f 9/20/491 14/26/491 13/25/491
f 10/22/492 15/27/492 14/26/492
f 11/24/493 16/29/493 15/27/493
f 12/28/494 17/541/494 16/29/494
f 14/26/495 19/31/495 18/30/495
f 15/27/496 20/33/496 19/31/496
f 15/27/497 16/29/497 21/32/497
f 16/29/498 17/541/498 22/34/498
f 19/31/499 51/36/499 46/35/499
f 20/33/500 56/38/500 51/36/500
f 20/33/501 21/32/501 61/37/501
f 21/32/502 22/34/502 23/39/502
f 24/40/503 29/43/503 28/41/503
f 25/42/504 30/45/504 29/43/504
f 26/44/505 31/47/505 30/45/505
f 27/46/506 32/51/506 31/47/506
f 29/43/507 34/49/507 33/48/507
f 30/45/508 35/50/508 34/49/508
f 31/47/509 36/52/509 35/50/509
f 32/51/510 37/542/510 36/52/510
f 34/49/511 39/54/511 38/53/511
f 35/50/512 40/56/512 39/54/512
f 35/50/513 36/52/513 41/55/513
f 36/52/514 37/542/514 42/57/514
f 39/54/515 12/59/515 7/58/515
f 40/56/516 17/61/516 12/59/516
f 40/56/517 41/55/517 22/60/517
f 41/55/518 42/57/518 23/62/518
f 43/63/519 48/66/519 47/64/519
f 44/65/520 49/68/520 48/66/520
f 45/67/521 50/70/521 49/68/521
f 46/69/522 51/74/522 50/70/522
f 48/66/523 53/72/523 52/71/523
f 49/68/524 54/73/524 53/72/524
f 50/70/525 55/75/525 54/73/525
f 51/74/526 56/543/526 55/75/526
f 53/72/527 58/77/527 57/76/527
f 54/73/528 59/79/528 58/77/528
f 54/73/529 55/75/529 60/78/529
f 55/75/530 56/543/530 61/80/530
f 58/77/531 32/82/531 27/81/531
f 59/79/532 37/84/532 32/82/532
f 59/79/533 60/78/533 42/83/533
f 60/78/534 61/80/534 23/85/534
f 65/86/535 70/90/535 69/87/535
f 66/89/536 71/92/536 70/90/536
f 67/91/537 72/94/537 71/92/537
f 68/93/538 73/98/538 72/94/538
f 70/90/539 75/96/539 74/95/539
f 71/92/540 76/97/540 75/96/540
f 72/94/541 77/99/541 76/97/541
f 73/98/542 78/544/542 77/99/542
f 75/96/543 80/101/543 79/100/543
f 76/97/544 81/103/544 80/101/544
f 76/97/545 77/99/545 82/102/545
f 77/99/546 78/544/546 83/104/546
f 80/101/547 112/106/547 107/105/547
f 81/103/548 117/108/548 112/106/548
f 81/103/549 82/102/549 122/107/549
f 82/102/550 83/104/550 84/109/550
f 85/110/551 90/114/551 89/111/551
f 86/113/552 91/116/552 90/114/552
f 87/115/553 92/118/553 91/116/553
f 88/117/554 93/122/554 92/118/554
f 90/114/555 95/120/555 94/119/555
f 91/116/556 96/121/556 95/120/556
f 92/118/557 97/123/557 96/121/557
f 93/122/558 98/545/558 97/123/558
f 95/120/559 100/125/559 99/124/559
f 96/121/560 101/127/560 100/125/560
f 96/121/561 97/123/561 102/126/561
f 97/123/562 98/545/562 103/128/562
f 100/125/563 73/130/563 68/129/563
f 101/127/564 78/132/564 73/130/564
f 101/127/565 102/126/565 83/131/565
f 102/126/566 103/128/566 84/133/566
f 104/134/567 109/137/567 108/135/567
f 105/136/568 110/139/568 109/137/568
f 106/138/569 111/141/569 110/139/569
f 107/140/570 112/145/570 111/141/570
f 109/137/571 114/143/571 113/142/571
f 110/139/572 115/144/572 114/143/572
f 111/141/573 116/146/573 115/144/573
f 112/145/574 117/546/574 116/146/574
f 114/143/575 119/148/575 118/147/575
f 115/144/576 120/150/576 119/148/576
f 115/144/577 116/146/577 121/149/577
f 116/146/578 117/546/578 122/151/578
f 119/148/579 93/153/579 88/152/579
f 120/150/580 98/155/580 93/153/580
f 120/150/581 121/149/581 103/154/581
f 121/149/582 122/151/582 84/156/582
f 126/157/583 131/161/583 130/158/583
f 127/160/584 132/163/584 131/161/584
f 128/162/585 133/165/585 132/163/585
f 129/164/586 134/169/586 133/165/586
f 131/161/587 136/167/587 135/166/587
f 132/163/588 137/168/588 136/167/588
f 133/165/589 138/170/589 137/168/589
f 134/169/590 139/547/590 138/170/590
f 136/167/591 141/172/591 140/171/591
f 137/168/592 142/174/592 141/172/592
f 137/168/593 138/170/593 143/173/593
f 138/170/594 139/547/594 144/175/594
f 141/172/595 173/177/595 168/176/595
f 142/174/596 178/179/596 173/177/596
f 142/174/597 143/173/597 183/178/597
f 143/173/598 144/175/598 145/180/598
f 146/181/599 151/184/599 150/182/599
f 147/183/600 152/186/600 151/184/600
f 148/185/601 153/188/601 152/186/601
f 149/187/602 154/192/602 153/188/602
f 151/184/603 156/190/603 155/189/603
f 152/186/604 157/191/604 156/190/604
f 153/188/605 158/193/605 157/191/605
f 154/192/606 159/222/606 158/193/606
f 156/190/607 161/195/607 160/194/607
f 157/191/608 162/197/608 161/195/608
f 157/191/609 158/193/609 163/196/609
f 158/193/610 159/222/610 164/198/610
f 161/195/611 134/200/611 129/199/611
f 162/197/612 139/202/612 134/200/612
f 162/197/613 163/196/613 144/201/613
f 163/196/614 164/198/614 145/203/614
f 165/204/615 170/207/615 169/205/615
f 166/206/616 171/209/616 170/207/616
f 167/208/617 172/211/617 171/209/617
f 168/210/618 173/215/618 172/211/618
f 170/207/619 175/213/619 174/212/619
f 171/209/620 176/214/620 175/213/620
f 172/211/621 177/216/621 176/214/621
f 173/215/622 178/548/622 177/216/622
f 175/213/623 180/218/623 179/217/623
f 176/214/624 181/220/624 180/218/624
f 176/214/625 177/216/625 182/219/625
f 177/216/626 178/548/626 183/221/626
f 180/218/627 154/192/627 149/187/627
f 181/220/628 159/222/628 154/192/628
f 181/220/629 182/219/629 164/198/629
f 182/219/630 183/221/630 145/223/630
f 187/224/631 192/227/631 191/225/631
f 188/226/632 193/229/632 192/227/632
f 189/228/633 194/231/633 193/229/633
f 190/230/634 195/235/634 194/231/634
f 192/227/635 197/233/635 196/232/635
f 193/229/636 198/234/636 197/233/636
f 194/231/637 199/236/637 198/234/637
f 195/235/638 200/549/638 199/236/638
f 197/233/639 202/238/639 201/237/639
f 198/234/640 203/240/640 202/238/640
f 198/234/641 199/236/641 204/239/641
f 199/236/642 200/549/642 205/241/642
f 202/238/643 234/243/643 229/242/643
f 203/240/644 239/245/644 234/243/644
f 203/240/645 204/239/645 244/244/645
f 204/239/646 205/241/646 206/246/646
f 207/247/647 212/250/647 211/248/647
f 208/249/648 213/252/648 212/250/648
f 209/251/649 214/254/649 213/252/649
f 210/253/650 215/258/650 214/254/650
f 212/250/651 217/256/651 216/255/651
f 213/252/652 218/257/652 217/256/652
f 214/254/653 219/259/653 218/257/653
f 215/258/654 220/550/654 219/259/654
f 217/256/655 222/261/655 221/260/655
f 218/257/656 223/263/656 222/261/656
f 218/257/657 219/259/657 224/262/657
f 219/259/658 220/550/658 225/264/658
f 222/261/659 195/266/659 190/265/659
f 223/263/660 200/268/660 195/266/660
f 223/263/661 224/262/661 205/267/661
f 224/262/662 225/264/662 206/269/662
f 226/270/663 231/274/663 230/271/663
f 227/273/664 232/276/664 231/274/664
f 228/275/665 233/278/665 232/276/665
f 229/277/666 234/282/666 233/278/666
f 231/274/667 236/280/667 235/279/667
f 232/276/668 237/281/668 236/280/668
f 233/278/669 238/283/669 237/281/669
f 234/282/670 239/551/670 238/283/670
f 236/280/671 241/285/671 240/284/671
f 237/281/672 242/287/672 241/285/672
f 237/281/673 238/283/673 243/286/673
f 238/283/674 239/551/674 244/288/674
f 241/285/675 215/258/675 210/253/675
f 242/287/676 220/289/676 215/258/676
f 242/287/677 243/286/677 225/264/677
f 243/286/678 244/288/678 206/290/678
f 248/291/679 253/295/679 252/292/679
f 249/294/680 254/297/680 253/295/680
f 250/296/681 255/299/681 254/297/681
f 251/298/682 256/303/682 255/299/682
f 253/295/683 258/301/683 257/300/683
f 254/297/684 259/302/684 258/301/684
f 255/299/685 260/304/685 259/302/685
f 256/303/686 261/334/686 260/304/686
f 258/301/687 263/306/687 262/305/687
f 259/302/688 264/308/688 263/306/688
f 259/302/689 260/304/689 265/307/689
f 260/304/690 261/334/690 266/309/690
f 263/306/691 295/311/691 290/310/691
f 264/308/692 300/313/692 295/311/692
f 264/308/693 265/307/693 305/312/693
f 265/307/694 266/309/694 267/314/694
f 268/315/695 273/318/695 272/316/695
f 269/317/696 274/320/696 273/318/696
f 270/319/697 275/322/697 274/320/697
f 271/321/698 276/326/698 275/322/698
f 273/318/699 278/324/699 277/323/699
f 274/320/700 279/325/700 278/324/700
f 275/322/701 280/327/701 279/325/701
f 276/326/702 281/353/702 280/327/702
f 278/324/703 283/329/703 282/328/703
f 279/325/704 284/331/704 283/329/704
f 279/325/705 280/327/705 285/330/705
f 280/327/706 281/353/706 286/332/706
f 283/329/707 256/333/707 251/298/707
f 284/331/708 261/334/708 256/333/708
f 284/331/709 285/330/709 266/309/709
f 285/330/710 286/332/710 267/314/710
f 287/335/711 292/338/711 291/336/711
f 288/337/712 293/340/712 292/338/712
f 289/339/713 294/342/713 293/340/713
f 290/341/714 295/346/714 294/342/714
f 292/338/715 297/344/715 296/343/715
f 293/340/716 298/345/716 297/344/716
f 294/342/717 299/347/717 298/345/717
f 295/346/718 300/552/718 299/347/718
f 297/344/719 302/349/719 301/348/719
f 298/345/720 303/351/720 302/349/720
f 298/345/721 299/347/721 304/350/721
f 299/347/722 300/552/722 305/352/722
f 302/349/723 276/326/723 271/321/723
f 303/351/724 281/353/724 276/326/724
f 303/351/725 304/350/725 286/332/725
f 304/350/726 305/352/726 267/314/726
f 309/354/727 314/357/727 313/355/727
f 310/356/728 315/359/728 314/357/728
f 311/358/729 316/361/729 315/359/729
f 312/360/730 317/365/730 316/361/730
f 314/357/731 319/363/731 318/362/731
f 315/359/732 320/364/732 319/363/732
f 316/361/733 321/366/733 320/364/733
f 317/365/734 322/553/734 321/366/734
f 319/363/735 324/368/735 323/367/735
f 320/364/736 325/370/736 324/368/736
f 320/364/737 321/366/737 326/369/737
f 321/366/738 322/553/738 327/371/738
f 324/368/739 356/373/739 351/372/739
f 325/370/740 361/375/740 356/373/740
f 325/370/741 326/369/741 366/374/741
f 326/369/742 327/371/742 328/376/742
f 329/377/743 334/380/743 333/378/743
f 330/379/744 335/382/744 334/380/744
f 331/381/745 336/384/745 335/382/745
f 332/383/746 337/388/746 336/384/746
f 334/380/747 339/386/747 338/385/747
f 335/382/748 340/387/748 339/386/748
f 336/384/749 341/389/749 340/387/749
f 337/388/750 342/554/750 341/389/750
f 339/386/751 344/391/751 343/390/751
f 340/387/752 345/393/752 344/391/752
f 340/387/753 341/389/753 346/392/753
f 341/389/754 342/554/754 347/394/754
f 344/391/755 317/396/755 312/395/755
f 345/393/756 322/398/756 317/396/756
f 345/393/757 346/392/757 327/397/757
f 346/392/758 347/394/758 328/376/758
f 348/399/759 353/403/759 352/400/759
f 349/402/760 354/405/760 353/403/760
f 350/404/761 355/406/761 354/405/761
f 351/372/762 356/373/762 355/406/762
f 353/403/763 358/408/763 357/407/763
f 354/405/764 359/409/764 358/408/764
f 355/406/765 360/410/765 359/409/765
f 356/373/766 361/375/766 360/410/766
f 358/408/767 363/412/767 362/411/767
f 359/409/768 364/414/768 363/412/768
f 359/409/769 360/410/769 365/413/769
f 360/410/770 361/375/770 366/374/770
f 363/412/771 337/415/771 332/383/771
f 364/414/772 342/416/772 337/415/772
f 364/414/773 365/413/773 347/394/773
f 365/413/774 366/374/774 328/376/774
f 370/417/775 375/421/775 374/418/775
f 371/420/776 376/423/776 375/421/776
f 372/422/777 377/425/777 376/423/777
f 373/424/778 378/429/778 377/425/778
f 375/421/779 380/427/779 379/426/779
f 376/423/780 381/428/780 380/427/780
f 377/425/781 382/430/781 381/428/781
f 378/429/782 383/555/782 382/430/782
f 380/427/783 385/432/783 384/431/783
f 381/428/784 386/434/784 385/432/784
f 381/428/785 382/430/785 387/433/785
f 382/430/786 383/555/786 388/435/786
f 385/432/787 417/437/787 412/436/787
f 386/434/788 422/439/788 417/437/788
f 386/434/789 387/433/789 427/438/789
f 387/433/790 388/435/790 389/440/790
f 390/441/791 395/444/791 394/442/791
f 391/443/792 396/446/792 395/444/792
f 392/445/793 397/448/793 396/446/793
f 393/447/794 398/452/794 397/448/794
f 395/444/795 400/450/795 399/449/795
f 396/446/796 401/451/796 400/450/796
f 397/448/797 402/453/797 401/451/797
f 398/452/798 403/478/798 402/453/798
f 400/450/799 405/455/799 404/454/799
f 401/451/800 406/457/800 405/455/800
f 401/451/801 402/453/801 407/456/801
f 402/453/802 403/478/802 408/458/802
f 405/455/803 378/460/803 373/459/803
f 406/457/804 383/462/804 378/460/804
f 406/457/805 407/456/805 388/461/805
f 407/456/806 408/458/806 389/440/806
f 409/463/807 414/466/807 413/464/807
f 410/465/808 415/468/808 414/466/808
f 411/467/809 416/469/809 415/468/809
f 412/436/810 417/437/810 416/469/810
f 414/466/811 419/471/811 418/470/811
f 415/468/812 420/472/812 419/471/812
f 416/469/813 421/473/813 420/472/813
f 417/437/814 422/439/814 421/473/814
f 419/471/815 424/475/815 423/474/815
f 420/472/816 425/477/816 424/475/816
f 420/472/817 421/473/817 426/476/817
f 421/473/818 422/439/818 427/438/818
f 424/475/819 398/452/819 393/447/819
f 425/477/820 403/478/820 398/452/820
f 425/477/821 426/476/821 408/458/821
f 426/476/822 427/438/822 389/440/822
f 431/479/823 436/482/823 435/480/823
f 432/481/824 437/484/824 436/482/824
f 433/483/825 438/486/825 437/484/825
f 434/485/826 439/490/826 438/486/826
f 436/482/827 441/488/827 440/487/827
f 437/484/828 442/489/828 441/488/828
f 438/486/829 443/491/829 442/489/829
f 439/490/830 444/520/830 443/491/830
f 441/488/831 446/493/831 445/492/831
f 442/489/832 447/495/832 446/493/832
f 442/489/833 443/491/833 448/494/833
f 443/491/834 444/520/834 449/496/834
f 446/493/835 478/498/835 473/497/835
f 447/495/836 483/500/836 478/498/836
f 447/495/837 448/494/837 488/499/837
f 448/494/838 449/496/838 450/501/838
f 451/502/839 456/505/839 455/503/839
f 452/504/840 457/507/840 456/505/840
f 453/506/841 458/509/841 457/507/841
f 454/508/842 459/513/842 458/509/842
f 456/505/843 461/511/843 460/510/843
f 457/507/844 462/512/844 461/511/844
f 458/509/845 463/514/845 462/512/845
f 459/513/846 464/540/846 463/514/846
f 461/511/847 466/516/847 465/515/847
f 462/512/848 467/518/848 466/516/848
f 462/512/849 463/514/849 468/517/849
f 463/514/850 464/540/850 469/519/850
f 466/516/851 439/490/851 434/485/851
f 467/518/852 444/520/852 439/490/852
f 467/518/853 468/517/853 449/496/853
f 468/517/854 469/519/854 450/501/854
f 470/521/855 475/525/855 474/522/855
f 471/524/856 476/527/856 475/525/856
f 472/526/857 477/529/857 476/527/857
f 473/528/858 478/533/858 477/529/858
f 475/525/859 480/531/859 479/530/859
f 476/527/860 481/532/860 480/531/860
f 477/529/861 482/534/861 481/532/861
f 478/533/862 483/556/862 482/534/862
f 480/531/863 485/536/863 484/535/863
f 481/532/864 486/538/864 485/536/864
f 481/532/865 482/534/865 487/537/865
f 482/534/866 483/556/866 488/539/866
f 485/536/867 459/513/867 454/508/867
f 486/538/868 464/540/868 459/513/868
f 486/538/869 487/537/869 469/519/869
f 487/537/870 488/539/870 450/501/870
f 1/18/390 8/17/390 126/157/390
f 8/17/391 13/25/391 127/160/391
f 13/25/392 18/30/392 128/162/392
f 18/30/393 46/35/393 129/164/393
f 46/69/394 45/67/394 160/194/394
f 45/67/395 44/65/395 155/189/395
f 44/65/396 43/63/396 150/182/396
f 43/63/397 3/12/397 124/11/397
f 62/88/398 69/87/398 24/40/398
f 69/87/399 74/95/399 25/42/399
f 74/95/400 79/100/400 26/44/400
f 79/100/401 107/105/401 27/46/401
f 107/140/402 106/138/402 57/76/402
f 106/138/403 105/136/403 52/71/403
f 105/136/404 104/134/404 47/64/404
f 104/134/405 64/10/405 3/12/405
f 184/7/406 191/225/406 85/110/406
f 191/225/407 196/232/407 86/113/407
f 196/232/408 201/237/408 87/115/408
f 201/237/409 229/242/409 88/117/409
f 229/277/410 228/275/410 118/147/410
f 228/275/411 227/273/411 113/142/411
f 227/273/412 226/270/412 108/135/412
f 226/270/413 186/272/413 64/10/413
f 125/15/414 169/205/414 207/247/414
f 169/205/415 174/212/415 208/249/415
f 174/212/416 179/217/416 209/251/416
f 179/217/417 149/187/417 210/253/417
f 149/187/418 148/185/418 240/284/418
f 148/185/419 147/183/419 235/279/419
f 147/183/420 146/181/420 230/271/420
f 146/181/421 124/11/421 186/272/421
f 123/159/422 130/158/422 370/417/422
f 130/158/423 135/166/423 371/420/423
f 135/166/424 140/171/424 372/422/424
f 140/171/425 168/176/425 373/424/425
f 168/210/426 167/208/426 404/454/426
f 167/208/427 166/206/427 399/449/427
f 166/206/428 165/204/428 394/442/428
f 165/204/429 125/15/429 368/14/429
f 428/9/430 435/480/430 187/224/430
f 435/480/431 440/487/431 188/226/431
f 440/487/432 445/492/432 189/228/432
f 445/492/433 473/497/433 190/230/433
f 473/528/434 472/526/434 221/260/434
f 472/526/435 471/524/435 216/255/435
f 471/524/436 470/521/436 211/248/436
f 470/521/437 430/523/437 185/13/437
f 369/6/438 413/464/438 451/502/438
f 413/464/439 418/470/439 452/504/439
f 418/470/440 423/474/440 453/506/440
f 423/474/441 393/447/441 454/508/441
f 393/447/442 392/445/442 484/535/442
f 392/445/443 391/443/443 479/530/443
f 391/443/444 390/441/444 474/522/444
f 390/441/445 368/14/445 430/523/445
f 367/419/446 374/418/446 248/291/446
f 374/418/447 379/426/447 249/294/447
f 379/426/448 384/431/448 250/296/448
f 384/431/449 412/436/449 251/298/449
f 412/436/450 411/467/450 282/328/450
f 411/467/451 410/465/451 277/323/451
f 410/465/452 409/463/452 272/316/452
f 409/463/453 369/6/453 246/5/453
f 306/8/454 313/355/454 431/479/454
f 313/355/455 318/362/455 432/481/455
f 318/362/456 323/367/456 433/483/456
f 323/367/457 351/372/457 434/485/457
f 351/372/458 350/404/458 465/515/458
f 350/404/459 349/402/459 460/510/459
f 349/402/460 348/399/460 455/503/460
f 348/399/461 308/401/461 429/4/461
f 247/3/462 291/336/462 329/377/462
f 291/336/463 296/343/463 330/379/463
f 296/343/464 301/348/464 331/381/464
f 301/348/465 271/321/465 332/383/465
f 271/321/466 270/319/466 362/411/466
f 270/319/467 269/317/467 357/407/467
f 269/317/468 268/315/468 352/400/468
f 268/315/469 246/5/469 308/401/469
f 245/293/470 252/292/470 4/16/470
f 252/292/471 257/300/471 5/19/471
f 257/300/472 262/305/472 6/21/472
f 262/305/473 290/310/473 7/23/473
f 290/341/474 289/339/474 38/53/474
f 289/339/475 288/337/475 33/48/475
f 288/337/476 287/335/476 28/41/476
f 287/335/477 247/3/477 2/2/477
f 63/112/478 89/111/478 309/354/478
f 89/111/479 94/119/479 310/356/479
f 94/119/480 99/124/480 311/358/480
f 99/124/481 68/129/481 312/360/481
f 68/93/482 67/91/482 343/390/482
f 67/91/483 66/89/483 338/385/483
f 66/89/484 65/86/484 333/378/484
f 65/86/485 62/88/485 307/1/485
f 367/419/486 245/293/486 1/18/486
o Cylinder
v -0.000000 -1.000000 -0.497581
v 0.000000 -0.500000 -1.000000
v -0.000000 -0.990393 -0.595598
v -0.000000 -0.961940 -0.689848
v -0.000000 -0.915735 -0.776710
v -0.000000 -0.853553 -0.852845
v -0.000000 -0.777785 -0.915327
v -0.000000 -0.691342 -0.961756
v 0.000000 -0.597545 -0.990346
v 0.000000 1.000000 -0.497581
v 0.000000 0.500000 -1.000000
v 0.000000 0.990393 -0.595598
v 0.000000 0.961940 -0.689848
v 0.000000 0.915735 -0.776710
v 0.000000 0.853553 -0.852845
v 0.000000 0.777785 -0.915327
v 0.000000 0.691342 -0.961756
v 0.000000 0.597545 -0.990346
v 0.097073 -1.000000 -0.488020
v 0.195090 -0.500000 -0.980785
v 0.116195 -0.990393 -0.584154
v 0.134583 -0.961940 -0.676593
v 0.151528 -0.915735 -0.761786
v 0.166382 -0.853553 -0.836458
v 0.178571 -0.777785 -0.897739
v 0.187629 -0.691342 -0.943276
v 0.193207 -0.597545 -0.971317
v 0.097073 1.000000 -0.488020
v 0.195090 0.500000 -0.980785
v 0.116195 0.990393 -0.584154
v 0.134583 0.961940 -0.676593
v 0.151529 0.915735 -0.761786
v 0.166382 0.853553 -0.836458
v 0.178571 0.777785 -0.897739
v 0.187629 0.691342 -0.943276
v 0.193207 0.597545 -0.971317
v 0.190416 -1.000000 -0.459705
v 0.382683 -0.500000 -0.923880
v 0.227925 -0.990393 -0.550261
v 0.263994 -0.961940 -0.637337
v 0.297234 -0.915735 -0.717586
v 0.326370 -0.853553 -0.787926
v 0.350281 -0.777785 -0.845652
v 0.368048 -0.691342 -0.888546
v 0.378989 -0.597545 -0.914960
v 0.190416 1.000000 -0.459705
v 0.382683 0.500000 -0.923880
v 0.227925 0.990393 -0.550261
v 0.263994 0.961940 -0.637337
v 0.297234 0.915735 -0.717586
v 0.326370 0.853553 -0.787926
v 0.350281 0.777785 -0.845652
v 0.368048 0.691342 -0.888546
v 0.378989 0.597545 -0.914961
v 0.276441 -1.000000 -0.413723
v 0.555570 -0.500000 -0.831470
v 0.330896 -0.990393 -0.495221
v 0.383259 -0.961940 -0.573588
v 0.431517 -0.915735 -0.645811
v 0.473815 -0.853553 -0.709114
v 0.508528 -0.777785 -0.761067
v 0.534323 -0.691342 -0.799671
v 0.550207 -0.597545 -0.823443
v 0.276441 1.000000 -0.413723
v 0.555570 0.500000 -0.831470
v 0.330896 0.990393 -0.495221
v 0.383259 0.961940 -0.573588
v 0.431517 0.915735 -0.645811
v 0.473815 0.853553 -0.709114
v 0.508528 0.777785 -0.761067
v 0.534323 0.691342 -0.799671
v 0.550207 0.597545 -0.823443
v 0.351843 -1.000000 -0.351843
v 0.707107 -0.500000 -0.707107
v 0.421151 -0.990393 -0.421151
v 0.487796 -0.961940 -0.487796
v 0.549217 -0.915735 -0.549217
v 0.603052 -0.853553 -0.603052
v 0.647234 -0.777785 -0.647234
v 0.680064 -0.691342 -0.680064
v 0.700280 -0.597545 -0.700280
v 0.351843 1.000000 -0.351843
v 0.707107 0.500000 -0.707107
v 0.421151 0.990393 -0.421151
v 0.487796 0.961940 -0.487796
v 0.549217 0.915735 -0.549217
v 0.603052 0.853553 -0.603052
v 0.647234 0.777785 -0.647234
v 0.680064 0.691342 -0.680064
v 0.700280 0.597545 -0.700280
v 0.413723 -1.000000 -0.276441
v 0.831470 -0.500000 -0.555570
v 0.495221 -0.990393 -0.330896
v 0.573588 -0.961940 -0.383259
v 0.645811 -0.915735 -0.431517
v 0.709114 -0.853553 -0.473815
v 0.761067 -0.777785 -0.508528
v 0.799671 -0.691342 -0.534323
v 0.823443 -0.597545 -0.550207
v 0.413723 1.000000 -0.276441
v 0.831470 0.500000 -0.555570
v 0.495221 0.990393 -0.330896
v 0.573588 0.961940 -0.383259
v 0.645811 0.915735 -0.431517
v 0.709114 0.853553 -0.473815
v 0.761067 0.777785 -0.508528
v 0.799671 0.691342 -0.534323
v 0.823443 0.597545 -0.550207
v 0.459705 -1.000000 -0.190416
v 0.923880 -0.500000 -0.382683
v 0.550261 -0.990393 -0.227925
v 0.637337 -0.961940 -0.263994
v 0.717586 -0.915735 -0.297234
v 0.787926 -0.853553 -0.326370
v 0.845652 -0.777785 -0.350281
v 0.888546 -0.691342 -0.368048
v 0.914961 -0.597545 -0.378989
v 0.459705 1.000000 -0.190416
v 0.923880 0.500000 -0.382683
v 0.550261 0.990393 -0.227925
v 0.637337 0.961940 -0.263994
v 0.717586 0.915735 -0.297234
v 0.787926 0.853553 -0.326370
v 0.845652 0.777785 -0.350281
v 0.888546 0.691342 -0.368048
v 0.914960 0.597545 -0.378989
v 0.488020 -1.000000 -0.097073
v 0.980785 -0.500000 -0.195090
v 0.584154 -0.990393 -0.116195
v 0.676593 -0.961940 -0.134583
v 0.761786 -0.915735 -0.151529
v 0.836458 -0.853553 -0.166382
v 0.897739 -0.777785 -0.178571
v 0.943276 -0.691342 -0.187629
v 0.971317 -0.597545 -0.193207
v 0.488020 1.000000 -0.097073
v 0.980785 0.500000 -0.195090
v 0.584154 0.990393 -0.116195
v 0.676593 0.961940 -0.134583
v 0.761786 0.915735 -0.151528
v 0.836458 0.853553 -0.166382
v 0.897739 0.777785 -0.178571
v 0.943276 0.691342 -0.187629
v 0.971317 0.597545 -0.193207
v 0.497581 -1.000000 -0.000000
v 1.000000 -0.500000 0.000000
v 0.595598 -0.990393 -0.000000
v 0.689848 -0.961940 -0.000000
v 0.776710 -0.915735 -0.000000
v 0.852845 -0.853553 -0.000000
v 0.915327 -0.777785 -0.000000
v 0.961756 -0.691342 -0.000000
v 0.990346 -0.597545 0.000000
v 0.497581 1.000000 0.000000
v 1.000000 0.500000 0.000000
v 0.595598 0.990393 0.000000
v 0.689848 0.961940 0.000000
v 0.776710 0.915735 0.000000
v 0.852845 0.853553 0.000000
v 0.915327 0.777785 0.000000
v 0.961756 0.691342 0.000000
v 0.990346 0.597545 0.000000
v 0.488020 -1.000000 0.097073
v 0.980785 -0.500000 0.195090
v 0.584154 -0.990393 0.116195
v 0.676593 -0.961940 0.134583
v 0.761786 -0.915735 0.151528
v 0.836458 -0.853553 0.166382
v 0.897739 -0.777785 0.178571
v 0.943276 -0.691342 0.187629
v 0.971317 -0.597545 0.193207
v 0.488020 1.000000 0.097073
v 0.980785 0.500000 0.195090
v 0.584154 0.990393 0.116195
v 0.676593 0.961940 0.134583
v 0.761786 0.915735 0.151529
v 0.836458 0.853553 0.166382
v 0.897739 0.777785 0.178571
v 0.943276 0.691342 0.187629
v 0.971317 0.597545 0.193207
v 0.459705 -1.000000 0.190416
v 0.923880 -0.500000 0.382683
v 0.550261 -0.990393 0.227925
v 0.637337 -0.961940 0.263994
v 0.717586 -0.915735 0.297234
v 0.787926 -0.853553 0.326370
v 0.845652 -0.777785 0.350281
v 0.888546 -0.691342 0.368048
v 0.914960 -0.597545 0.378989
v 0.459705 1.000000 0.190416
v 0.923880 0.500000 0.382683
v 0.550261 0.990393 0.227925
v 0.637337 0.961940 0.263994
v 0.717586 0.915735 0.297234
v 0.787926 0.853553 0.326370
v 0.845652 0.777785 0.350281
v 0.888546 0.691342 0.368048
v 0.914961 0.597545 0.378989
v 0.413723 -1.000000 0.276441
v 0.831470 -0.500000 0.555570
v 0.495221 -0.990393 0.330896
v 0.573588 -0.961940 0.383259
v 0.645811 -0.915735 0.431517
v 0.709114 -0.853553 0.473815
v 0.761067 -0.777785 0.508528
v 0.799671 -0.691342 0.534323
v 0.823443 -0.597545 0.550207
v 0.413723 1.000000 0.276441
v 0.831470 0.500000 0.555570
v 0.495221 0.990393 0.330896
v 0.573588 0.961940 0.383259
v 0.645811 0.915735 0.431517
v 0.709114 0.853553 0.473815
v 0.761067 0.777785 0.508528
v 0.799671 0.691342 0.534323
v 0.823443 0.597545 0.550207
v 0.351843 -1.000000 0.351843
v 0.707107 -0.500000 0.707107
v 0.421151 -0.990393 0.421151
v 0.487796 -0.961940 0.487796
v 0.549217 -0.915735 0.549217
v 0.603052 -0.853553 0.603052
v 0.647234 -0.777785 0.647234
v 0.680064 -0.691342 0.680064
v 0.700280 -0.597545 0.700280
v 0.351843 1.000000 0.351843
v 0.707107 0.500000 0.707107
v 0.421151 0.990393 0.421151
v 0.487796 0.961940 0.487796
v 0.549217 0.915735 0.549217
v 0.603052 0.853553 0.603052
v 0.647234 0.777785 0.647234
v 0.680064 0.691342 0.680064
v 0.700280 0.597545 0.700280
v 0.276441 -1.000000 0.413723
v 0.555570 -0.500000 0.831470
v 0.330896 -0.990393 0.495221
v 0.383259 -0.961940 0.573588
v 0.431517 -0.915735 0.645811
v 0.473815 -0.853553 0.709114
v 0.508528 -0.777785 0.761067
v 0.534323 -0.691342 0.799671
v 0.550207 -0.597545 0.823443
v 0.276441 1.000000 0.413723
v 0.555570 0.500000 0.831470
v 0.330896 0.990393 0.495221
v 0.383259 0.961940 0.573588
v 0.431517 0.915735 0.645811
v 0.473815 0.853553 0.709114
v 0.508528 0.777785 0.761067
v 0.534323 0.691342 0.799671
v 0.550207 0.597545 0.823443
v 0.190416 -1.000000 0.459705
v 0.382683 -0.500000 0.923880
v 0.227925 -0.990393 0.550261
v 0.263994 -0.961940 0.637337
v 0.297234 -0.915735 0.717586
v 0.326370 -0.853553 0.787926
v 0.350281 -0.777785 0.845652
v 0.368048 -0.691342 0.888546
v 0.378989 -0.597545 0.914961
v 0.190416 1.000000 0.459705
v 0.382683 0.500000 0.923880
v 0.227925 0.990393 0.550261
v 0.263994 0.961940 0.637337
v 0.297234 0.915735 0.717586
v 0.326370 0.853553 0.787926
v 0.350281 0.777785 0.845652
v 0.368048 0.691342 0.888546
v 0.378989 0.597545 0.914960
v 0.097073 -1.000000 0.488020
v 0.195090 -0.500000 0.980785
v 0.116195 -0.990393 0.584154
v 0.134583 -0.961940 0.676593
v 0.151529 -0.915735 0.761786
v 0.166382 -0.853553 0.836458
v 0.178571 -0.777785 0.897739
v 0.187629 -0.691342 0.943276
v 0.193207 -0.597545 0.971317
v 0.097073 1.000000 0.488020
v 0.195090 0.500000 0.980785
v 0.116195 0.990393 0.584154
v 0.134583 0.961940 0.676593
v 0.151528 0.915735 0.761786
v 0.166382 0.853553 0.836458
v 0.178571 0.777785 0.897739
v 0.187629 0.691342 0.943276
v 0.193207 0.597545 0.971317
v 0.000000 -1.000000 0.497581
v 0.000000 -0.500000 1.000000
v 0.000000 -0.990393 0.595598
v 0.000000 -0.961940 0.689848
v 0.000000 -0.915735 0.776710
v 0.000000 -0.853553 0.852845
v 0.000000 -0.777785 0.915327
v 0.000000 -0.691342 0.961756
v 0.000000 -0.597545 0.990346
v -0.000000 1.000000 0.497581
v 0.000000 0.500000 1.000000
v -0.000000 0.990393 0.595598
v -0.000000 0.961940 0.689848
v -0.000000 0.915735 0.776710
v -0.000000 0.853553 0.852845
v -0.000000 0.777785 0.915327
v -0.000000 0.691342 0.961756
v 0.000000 0.597545 0.990346
v -0.097073 -1.000000 0.488020
v -0.195090 -0.500000 0.980785
v -0.116195 -0.990393 0.584154
v -0.134583 -0.961940 0.676593
v -0.151528 -0.915735 0.761786
v -0.166382 -0.853553 0.836458
v -0.178571 -0.777785 0.897739
v -0.187629 -0.691342 0.943276
v -0.193207 -0.597545 0.971317
v -0.097073 1.000000 0.488020
v -0.195090 0.500000 0.980785
v -0.116195 0.990393 0.584154
v -0.134583 0.961940 0.676593
v -0.151529 0.915735 0.761786
v -0.166382 0.853553 0.836458
v -0.178571 0.777785 0.897739
v -0.187629 0.691342 0.943276
v -0.193207 0.597545 0.971317
v -0.190416 -1.000000 0.459705
v -0.382683 -0.500000 0.923880
v -0.227925 -0.990393 0.550261
v -0.263994 -0.961940 0.637337
v -0.297234 -0.915735 0.717586
v -0.326370 -0.853553 0.787926
v -0.350281 -0.777785 0.845652
v -0.368048 -0.691342 0.888546
v -0.378989 -0.597545 0.914960
v -0.190416 1.000000 0.459705
v -0.382683 0.500000 0.923880
v -0.227925 0.990393 0.550261
v -0.263994 0.961940 0.637337
v -0.297234 0.915735 0.717586
v -0.326370 0.853553 0.787926
v -0.350281 0.777785 0.845652
v -0.368048 0.691342 0.888546
v -0.378989 0.597545 0.914961
v -0.276441 -1.000000 0.413723
v -0.555570 -0.500000 0.831470
v -0.330896 -0.990393 0.495221
v -0.383259 -0.961940 0.573588
v -0.431517 -0.915735 0.645811
v -0.473815 -0.853553 0.709114
v -0.508528 -0.777785 0.761067
v -0.534323 -0.691342 0.799671
v -0.550207 -0.597545 0.823443
v -0.276441 1.000000 0.413723
v -0.555570 0.500000 0.831470
v -0.330896 0.990393 0.495221
v -0.383259 0.961940 0.573588
v -0.431517 0.915735 0.645811
v -0.473815 0.853553 0.709114
v -0.508528 0.777785 0.761067
v -0.534323 0.691342 0.799671
v -0.550207 0.597545 0.823443
v -0.351843 -1.000000 0.351843
v -0.707107 -0.500000 0.707107
v -0.421151 -0.990393 0.421151
v -0.487796 -0.961940 0.487796
v -0.549217 -0.915735 0.549217
v -0.603052 -0.853553 0.603052
v -0.647234 -0.777785 0.647234
v -0.680064 -0.691342 0.680064
v -0.700280 -0.597545 0.700280
v -0.351843 1.000000 0.351843
v -0.707107 0.500000 0.707107
v -0.421151 0.990393 0.421151
v -0.487796 0.961940 0.487796
v -0.549217 0.915735 0.549217
v -0.603052 0.853553 0.603052
v -0.647234 0.777785 0.647234
v -0.680064 0.691342 0.680064
v -0.700280 0.597545 0.700280
v -0.413723 -1.000000 0.276441
v -0.831470 -0.500000 0.555570
v -0.495221 -0.990393 0.330896
v -0.573588 -0.961940 0.383259
v -0.645811 -0.915735 0.431517
v -0.709114 -0.853553 0.473815
v -0.761067 -0.777785 0.508528
v -0.799671 -0.691342 0.534323
v -0.823443 -0.597545 0.550207
v -0.413723 1.000000 0.276441
v -0.831470 0.500000 0.555570
v -0.495221 0.990393 0.330896
v -0.573588 0.961940 0.383259
v -0.645811 0.915735 0.431517
v -0.709114 0.853553 0.473815
v -0.761067 0.777785 0.508528
v -0.799671 0.691342 0.534323
v -0.823443 0.597545 0.550207
v -0.459705 -1.000000 0.190416
v -0.923880 -0.500000 0.382683
v -0.550261 -0.990393 0.227925
v -0.637337 -0.961940 0.263994
v -0.717586 -0.915735 0.297234
v -0.787926 -0.853553 0.326370
v -0.845652 -0.777785 0.350281
v -0.888546 -0.691342 0.368048
v -0.914961 -0.597545 0.378989
v -0.459705 1.000000 0.190416
v -0.923880 0.500000 0.382683
v -0.550261 0.990393 0.227925
v -0.637337 0.961940 0.263994
v -0.717586 0.915735 0.297234
v -0.787926 0.853553 0.326370
v -0.845652 0.777785 0.350281
v -0.888546 0.691342 0.368048
v -0.914960 0.597545 0.378989
v -0.488020 -1.000000 0.097073
v -0.980785 -0.500000 0.195090
v -0.584154 -0.990393 0.116195
v -0.676593 -0.961940 0.134583
v -0.761786 -0.915735 0.151529
v -0.836458 -0.853553 0.166382
v -0.897739 -0.777785 0.178571
v -0.943276 -0.691342 0.187629
v -0.971317 -0.597545 0.193207
v -0.488020 1.000000 0.097073
v -0.980785 0.500000 0.195090
v -0.584154 0.990393 0.116195
v -0.676593 0.961940 0.134583
v -0.761786 0.915735 0.151528
v -0.836458 0.853553 0.166382
v -0.897739 0.777785 0.178571
v -0.943276 0.691342 0.187629
v -0.971317 0.597545 0.193207
v -0.497581 -1.000000 0.000000
v -1.000000 -0.500000 0.000000
v -0.595598 -0.990393 0.000000
v -0.689848 -0.961940 0.000000
v -0.776710 -0.915735 0.000000
v -0.852845 -0.853553 0.000000
v -0.915327 -0.777785 0.000000
v -0.961756 -0.691342 0.000000
v -0.990346 -0.597545 0.000000
v -0.497581 1.000000 -0.000000
v -1.000000 0.500000 0.000000
v -0.595598 0.990393 -0.000000
v -0.689848 0.961940 -0.000000
v -0.776710 0.915735 -0.000000
v -0.852845 0.853553 -0.000000
v -0.915327 0.777785 -0.000000
v -0.961756 0.691342 -0.000000
v -0.990346 0.597545 0.000000
v -0.488020 -1.000000 -0.097073
v -0.980785 -0.500000 -0.195090
v -0.584154 -0.990393 -0.116195
v -0.676593 -0.961940 -0.134583
v -0.761786 -0.915735 -0.151528
v -0.836458 -0.853553 -0.166382
v -0.897739 -0.777785 -0.178571
v -0.943276 -0.691342 -0.187629
v -0.971317 -0.597545 -0.193207
v -0.488020 1.000000 -0.097073
v -0.980785 0.500000 -0.195090
v -0.584154 0.990393 -0.116195
v -0.676593 0.961940 -0.134583
v -0.761786 0.915735 -0.151529
v -0.836458 0.853553 -0.166382
v -0.897739 0.777785 -0.178571
v -0.943276 0.691342 -0.187629
v -0.971317 0.597545 -0.193207
v -0.459705 -1.000000 -0.190416
v -0.923880 -0.500000 -0.382683
v -0.550261 -0.990393 -0.227925
v -0.637337 -0.961940 -0.263994
v -0.717586 -0.915735 -0.297234
v -0.787926 -0.853553 -0.326370
v -0.845652 -0.777785 -0.350281
v -0.888546 -0.691342 -0.368048
v -0.914960 -0.597545 -0.378989
v -0.459705 1.000000 -0.190416
v -0.923880 0.500000 -0.382683
v -0.550261 0.990393 -0.227925
v -0.637337 0.961940 -0.263994
v -0.717586 0.915735 -0.297234
v -0.787926 0.853553 -0.326370
v -0.845652 0.777785 -0.350281
v -0.888546 0.691342 -0.368048
v -0.914961 0.597545 -0.378989
v -0.413723 -1.000000 -0.276441
v -0.831470 -0.500000 -0.555570
v -0.495221 -0.990393 -0.330896
v -0.573588 -0.961940 -0.383259
v -0.645811 -0.915735 -0.431517
v -0.709114 -0.853553 -0.473815
v -0.761067 -0.777785 -0.508528
v -0.799671 -0.691342 -0.534323
v -0.823443 -0.597545 -0.550207
v -0.413723 1.000000 -0.276441
v -0.831470 0.500000 -0.555570
v -0.495221 0.990393 -0.330896
v -0.573588 0.961940 -0.383259
v -0.645811 0.915735 -0.431517
v -0.709114 0.853553 -0.473815
v -0.761067 0.777785 -0.508528
v -0.799671 0.691342 -0.534323
v -0.823443 0.597545 -0.550207
v -0.351843 -1.000000 -0.351843
v -0.707107 -0.500000 -0.707107
v -0.421151 -0.990393 -0.421151
v -0.487796 -0.961940 -0.487796
v -0.549217 -0.915735 -0.549217
v -0.603052 -0.853553 -0.603052
v -0.647234 -0.777785 -0.647234
v -0.680064 -0.691342 -0.680064
v -0.700280 -0.597545 -0.700280
v -0.351843 1.000000 -0.351843
v -0.707107 0.500000 -0.707107
v -0.421151 0.990393 -0.421151
v -0.487796 0.961940 -0.487796
v -0.549217 0.915735 -0.549217
v -0.603052 0.853553 -0.603052
v -0.647234 0.777785 -0.647234
v -0.680064 0.691342 -0.680064
v -0.700280 0.597545 -0.700280
v -0.276441 -1.000000 -0.413723
v -0.555570 -0.500000 -0.831470
v -0.330896 -0.990393 -0.495221
v -0.383259 -0.961940 -0.573588
v -0.431517 -0.915735 -0.645811
v -0.473815 -0.853553 -0.709114
v -0.508528 -0.777785 -0.761067
v -0.534323 -0.691342 -0.799671
v -0.550207 -0.597545 -0.823443
v -0.276441 1.000000 -0.413723
v -0.555570 0.500000 -0.831470
v -0.330896 0.990393 -0.495221
v -0.383259 0.961940 -0.573588
v -0.431517 0.915735 -0.645811
v -0.473815 0.853553 -0.709114
v -0.508528 0.777785 -0.761067
v -0.534323 0.691342 -0.799671
v -0.550207 0.597545 -0.823443
v -0.190416 -1.000000 -0.459705
v -0.382683 -0.500000 -0.923880
v -0.227925 -0.990393 -0.550261
v -0.263994 -0.961940 -0.637337
v -0.297234 -0.915735 -0.717586
v -0.326370 -0.853553 -0.787926
v -0.350281 -0.777785 -0.845652
v -0.368048 -0.691342 -0.888546
v -0.378989 -0.597545 -0.914961
v -0.190416 1.000000 -0.459705
v -0.382683 0.500000 -0.923880
v -0.227925 0.990393 -0.550261
v -0.263994 0.961940 -0.637337
v -0.297234 0.915735 -0.717586
v -0.326370 0.853553 -0.787926
v -0.350281 0.777785 -0.845652
v -0.368048 0.691342 -0.888546
v -0.378989 0.597545 -0.914960
v -0.097073 -1.000000 -0.488020
v -0.195090 -0.500000 -0.980785
v -0.116195 -0.990393 -0.584154
v -0.134583 -0.961940 -0.676593
v -0.151529 -0.915735 -0.761786
v -0.166382 -0.853553 -0.836458
v -0.178571 -0.777785 -0.897739
v -0.187629 -0.691342 -0.943276
v -0.193207 -0.597545 -0.971317
v -0.097073 1.000000 -0.488020
v -0.195090 0.500000 -0.980785
v -0.116195 0.990393 -0.584154
v -0.134583 0.961940 -0.676593
v -0.151528 0.915735 -0.761786
v -0.166382 0.853553 -0.836458
v -0.178571 0.777785 -0.897739
v -0.187629 0.691342 -0.943276
v -0.193207 0.597545 -0.971317
vn -0.0980 -0.0000 -0.9952
vn 0.4714 -0.0000 -0.8819
vn 0.6344 -0.0000 -0.7730
vn 0.7730 -0.0000 -0.6344
vn 0.8819 -0.0000 -0.4714
vn 0.9569 -0.0000 -0.2903
vn 0.9952 -0.0000 -0.0980
vn 0.9952 -0.0000 0.0980
vn 0.9569 -0.0000 0.2903
vn 0.8819 -0.0000 0.4714
vn 0.7730 -0.0000 0.6344
vn 0.6344 -0.0000 0.7730
vn 0.4714 -0.0000 0.8819
vn 0.2903 -0.0000 0.9569
vn 0.0980 -0.0000 0.9952
vn -0.0980 -0.0000 0.9952
vn -0.2903 -0.0000 0.9569
vn -0.4714 -0.0000 0.8819
vn -0.6344 -0.0000 0.7730
vn -0.7730 -0.0000 0.6344
vn -0.8819 -0.0000 0.4714
vn -0.9569 -0.0000 0.2903
vn -0.9952 -0.0000 0.0980
vn -0.9952 -0.0000 -0.0980
vn -0.9569 -0.0000 -0.2903
vn -0.8819 -0.0000 -0.4714
vn -0.7730 -0.0000 -0.6344
vn -0.6344 -0.0000 -0.7730
vn -0.4714 -0.0000 -0.8819
vn -0.2903 -0.0000 -0.9569
vn 0.2903 -0.0000 -0.9569
vn -0.0000 1.0000 -0.0000
vn 0.0980 -0.0000 -0.9952
vn 0.0975 -0.0980 -0.9904
vn 0.0938 -0.2903 -0.9523
vn 0.0864 -0.4714 -0.8777
vn 0.0758 -0.6344 -0.7693
vn 0.0622 -0.7730 -0.6313
vn 0.0462 -0.8819 -0.4691
vn 0.0285 -0.9569 -0.2889
vn 0.0096 -0.9952 -0.0975
vn 0.0975 0.0980 -0.9904
vn 0.0938 0.2903 -0.9523
vn 0.0864 0.4714 -0.8777
vn 0.0758 0.6344 -0.7693
vn 0.0622 0.7730 -0.6313
vn 0.0462 0.8819 -0.4691
vn 0.0285 0.9569 -0.2889
vn 0.0096 0.9952 -0.0975
vn 0.2889 -0.0980 -0.9523
vn 0.2778 -0.2903 -0.9157
vn 0.2560 -0.4714 -0.8439
vn 0.2244 -0.6344 -0.7397
vn 0.1842 -0.7730 -0.6071
vn 0.1368 -0.8819 -0.4511
vn 0.0843 -0.9569 -0.2778
vn 0.0285 -0.9952 -0.0938
vn 0.2889 0.0980 -0.9523
vn 0.2778 0.2903 -0.9157
vn 0.2560 0.4714 -0.8439
vn 0.2244 0.6344 -0.7397
vn 0.1842 0.7730 -0.6071
vn 0.1368 0.8819 -0.4511
vn 0.0843 0.9569 -0.2778
vn 0.0285 0.9952 -0.0938
vn 0.4691 -0.0980 -0.8777
vn 0.4511 -0.2903 -0.8439
vn 0.4157 -0.4714 -0.7778
vn 0.3644 -0.6344 -0.6817
vn 0.2991 -0.7730 -0.5595
vn 0.2222 -0.8819 -0.4157
vn 0.1368 -0.9569 -0.2560
vn 0.0462 -0.9952 -0.0864
vn 0.4691 0.0980 -0.8777
vn 0.4511 0.2903 -0.8439
vn 0.4157 0.4714 -0.7778
vn 0.3644 0.6344 -0.6817
vn 0.2991 0.7730 -0.5595
vn 0.2222 0.8819 -0.4157
vn 0.1368 0.9569 -0.2560
vn 0.0462 0.9952 -0.0864
vn 0.6313 -0.0980 -0.7693
vn 0.6071 -0.2903 -0.7397
vn 0.5595 -0.4714 -0.6817
vn 0.4904 -0.6344 -0.5975
vn 0.4025 -0.7730 -0.4904
vn 0.2991 -0.8819 -0.3644
vn 0.1842 -0.9569 -0.2244
vn 0.0622 -0.9952 -0.0758
vn 0.6313 0.0980 -0.7693
vn 0.6071 0.2903 -0.7397
vn 0.5595 0.4714 -0.6817
vn 0.4904 0.6344 -0.5975
vn 0.4025 0.7730 -0.4904
vn 0.2991 0.8819 -0.3644
vn 0.1842 0.9569 -0.2244
vn 0.0622 0.9952 -0.0758
vn 0.7693 -0.0980 -0.6313
vn 0.7397 -0.2903 -0.6071
vn 0.6817 -0.4714 -0.5595
vn 0.5975 -0.6344 -0.4904
vn 0.4904 -0.7730 -0.4025
vn 0.3644 -0.8819 -0.2991
vn 0.2244 -0.9569 -0.1842
vn 0.0758 -0.9952 -0.0622
vn 0.7693 0.0980 -0.6313
vn 0.7397 0.2903 -0.6071
vn 0.6817 0.4714 -0.5595
vn 0.5975 0.6344 -0.4904
vn 0.4904 0.7730 -0.4025
vn 0.3644 0.8819 -0.2991
vn 0.2244 0.9569 -0.1842
vn 0.0758 0.9952 -0.0622
vn 0.8777 -0.0980 -0.4691
vn 0.8439 -0.2903 -0.4511
vn 0.7778 -0.4714 -0.4157
vn 0.6817 -0.6344 -0.3644
vn 0.5595 -0.7730 -0.2991
vn 0.4157 -0.8819 -0.2222
vn 0.2560 -0.9569 -0.1368
vn 0.0864 -0.9952 -0.0462
vn 0.8777 0.0980 -0.4691
vn 0.8439 0.2903 -0.4511
vn 0.7778 0.4714 -0.4157
vn 0.6817 0.6344 -0.3644
vn 0.5595 0.7730 -0.2991
vn 0.4157 0.8819 -0.2222
vn 0.2560 0.9569 -0.1368
vn 0.0864 0.9952 -0.0462
vn 0.9523 -0.0980 -0.2889
vn 0.9157 -0.2903 -0.2778
vn 0.8439 -0.4714 -0.2560
vn 0.7397 -0.6344 -0.2244
vn 0.6071 -0.7730 -0.1842
vn 0.4511 -0.8819 -0.1368
vn 0.2778 -0.9569 -0.0843
vn 0.0938 -0.9952 -0.0285
vn 0.9523 0.0980 -0.2889
vn 0.9157 0.2903 -0.2778
vn 0.8439 0.4714 -0.2560
vn 0.7397 0.6344 -0.2244
vn 0.6071 0.7730 -0.1842
vn 0.4511 0.8819 -0.1368
vn 0.2778 0.9569 -0.0843
vn 0.0938 0.9952 -0.0285
vn 0.9904 -0.0980 -0.0975
vn 0.9523 -0.2903 -0.0938
vn 0.8777 -0.4714 -0.0864
vn 0.7693 -0.6344 -0.0758
vn 0.6313 -0.7730 -0.0622
vn 0.4691 -0.8819 -0.0462
vn 0.2889 -0.9569 -0.0285
vn 0.0975 -0.9952 -0.0096
vn 0.9904 0.0980 -0.0975
vn 0.9523 0.2903 -0.0938
vn 0.8777 0.4714 -0.0864
vn 0.7693 0.6344 -0.0758
vn 0.6313 0.7730 -0.0622
vn 0.4691 0.8819 -0.0462
vn 0.2889 0.9569 -0.0285
vn 0.0975 0.9952 -0.0096
vn 0.9904 -0.0980 0.0975
vn 0.9523 -0.2903 0.0938
vn 0.8777 -0.4714 0.0864
vn 0.7693 -0.6344 0.0758
vn 0.6313 -0.7730 0.0622
vn 0.4691 -0.8819 0.0462
vn 0.2889 -0.9569 0.0285
vn 0.0975 -0.9952 0.0096
vn 0.9904 0.0980 0.0975
vn 0.9523 0.2903 0.0938
vn 0.8777 0.4714 0.0864
vn 0.7693 0.6344 0.0758
vn 0.6313 0.7730 0.0622
vn 0.4691 0.8819 0.0462
vn 0.2889 0.9569 0.0285
vn 0.0975 0.9952 0.0096
vn 0.9523 -0.0980 0.2889
vn 0.9157 -0.2903 0.2778
vn 0.8439 -0.4714 0.2560
vn 0.7397 -0.6344 0.2244
vn 0.6071 -0.7730 0.1842
vn 0.4511 -0.8819 0.1368
vn 0.2778 -0.9569 0.0843
vn 0.0938 -0.9952 0.0285
vn 0.9523 0.0980 0.2889
vn 0.9157 0.2903 0.2778
vn 0.8439 0.4714 0.2560
vn 0.7397 0.6344 0.2244
vn 0.6071 0.7730 0.1842
vn 0.4511 0.8819 0.1368
vn 0.2778 0.9569 0.0843
vn 0.0938 0.9952 0.0285
vn 0.8777 -0.0980 0.4691
vn 0.8439 -0.2903 0.4511
vn 0.7778 -0.4714 0.4157
vn 0.6817 -0.6344 0.3644
vn 0.5595 -0.7730 0.2991
vn 0.4157 -0.8819 0.2222
vn 0.2560 -0.9569 0.1368
vn 0.0864 -0.9952 0.0462
vn 0.8777 0.0980 0.4691
vn 0.8439 0.2903 0.4511
vn 0.7778 0.4714 0.4157
vn 0.6817 0.6344 0.3644
vn 0.5595 0.7730 0.2991
vn 0.4157 0.8819 0.2222
vn 0.2560 0.9569 0.1368
vn 0.0864 0.9952 0.0462
vn 0.7693 -0.0980 0.6313
vn 0.7397 -0.2903 0.6071
vn 0.6817 -0.4714 0.5595
vn 0.5975 -0.6344 0.4904
vn 0.4904 -0.7730 0.4025
vn 0.3644 -0.8819 0.2991
vn 0.2244 -0.9569 0.1842
vn 0.0758 -0.9952 0.0622
vn 0.7693 0.0980 0.6313
vn 0.7397 0.2903 0.6071
vn 0.6817 0.4714 0.5595
vn 0.5975 0.6344 0.4904
vn 0.4904 0.7730 0.4025
vn 0.3644 0.8819 0.2991
vn 0.2244 0.9569 0.1842
vn 0.0758 0.9952 0.0622
vn 0.6313 -0.0980 0.7693
vn 0.6071 -0.2903 0.7397
vn 0.5595 -0.4714 0.6817
vn 0.4904 -0.6344 0.5975
vn 0.4025 -0.7730 0.4904
vn 0.2991 -0.8819 0.3644
vn 0.1842 -0.9569 0.2244
vn 0.0622 -0.9952 0.0758
vn 0.6313 0.0980 0.7693
vn 0.6071 0.2903 0.7397
vn 0.5595 0.4714 0.6817
vn 0.4904 0.6344 0.5975
vn 0.4025 0.7730 0.4904
vn 0.2991 0.8819 0.3644
vn 0.1842 0.9569 0.2244
vn 0.0622 0.9952 0.0758
vn 0.4691 -0.0980 0.8777
vn 0.4511 -0.2903 0.8439
vn 0.4157 -0.4714 0.7778
vn 0.3644 -0.6344 0.6817
vn 0.2991 -0.7730 0.5595
vn 0.2222 -0.8819 0.4157
vn 0.1368 -0.9569 0.2560
vn 0.0462 -0.9952 0.0864
vn 0.4691 0.0980 0.8777
vn 0.4511 0.2903 0.8439
vn 0.4157 0.4714 0.7778
vn 0.3644 0.6344 0.6817
vn 0.2991 0.7730 0.5595
vn 0.2222 0.8819 0.4157
vn 0.1368 0.9569 0.2560
vn 0.0462 0.9952 0.0864
vn 0.2889 -0.0980 0.9523
vn 0.2778 -0.2903 0.9157
vn 0.2560 -0.4714 0.8439
vn 0.2244 -0.6344 0.7397
vn 0.1842 -0.7730 0.6071
vn 0.1368 -0.8819 0.4511
vn 0.0843 -0.9569 0.2778
vn 0.0285 -0.9952 0.0938
vn 0.2889 0.0980 0.9523
vn 0.2778 0.2903 0.9157
vn 0.2560 0.4714 0.8439
vn 0.2244 0.6344 0.7397
vn 0.1842 0.7730 0.6071
vn 0.1368 0.8819 0.4511
vn 0.0843 0.9569 0.2778
vn 0.0285 0.9952 0.0938
vn 0.0975 -0.0980 0.9904
vn 0.0938 -0.2903 0.9523
vn 0.0864 -0.4714 0.8777
vn 0.0758 -0.6344 0.7693
vn 0.0622 -0.7730 0.6313
vn 0.0462 -0.8819 0.4691
vn 0.0285 -0.9569 0.2889
vn 0.0096 -0.9952 0.0975
vn 0.0975 0.0980 0.9904
vn 0.0938 0.2903 0.9523
vn 0.0864 0.4714 0.8777
vn 0.0758 0.6344 0.7693
vn 0.0622 0.7730 0.6313
vn 0.0462 0.8819 0.4691
vn 0.0285 0.9569 0.2889
vn 0.0096 0.9952 0.0975
vn -0.0975 -0.0980 0.9904
vn -0.0938 -0.2903 0.9523
vn -0.0864 -0.4714 0.8777
vn -0.0758 -0.6344 0.7693
vn -0.0622 -0.7730 0.6313
vn -0.0462 -0.8819 0.4691
vn -0.0285 -0.9569 0.2889
vn -0.0096 -0.9952 0.0975
vn -0.0975 0.0980 0.9904
vn -0.0938 0.2903 0.9523
vn -0.0864 0.4714 0.8777
vn -0.0758 0.6344 0.7693
vn -0.0622 0.7730 0.6313
vn -0.0462 0.8819 0.4691
vn -0.0285 0.9569 0.2889
vn -0.0096 0.9952 0.0975
vn -0.2889 -0.0980 0.9523
vn -0.2778 -0.2903 0.9157
vn -0.2560 -0.4714 0.8439
vn -0.2244 -0.6344 0.7397
vn -0.1842 -0.7730 0.6071
vn -0.1368 -0.8819 0.4511
vn -0.0843 -0.9569 0.2778
vn -0.0285 -0.9952 0.0938
vn -0.2889 0.0980 0.9523
vn -0.2778 0.2903 0.9157
vn -0.2560 0.4714 0.8439
vn -0.2244 0.6344 0.7397
vn -0.1842 0.7730 0.6071
vn -0.1368 0.8819 0.4511
vn -0.0843 0.9569 0.2778
vn -0.0285 0.9952 0.0938
vn -0.4691 -0.0980 0.8777
vn -0.4511 -0.2903 0.8439
vn -0.4157 -0.4714 0.7778
vn -0.3644 -0.6344 0.6817
vn -0.2991 -0.7730 0.5595
vn -0.2222 -0.8819 0.4157
vn -0.1368 -0.9569 0.2560
vn -0.0462 -0.9952 0.0864
vn -0.4691 0.0980 0.8777
vn -0.4511 0.2903 0.8439
vn -0.4157 0.4714 0.7778
vn -0.3644 0.6344 0.6817
vn -0.2991 0.7730 0.5595
vn -0.2222 0.8819 0.4157
vn -0.1368 0.9569 0.2560
vn -0.0462 0.9952 0.0864
vn -0.6313 -0.0980 0.7693
vn -0.6071 -0.2903 0.7397
vn -0.5595 -0.4714 0.6817
vn -0.4904 -0.6344 0.5975
vn -0.4025 -0.7730 0.4904
vn -0.2991 -0.8819 0.3644
vn -0.1842 -0.9569 0.2244
vn -0.0622 -0.9952 0.0758
vn -0.6313 0.0980 0.7693
vn -0.6071 0.2903 0.7397
vn -0.5595 0.4714 0.6817
vn -0.4904 0.6344 0.5975
vn -0.4025 0.7730 0.4904
vn -0.2991 0.8819 0.3644
vn -0.1842 0.9569 0.2244
vn -0.0622 0.9952 0.0758
vn -0.7693 -0.0980 0.6313
vn -0.7397 -0.2903 0.6071
vn -0.6817 -0.4714 0.5595
vn -0.5975 -0.6344 0.4904
vn -0.4904 -0.7730 0.4025
vn -0.3644 -0.8819 0.2991
vn -0.2244 -0.9569 0.1842
vn -0.0758 -0.9952 0.0622
vn -0.7693 0.0980 0.6313
vn -0.7397 0.2903 0.6071
vn -0.6817 0.4714 0.5595
vn -0.5975 0.6344 0.4904
vn -0.4904 0.7730 0.4025
vn -0.3644 0.8819 0.2991
vn -0.2244 0.9569 0.1842
vn -0.0758 0.9952 0.0622
vn -0.8777 -0.0980 0.4691
vn -0.8439 -0.2903 0.4511
vn -0.7778 -0.4714 0.4157
vn -0.6817 -0.6344 0.3644
vn -0.5595 -0.7730 0.2991
vn -0.4157 -0.8819 0.2222
vn -0.2560 -0.9569 0.1368
vn -0.0864 -0.9952 0.0462
vn -0.8777 0.0980 0.4691
vn -0.8439 0.2903 0.4511
vn -0.7778 0.4714 0.4157
vn -0.6817 0.6344 0.3644
vn -0.5595 0.7730 0.2991
vn -0.4157 0.8819 0.2222
vn -0.2560 0.9569 0.1368
vn -0.0864 0.9952 0.0462
vn -0.9523 -0.0980 0.2889
vn -0.9157 -0.2903 0.2778
vn -0.8439 -0.4714 0.2560
vn -0.7397 -0.6344 0.2244
vn -0.6071 -0.7730 0.1842
vn -0.4511 -0.8819 0.1368
vn -0.2778 -0.9569 0.0843
vn -0.0938 -0.9952 0.0285
vn -0.9523 0.0980 0.2889
vn -0.9157 0.2903 0.2778
vn -0.8439 0.4714 0.2560
vn -0.7397 0.6344 0.2244
vn -0.6071 0.7730 0.1842
vn -0.4511 0.8819 0.1368
vn -0.2778 0.9569 0.0843
vn -0.0938 0.9952 0.0285
vn -0.9904 -0.0980 0.0975
vn -0.9523 -0.2903 0.0938
vn -0.8777 -0.4714 0.0864
vn -0.7693 -0.6344 0.0758
vn -0.6313 -0.7730 0.0622
vn -0.4691 -0.8819 0.0462
vn -0.2889 -0.9569 0.0285
vn -0.0975 -0.9952 0.0096
vn -0.9904 0.0980 0.0975
vn -0.9523 0.2903 0.0938
vn -0.8777 0.4714 0.0864
vn -0.7693 0.6344 0.0758
vn -0.6313 0.7730 0.0622
vn -0.4691 0.8819 0.0462
vn -0.2889 0.9569 0.0285
vn -0.0975 0.9952 0.0096
vn -0.9904 -0.0980 -0.0975
vn -0.9523 -0.2903 -0.0938
vn -0.8777 -0.4714 -0.0864
vn -0.7693 -0.6344 -0.0758
vn -0.6313 -0.7730 -0.0622
vn -0.4691 -0.8819 -0.0462
vn -0.2889 -0.9569 -0.0285
vn -0.0975 -0.9952 -0.0096
vn -0.9904 0.0980 -0.0975
vn -0.9523 0.2903 -0.0938
vn -0.8777 0.4714 -0.0864
vn -0.7693 0.6344 -0.0758
vn -0.6313 0.7730 -0.0622
vn -0.4691 0.8819 -0.0462
vn -0.2889 0.9569 -0.0285
vn -0.0975 0.9952 -0.0096
vn -0.9523 -0.0980 -0.2889
vn -0.9157 -0.2903 -0.2778
vn -0.8439 -0.4714 -0.2560
vn -0.7397 -0.6344 -0.2244
vn -0.6071 -0.7730 -0.1842
vn -0.4511 -0.8819 -0.1368
vn -0.2778 -0.9569 -0.0843
vn -0.0938 -0.9952 -0.0285
vn -0.9523 0.0980 -0.2889
vn -0.9157 0.2903 -0.2778
vn -0.8439 0.4714 -0.2560
vn -0.7397 0.6344 -0.2244
vn -0.6071 0.7730 -0.1842
vn -0.4511 0.8819 -0.1368
vn -0.2778 0.9569 -0.0843
vn -0.0938 0.9952 -0.0285
vn -0.8777 -0.0980 -0.4691
vn -0.8439 -0.2903 -0.4511
vn -0.7778 -0.4714 -0.4157
vn -0.6817 -0.6344 -0.3644
vn -0.5595 -0.7730 -0.2991
vn -0.4157 -0.8819 -0.2222
vn -0.2560 -0.9569 -0.1368
vn -0.0864 -0.9952 -0.0462
vn -0.8777 0.0980 -0.4691
vn -0.8439 0.2903 -0.4511
vn -0.7778 0.4714 -0.4157
vn -0.6817 0.6344 -0.3644
vn -0.5595 0.7730 -0.2991
vn -0.4157 0.8819 -0.2222
vn -0.2560 0.9569 -0.1368
vn -0.0864 0.9952 -0.0462
vn -0.7693 -0.0980 -0.6313
vn -0.7397 -0.2903 -0.6071
vn -0.6817 -0.4714 -0.5595
vn -0.5975 -0.6344 -0.4904
vn -0.4904 -0.7730 -0.4025
vn -0.3644 -0.8819 -0.2991
vn -0.2244 -0.9569 -0.1842
vn -0.0758 -0.9952 -0.0622
vn -0.7693 0.0980 -0.6313
vn -0.7397 0.2903 -0.6071
vn -0.6817 0.4714 -0.5595
vn -0.5975 0.6344 -0.4904
vn -0.4904 0.7730 -0.4025
vn -0.3644 0.8819 -0.2991
vn -0.2244 0.9569 -0.1842
vn -0.0758 0.9952 -0.0622
vn -0.6313 -0.0980 -0.7693
vn -0.6071 -0.2903 -0.7397
vn -0.5595 -0.4714 -0.6817
vn -0.4904 -0.6344 -0.5975
vn -0.4025 -0.7730 -0.4904
vn -0.2991 -0.8819 -0.3644
vn -0.1842 -0.9569 -0.2244
vn -0.0622 -0.9952 -0.0758
vn -0.6313 0.0980 -0.7693
vn -0.6071 0.2903 -0.7397
vn -0.5595 0.4714 -0.6817
vn -0.4904 0.6344 -0.5975
vn -0.4025 0.7730 -0.4904
vn -0.2991 0.8819 -0.3644
vn -0.1842 0.9569 -0.2244
vn -0.0622 0.9952 -0.0758
vn -0.4691 -0.0980 -0.8777
vn -0.4511 -0.2903 -0.8439
vn -0.4157 -0.4714 -0.7778
vn -0.3644 -0.6344 -0.6817
vn -0.2991 -0.7730 -0.5595
vn -0.2222 -0.8819 -0.4157
vn -0.1368 -0.9569 -0.2560
vn -0.0462 -0.9952 -0.0864
vn -0.4691 0.0980 -0.8777
vn -0.4511 0.2903 -0.8439
vn -0.4157 0.4714 -0.7778
vn -0.3644 0.6344 -0.6817
vn -0.2991 0.7730 -0.5595
vn -0.2222 0.8819 -0.4157
vn -0.1368 0.9569 -0.2560
vn -0.0462 0.9952 -0.0864
vn -0.2889 -0.0980 -0.9523
vn -0.2778 -0.2903 -0.9157
vn -0.2560 -0.4714 -0.8439
vn -0.2244 -0.6344 -0.7397
vn -0.1842 -0.7730 -0.6071
vn -0.1368 -0.8819 -0.4511
vn -0.0843 -0.9569 -0.2778
vn -0.0285 -0.9952 -0.0938
vn -0.2889 0.0980 -0.9523
vn -0.2778 0.2903 -0.9157
vn -0.2560 0.4714 -0.8439
vn -0.2244 0.6344 -0.7397
vn -0.1842 0.7730 -0.6071
vn -0.1368 0.8819 -0.4511
vn -0.0843 0.9569 -0.2778
vn -0.0285 0.9952 -0.0938
vn -0.0975 -0.0980 -0.9904
vn -0.0938 -0.2903 -0.9523
vn -0.0864 -0.4714 -0.8777
vn -0.0758 -0.6344 -0.7693
vn -0.0622 -0.7730 -0.6313
vn -0.0462 -0.8819 -0.4691
vn -0.0285 -0.9569 -0.2889
vn -0.0096 -0.9952 -0.0975
vn -0.0975 0.0980 -0.9904
vn -0.0938 0.2903 -0.9523
vn -0.0864 0.4714 -0.8777
vn -0.0758 0.6344 -0.7693
vn -0.0622 0.7730 -0.6313
vn -0.0462 0.8819 -0.4691
vn -0.0285 0.9569 -0.2889
vn -0.0096 0.9952 -0.0975
vn -0.0000 -1.0000 -0.0000
vt 0.031250 0.875000
vt 0.000000 0.625000
vt 0.031250 0.625000
vt 0.937500 0.875000
vt 0.906250 0.625000
vt 0.937500 0.625000
vt 0.906250 0.875000
vt 0.875000 0.625000
vt 0.875000 0.875000
vt 0.843750 0.625000
vt 0.843750 0.875000
vt 0.812500 0.625000
vt 0.812500 0.875000
vt 0.781250 0.625000
vt 0.781250 0.875000
vt 0.750000 0.625000
vt 0.750000 0.875000
vt 0.718750 0.625000
vt 0.718750 0.875000
vt 0.687500 0.625000
vt 0.687500 0.875000
vt 0.656250 0.625000
vt 0.656250 0.875000
vt 0.625000 0.625000
vt 0.625000 0.875000
vt 0.593750 0.625000
vt 0.593750 0.875000
vt 0.562500 0.625000
vt 0.562500 0.875000
vt 0.531250 0.625000
vt 0.531250 0.875000
vt 0.500000 0.625000
vt 0.500000 0.875000
vt 0.468750 0.625000
vt 0.468750 0.875000
vt 0.437500 0.625000
vt 0.437500 0.875000
vt 0.406250 0.625000
vt 0.406250 0.875000
vt 0.375000 0.625000
vt 0.375000 0.875000
vt 0.343750 0.625000
vt 0.343750 0.875000
vt 0.312500 0.625000
vt 0.312500 0.875000
vt 0.281250 0.625000
vt 0.281250 0.875000
vt 0.250000 0.625000
vt 0.250000 0.875000
vt 0.218750 0.625000
vt 0.218750 0.875000
vt 0.187500 0.625000
vt 0.187500 0.875000
vt 0.156250 0.625000
vt 0.156250 0.875000
vt 0.125000 0.625000
vt 0.125000 0.875000
vt 0.093750 0.625000
vt 0.093750 0.875000
vt 0.062500 0.625000
vt 0.062500 0.875000
vt 0.968750 0.875000
vt 0.968750 0.625000
vt 0.204300 0.139671
vt 0.360329 0.204300
vt 0.295700 0.360329
vt 1.000000 0.875000
vt 1.000000 0.625000
vt 0.968901 0.600614
vt 0.999849 0.600614
vt 0.999402 0.577165
vt 0.969348 0.577165
vt 0.998677 0.555554
vt 0.971049 0.500000
vt 0.997701 0.500000
vt 0.793377 0.485728
vt 0.750000 0.436410
vt 0.753445 0.489661
vt 0.782300 0.412382
vt 0.750000 0.415564
vt 0.777887 0.390197
vt 0.750000 0.392943
vt 0.773297 0.367125
vt 0.750000 0.369419
vt 0.999849 0.899386
vt 0.968901 0.899386
vt 0.999402 0.922835
vt 0.969348 0.922835
vt 0.970073 0.944446
vt 0.998677 0.944446
vt 0.971049 1.000000
vt 0.253445 0.489661
vt 0.286367 0.432829
vt 0.293377 0.485728
vt 0.250000 0.436410
vt 0.282300 0.412382
vt 0.250000 0.415564
vt 0.277887 0.390197
vt 0.250000 0.392943
vt 0.273297 0.367125
vt 0.968599 0.600614
vt 0.937651 0.600614
vt 0.968152 0.577165
vt 0.938098 0.577165
vt 0.967427 0.555554
vt 0.938823 0.555554
vt 0.966451 0.500000
vt 0.838531 0.472736
vt 0.786367 0.432829
vt 0.800134 0.484384
vt 0.821336 0.422221
vt 0.813358 0.402961
vt 0.804702 0.382063
vt 0.937651 0.899386
vt 0.968152 0.922835
vt 0.938098 0.922835
vt 0.938823 0.944446
vt 0.967427 0.944446
vt 0.939799 1.000000
vt 0.300134 0.484384
vt 0.321336 0.422221
vt 0.338531 0.472736
vt 0.313358 0.402961
vt 0.304702 0.382063
vt 0.937349 0.600614
vt 0.906848 0.577165
vt 0.936902 0.577165
vt 0.907573 0.555554
vt 0.936177 0.555554
vt 0.908549 0.500000
vt 0.935201 0.500000
vt 0.844897 0.470099
vt 0.853564 0.404995
vt 0.841982 0.387661
vt 0.816346 0.349294
vt 0.795700 0.360329
vt 0.906401 0.899386
vt 0.936902 0.922835
vt 0.906848 0.922835
vt 0.907573 0.944446
vt 0.935201 1.000000
vt 0.908549 1.000000
vt 0.344897 0.470099
vt 0.353564 0.404995
vt 0.380284 0.451185
vt 0.341982 0.387661
vt 0.329415 0.368853
vt 0.316346 0.349294
vt 0.906099 0.600614
vt 0.875151 0.600614
vt 0.905652 0.577165
vt 0.875598 0.577165
vt 0.904927 0.555554
vt 0.877299 0.500000
vt 0.903951 0.500000
vt 0.886013 0.447357
vt 0.881812 0.381812
vt 0.867071 0.367071
vt 0.851076 0.351076
vt 0.829415 0.368853
vt 0.906099 0.899386
vt 0.875151 0.899386
vt 0.875598 0.922835
vt 0.905652 0.922835
vt 0.876323 0.944446
vt 0.904927 0.944446
vt 0.877299 1.000000
vt 0.386013 0.447357
vt 0.381812 0.381812
vt 0.417030 0.421902
vt 0.367071 0.367071
vt 0.351076 0.351076
vt 0.334442 0.334442
vt 0.843901 0.600614
vt 0.874849 0.600614
vt 0.874402 0.577165
vt 0.844348 0.577165
vt 0.873677 0.555554
vt 0.845073 0.555554
vt 0.872701 0.500000
vt 0.947357 0.386013
vt 0.921902 0.417030
vt 0.904995 0.353564
vt 0.887661 0.341982
vt 0.868853 0.329415
vt 0.834442 0.334442
vt 0.843901 0.899386
vt 0.874849 0.899386
vt 0.844348 0.922835
vt 0.874402 0.922835
vt 0.845073 0.944446
vt 0.872701 1.000000
vt 0.846049 1.000000
vt 0.447357 0.386013
vt 0.404995 0.353564
vt 0.387661 0.341982
vt 0.368853 0.329415
vt 0.349294 0.316346
vt 0.843599 0.600614
vt 0.813098 0.577165
vt 0.843152 0.577165
vt 0.842427 0.555554
vt 0.814799 0.500000
vt 0.841451 0.500000
vt 0.970099 0.344897
vt 0.951185 0.380284
vt 0.902961 0.313358
vt 0.882062 0.304702
vt 0.860329 0.295700
vt 0.849293 0.316346
vt 0.812651 0.899386
vt 0.843152 0.922835
vt 0.813098 0.922835
vt 0.842427 0.944446
vt 0.813823 0.944446
vt 0.841451 1.000000
vt 0.814799 1.000000
vt 0.470099 0.344897
vt 0.422221 0.321336
vt 0.402961 0.313359
vt 0.382062 0.304702
vt 0.360329 0.295700
vt 0.812349 0.600614
vt 0.781848 0.577165
vt 0.811902 0.577165
vt 0.811177 0.555554
vt 0.782573 0.555554
vt 0.810201 0.500000
vt 0.984384 0.300134
vt 0.922221 0.321336
vt 0.972736 0.338531
vt 0.932828 0.286367
vt 0.912382 0.282300
vt 0.890197 0.277887
vt 0.781401 0.899386
vt 0.812349 0.899386
vt 0.781848 0.922835
vt 0.811902 0.922835
vt 0.782573 0.944446
vt 0.811177 0.944446
vt 0.783549 1.000000
vt 0.472736 0.338531
vt 0.432829 0.286367
vt 0.484384 0.300134
vt 0.412382 0.282300
vt 0.390197 0.277887
vt 0.367125 0.273297
vt 0.750151 0.600614
vt 0.781099 0.600614
vt 0.750598 0.577165
vt 0.780652 0.577165
vt 0.779927 0.555554
vt 0.751323 0.555554
vt 0.778951 0.500000
vt 0.989661 0.253445
vt 0.985728 0.293377
vt 0.936410 0.250000
vt 0.915564 0.250000
vt 0.892943 0.250000
vt 0.867125 0.273298
vt 0.781099 0.899386
vt 0.750151 0.899386
vt 0.750598 0.922835
vt 0.780652 0.922835
vt 0.751323 0.944446
vt 0.778951 1.000000
vt 0.752299 1.000000
vt 0.485728 0.293377
vt 0.436410 0.250000
vt 0.489661 0.253445
vt 0.415564 0.250000
vt 0.392943 0.250000
vt 0.369419 0.250000
vt 0.718901 0.600614
vt 0.749849 0.600614
vt 0.749402 0.577165
vt 0.719348 0.577165
vt 0.748677 0.555554
vt 0.721049 0.500000
vt 0.747701 0.500000
vt 0.985728 0.206623
vt 0.989661 0.246555
vt 0.912382 0.217700
vt 0.890197 0.222113
vt 0.867125 0.226702
vt 0.869419 0.250000
vt 0.749849 0.899386
vt 0.718901 0.899386
vt 0.749402 0.922835
vt 0.719348 0.922835
vt 0.720073 0.944446
vt 0.748677 0.944446
vt 0.721049 1.000000
vt 0.489661 0.246555
vt 0.432829 0.213633
vt 0.485728 0.206623
vt 0.412382 0.217700
vt 0.390197 0.222113
vt 0.367125 0.226702
vt 0.718599 0.600614
vt 0.687651 0.600614
vt 0.718152 0.577165
vt 0.688098 0.577165
vt 0.717427 0.555554
vt 0.688823 0.555554
vt 0.716451 0.500000
vt 0.972736 0.161469
vt 0.932829 0.213633
vt 0.984384 0.199866
vt 0.922221 0.178664
vt 0.902960 0.186642
vt 0.882062 0.195298
vt 0.687651 0.899386
vt 0.718152 0.922835
vt 0.688098 0.922835
vt 0.688823 0.944446
vt 0.717427 0.944446
vt 0.689799 1.000000
vt 0.484384 0.199866
vt 0.422221 0.178664
vt 0.472736 0.161469
vt 0.402961 0.186642
vt 0.382063 0.195298
vt 0.687349 0.600614
vt 0.656848 0.577165
vt 0.686902 0.577165
vt 0.657573 0.555554
vt 0.686177 0.555554
vt 0.658549 0.500000
vt 0.685201 0.500000
vt 0.970099 0.155103
vt 0.904995 0.146436
vt 0.887661 0.158018
vt 0.849293 0.183654
vt 0.860329 0.204300
vt 0.656401 0.899386
vt 0.686902 0.922835
vt 0.656848 0.922835
vt 0.657573 0.944446
vt 0.685201 1.000000
vt 0.658549 1.000000
vt 0.470099 0.155103
vt 0.404995 0.146436
vt 0.451185 0.119716
vt 0.387661 0.158018
vt 0.368853 0.170585
vt 0.349294 0.183654
vt 0.656099 0.600614
vt 0.625151 0.600614
vt 0.655652 0.577165
vt 0.625598 0.577165
vt 0.654927 0.555554
vt 0.627299 0.500000
vt 0.653951 0.500000
vt 0.947357 0.113987
vt 0.881812 0.118188
vt 0.867071 0.132929
vt 0.851076 0.148924
vt 0.868853 0.170585
vt 0.656099 0.899386
vt 0.625151 0.899386
vt 0.625598 0.922835
vt 0.655652 0.922835
vt 0.626323 0.944446
vt 0.654927 0.944446
vt 0.627299 1.000000
vt 0.447357 0.113987
vt 0.381812 0.118188
vt 0.421902 0.082970
vt 0.367071 0.132929
vt 0.351076 0.148924
vt 0.334442 0.165558
vt 0.593901 0.600614
vt 0.624849 0.600614
vt 0.624402 0.577165
vt 0.594348 0.577165
vt 0.623677 0.555554
vt 0.595073 0.555554
vt 0.622701 0.500000
vt 0.886013 0.052643
vt 0.917030 0.078098
vt 0.853564 0.095005
vt 0.841982 0.112339
vt 0.829415 0.131147
vt 0.834442 0.165558
vt 0.593901 0.899386
vt 0.624849 0.899386
vt 0.594348 0.922835
vt 0.624402 0.922835
vt 0.595073 0.944446
vt 0.622701 1.000000
vt 0.596049 1.000000
vt 0.386013 0.052643
vt 0.353564 0.095005
vt 0.341982 0.112339
vt 0.329415 0.131147
vt 0.316346 0.150706
vt 0.593599 0.600614
vt 0.563098 0.577165
vt 0.593152 0.577165
vt 0.592427 0.555554
vt 0.564799 0.500000
vt 0.591451 0.500000
vt 0.844897 0.029901
vt 0.880284 0.048815
vt 0.813358 0.097039
vt 0.804702 0.117937
vt 0.795700 0.139671
vt 0.816346 0.150706
vt 0.562651 0.899386
vt 0.593152 0.922835
vt 0.563098 0.922835
vt 0.592427 0.944446
vt 0.563823 0.944446
vt 0.591451 1.000000
vt 0.564799 1.000000
vt 0.344897 0.029901
vt 0.321336 0.077779
vt 0.313358 0.097039
vt 0.304702 0.117937
vt 0.295700 0.139671
vt 0.562349 0.600614
vt 0.531848 0.577165
vt 0.561902 0.577165
vt 0.561177 0.555554
vt 0.532573 0.555554
vt 0.560201 0.500000
vt 0.800134 0.015616
vt 0.821336 0.077779
vt 0.838531 0.027264
vt 0.786367 0.067171
vt 0.782300 0.087618
vt 0.777887 0.109803
vt 0.531401 0.899386
vt 0.562349 0.899386
vt 0.531848 0.922835
vt 0.561902 0.922835
vt 0.532573 0.944446
vt 0.561177 0.944446
vt 0.533549 1.000000
vt 0.338531 0.027264
vt 0.286367 0.067171
vt 0.300134 0.015616
vt 0.282300 0.087618
vt 0.277887 0.109803
vt 0.273298 0.132875
vt 0.500151 0.600614
vt 0.531099 0.600614
vt 0.500598 0.577165
vt 0.530652 0.577165
vt 0.529927 0.555554
vt 0.501323 0.555554
vt 0.528951 0.500000
vt 0.753445 0.010339
vt 0.793377 0.014272
vt 0.750000 0.063590
vt 0.750000 0.084436
vt 0.750000 0.107057
vt 0.773298 0.132875
vt 0.531099 0.899386
vt 0.500151 0.899386
vt 0.500598 0.922835
vt 0.530652 0.922835
vt 0.501323 0.944446
vt 0.528951 1.000000
vt 0.502299 1.000000
vt 0.293377 0.014272
vt 0.250000 0.063590
vt 0.253445 0.010339
vt 0.250000 0.084436
vt 0.250000 0.107057
vt 0.250000 0.130581
vt 0.468901 0.600614
vt 0.499849 0.600614
vt 0.499402 0.577165
vt 0.469348 0.577165
vt 0.498677 0.555554
vt 0.471049 0.500000
vt 0.497701 0.500000
vt 0.706623 0.014272
vt 0.746555 0.010339
vt 0.717700 0.087618
vt 0.722113 0.109803
vt 0.726702 0.132875
vt 0.750000 0.130581
vt 0.499849 0.899386
vt 0.468901 0.899386
vt 0.499402 0.922835
vt 0.469348 0.922835
vt 0.470073 0.944446
vt 0.498677 0.944446
vt 0.471049 1.000000
vt 0.246555 0.010339
vt 0.213633 0.067171
vt 0.206623 0.014272
vt 0.217700 0.087618
vt 0.222113 0.109803
vt 0.226702 0.132875
vt 0.468599 0.600614
vt 0.437651 0.600614
vt 0.468152 0.577165
vt 0.438098 0.577165
vt 0.467427 0.555554
vt 0.438823 0.555554
vt 0.466451 0.500000
vt 0.661469 0.027264
vt 0.713633 0.067171
vt 0.699866 0.015616
vt 0.678664 0.077779
vt 0.686642 0.097039
vt 0.695298 0.117937
vt 0.437651 0.899386
vt 0.468152 0.922835
vt 0.438098 0.922835
vt 0.438823 0.944446
vt 0.467427 0.944446
vt 0.439799 1.000000
vt 0.199866 0.015616
vt 0.178664 0.077779
vt 0.161469 0.027264
vt 0.186642 0.097039
vt 0.195298 0.117937
vt 0.437349 0.600614
vt 0.406848 0.577165
vt 0.436902 0.577165
vt 0.407573 0.555554
vt 0.436177 0.555554
vt 0.408549 0.500000
vt 0.435201 0.500000
vt 0.655103 0.029901
vt 0.646436 0.095005
vt 0.658018 0.112339
vt 0.683654 0.150706
vt 0.704300 0.139671
vt 0.406401 0.899386
vt 0.436902 0.922835
vt 0.406848 0.922835
vt 0.407573 0.944446
vt 0.435201 1.000000
vt 0.408549 1.000000
vt 0.155103 0.029901
vt 0.146436 0.095005
vt 0.119716 0.048815
vt 0.158018 0.112339
vt 0.170585 0.131147
vt 0.183654 0.150706
vt 0.406099 0.600614
vt 0.375151 0.600614
vt 0.405652 0.577165
vt 0.375598 0.577165
vt 0.404927 0.555554
vt 0.377299 0.500000
vt 0.403951 0.500000
vt 0.613987 0.052643
vt 0.618188 0.118188
vt 0.632929 0.132929
vt 0.648924 0.148924
vt 0.670585 0.131147
vt 0.406099 0.899386
vt 0.375151 0.899386
vt 0.375598 0.922835
vt 0.405652 0.922835
vt 0.376323 0.944446
vt 0.404927 0.944446
vt 0.377299 1.000000
vt 0.113987 0.052643
vt 0.118188 0.118188
vt 0.082970 0.078098
vt 0.132929 0.132929
vt 0.148924 0.148924
vt 0.165558 0.165558
vt 0.343901 0.600614
vt 0.374849 0.600614
vt 0.374402 0.577165
vt 0.344348 0.577165
vt 0.373677 0.555554
vt 0.345073 0.555554
vt 0.372701 0.500000
vt 0.552643 0.113987
vt 0.578098 0.082970
vt 0.595005 0.146436
vt 0.612339 0.158018
vt 0.631147 0.170585
vt 0.665558 0.165558
vt 0.343901 0.899386
vt 0.374849 0.899386
vt 0.344348 0.922835
vt 0.374402 0.922835
vt 0.345073 0.944446
vt 0.372701 1.000000
vt 0.346049 1.000000
vt 0.052643 0.113987
vt 0.095005 0.146436
vt 0.112339 0.158018
vt 0.131147 0.170585
vt 0.150706 0.183654
vt 0.343599 0.600614
vt 0.313098 0.577165
vt 0.343152 0.577165
vt 0.342427 0.555554
vt 0.314799 0.500000
vt 0.341451 0.500000
vt 0.529901 0.155103
vt 0.548815 0.119716
vt 0.597039 0.186642
vt 0.617937 0.195298
vt 0.639671 0.204300
vt 0.650706 0.183654
vt 0.312651 0.899386
vt 0.343152 0.922835
vt 0.313098 0.922835
vt 0.342427 0.944446
vt 0.313823 0.944446
vt 0.341451 1.000000
vt 0.314799 1.000000
vt 0.029901 0.155103
vt 0.077779 0.178664
vt 0.097039 0.186642
vt 0.117937 0.195298
vt 0.139671 0.204300
vt 0.312349 0.600614
vt 0.281848 0.577165
vt 0.311902 0.577165
vt 0.311177 0.555554
vt 0.282573 0.555554
vt 0.310201 0.500000
vt 0.515616 0.199866
vt 0.577779 0.178664
vt 0.527264 0.161469
vt 0.567171 0.213633
vt 0.587618 0.217700
vt 0.609803 0.222113
vt 0.281401 0.899386
vt 0.312349 0.899386
vt 0.281848 0.922835
vt 0.311902 0.922835
vt 0.282573 0.944446
vt 0.311177 0.944446
vt 0.283549 1.000000
vt 0.027264 0.161469
vt 0.067171 0.213633
vt 0.015616 0.199866
vt 0.087618 0.217700
vt 0.109803 0.222113
vt 0.132875 0.226702
vt 0.250151 0.600614
vt 0.281099 0.600614
vt 0.250598 0.577165
vt 0.280652 0.577165
vt 0.279927 0.555554
vt 0.251323 0.555554
vt 0.278951 0.500000
vt 0.510339 0.246555
vt 0.514272 0.206623
vt 0.563590 0.250000
vt 0.584436 0.250000
vt 0.607057 0.250000
vt 0.632875 0.226702
vt 0.281099 0.899386
vt 0.250151 0.899386
vt 0.250598 0.922835
vt 0.280652 0.922835
vt 0.251323 0.944446
vt 0.278951 1.000000
vt 0.252299 1.000000
vt 0.014272 0.206623
vt 0.063590 0.250000
vt 0.010339 0.246555
vt 0.084436 0.250000
vt 0.107057 0.250000
vt 0.130581 0.250000
vt 0.218901 0.600614
vt 0.249849 0.600614
vt 0.249402 0.577165
vt 0.219348 0.577165
vt 0.248677 0.555554
vt 0.221049 0.500000
vt 0.247701 0.500000
vt 0.514272 0.293377
vt 0.510339 0.253445
vt 0.587618 0.282300
vt 0.609803 0.277887
vt 0.632875 0.273298
vt 0.630581 0.250000
vt 0.249849 0.899386
vt 0.218901 0.899386
vt 0.249402 0.922835
vt 0.219348 0.922835
vt 0.220073 0.944446
vt 0.248677 0.944446
vt 0.221049 1.000000
vt 0.010339 0.253445
vt 0.067171 0.286367
vt 0.014272 0.293377
vt 0.087618 0.282300
vt 0.109803 0.277887
vt 0.132875 0.273298
vt 0.218599 0.600614
vt 0.187651 0.600614
vt 0.218152 0.577165
vt 0.188098 0.577165
vt 0.217427 0.555554
vt 0.188823 0.555554
vt 0.216451 0.500000
vt 0.527264 0.338531
vt 0.567171 0.286367
vt 0.515616 0.300134
vt 0.577779 0.321336
vt 0.597039 0.313358
vt 0.617937 0.304702
vt 0.187651 0.899386
vt 0.218152 0.922835
vt 0.188098 0.922835
vt 0.188823 0.944446
vt 0.217427 0.944446
vt 0.189799 1.000000
vt 0.015616 0.300134
vt 0.077779 0.321336
vt 0.027264 0.338531
vt 0.097039 0.313358
vt 0.117937 0.304702
vt 0.139671 0.295700
vt 0.187349 0.600614
vt 0.156848 0.577165
vt 0.186902 0.577165
vt 0.157573 0.555554
vt 0.186177 0.555554
vt 0.158549 0.500000
vt 0.185201 0.500000
vt 0.529901 0.344897
vt 0.595005 0.353564
vt 0.612339 0.341982
vt 0.650706 0.316346
vt 0.639671 0.295700
vt 0.156401 0.899386
vt 0.186902 0.922835
vt 0.156848 0.922835
vt 0.157573 0.944446
vt 0.185201 1.000000
vt 0.158549 1.000000
vt 0.029901 0.344897
vt 0.095005 0.353564
vt 0.048815 0.380284
vt 0.112339 0.341982
vt 0.131147 0.329415
vt 0.150706 0.316346
vt 0.156099 0.600614
vt 0.125151 0.600614
vt 0.155652 0.577165
vt 0.125598 0.577165
vt 0.154927 0.555554
vt 0.127299 0.500000
vt 0.153951 0.500000
vt 0.552643 0.386013
vt 0.618188 0.381812
vt 0.632929 0.367071
vt 0.648924 0.351076
vt 0.631147 0.329415
vt 0.156099 0.899386
vt 0.125151 0.899386
vt 0.125598 0.922835
vt 0.155652 0.922835
vt 0.126323 0.944446
vt 0.154927 0.944446
vt 0.127299 1.000000
vt 0.052643 0.386013
vt 0.118188 0.381812
vt 0.078098 0.417030
vt 0.132929 0.367071
vt 0.148924 0.351076
vt 0.165558 0.334442
vt 0.093901 0.600614
vt 0.124849 0.600614
vt 0.124402 0.577165
vt 0.094348 0.577165
vt 0.123677 0.555554
vt 0.095073 0.555554
vt 0.122701 0.500000
vt 0.613987 0.447357
vt 0.582970 0.421902
vt 0.646436 0.404995
vt 0.658018 0.387661
vt 0.670585 0.368853
vt 0.665558 0.334442
vt 0.093901 0.899386
vt 0.124849 0.899386
vt 0.094348 0.922835
vt 0.124402 0.922835
vt 0.095073 0.944446
vt 0.122701 1.000000
vt 0.096049 1.000000
vt 0.113987 0.447357
vt 0.146436 0.404995
vt 0.158018 0.387661
vt 0.170585 0.368853
vt 0.183654 0.349294
vt 0.093599 0.600614
vt 0.063098 0.577165
vt 0.093152 0.577165
vt 0.092427 0.555554
vt 0.064799 0.500000
vt 0.091451 0.500000
vt 0.655103 0.470099
vt 0.619716 0.451185
vt 0.686642 0.402961
vt 0.695298 0.382063
vt 0.704300 0.360329
vt 0.683654 0.349294
vt 0.062651 0.899386
vt 0.093152 0.922835
vt 0.063098 0.922835
vt 0.092427 0.944446
vt 0.063823 0.944446
vt 0.091451 1.000000
vt 0.064799 1.000000
vt 0.155103 0.470099
vt 0.178664 0.422221
vt 0.186642 0.402961
vt 0.195298 0.382063
vt 0.204300 0.360329
vt 0.062349 0.600614
vt 0.031848 0.577165
vt 0.061902 0.577165
vt 0.061177 0.555554
vt 0.032573 0.555554
vt 0.060201 0.500000
vt 0.699866 0.484384
vt 0.678664 0.422221
vt 0.661469 0.472736
vt 0.713633 0.432829
vt 0.717700 0.412382
vt 0.722113 0.390197
vt 0.031401 0.899386
vt 0.062349 0.899386
vt 0.031848 0.922835
vt 0.061902 0.922835
vt 0.032573 0.944446
vt 0.061177 0.944446
vt 0.033549 1.000000
vt 0.161469 0.472736
vt 0.213633 0.432829
vt 0.199866 0.484384
vt 0.217700 0.412382
vt 0.222113 0.390197
vt 0.226702 0.367125
vt 0.000151 0.600614
vt 0.031099 0.600614
vt 0.000598 0.577165
vt 0.030652 0.577165
vt 0.029927 0.555554
vt 0.001323 0.555554
vt 0.028951 0.500000
vt 0.746555 0.489661
vt 0.706623 0.485728
vt 0.726702 0.367125
vt 0.000000 0.875000
vt 0.031099 0.899386
vt 0.000151 0.899386
vt 0.000598 0.922835
vt 0.030652 0.922835
vt 0.001323 0.944446
vt 0.028951 1.000000
vt 0.002299 1.000000
vt 0.206623 0.485728
vt 0.246555 0.489661
vt 0.250000 0.369419
vt 0.970073 0.555554
vt 0.997701 1.000000
vt 0.939799 0.500000
vt 0.968599 0.899386
vt 0.966451 1.000000
vt 0.906401 0.600614
vt 0.880284 0.451185
vt 0.937349 0.899386
vt 0.936177 0.944446
vt 0.876323 0.555554
vt 0.917030 0.421902
vt 0.903951 1.000000
vt 0.846049 0.500000
vt 0.873677 0.944446
vt 0.421902 0.417030
vt 0.812651 0.600614
vt 0.813823 0.555554
vt 0.843599 0.899386
vt 0.451185 0.380284
vt 0.781401 0.600614
vt 0.783549 0.500000
vt 0.810201 1.000000
vt 0.752299 0.500000
vt 0.779927 0.944446
vt 0.720073 0.555554
vt 0.747701 1.000000
vt 0.689799 0.500000
vt 0.718599 0.899386
vt 0.716451 1.000000
vt 0.656401 0.600614
vt 0.951185 0.119716
vt 0.687349 0.899386
vt 0.686177 0.944446
vt 0.626323 0.555554
vt 0.921902 0.082970
vt 0.653951 1.000000
vt 0.596049 0.500000
vt 0.623677 0.944446
vt 0.417030 0.078098
vt 0.562651 0.600614
vt 0.563823 0.555554
vt 0.593599 0.899386
vt 0.380284 0.048815
vt 0.531401 0.600614
vt 0.533549 0.500000
vt 0.560201 1.000000
vt 0.502299 0.500000
vt 0.529927 0.944446
vt 0.470073 0.555554
vt 0.497701 1.000000
vt 0.439799 0.500000
vt 0.468599 0.899386
vt 0.466451 1.000000
vt 0.406401 0.600614
vt 0.619716 0.048815
vt 0.437349 0.899386
vt 0.436177 0.944446
vt 0.376323 0.555554
vt 0.582970 0.078098
vt 0.403951 1.000000
vt 0.346049 0.500000
vt 0.373677 0.944446
vt 0.078098 0.082970
vt 0.312651 0.600614
vt 0.313823 0.555554
vt 0.343599 0.899386
vt 0.048815 0.119716
vt 0.281401 0.600614
vt 0.283549 0.500000
vt 0.310201 1.000000
vt 0.252299 0.500000
vt 0.279927 0.944446
vt 0.220073 0.555554
vt 0.247701 1.000000
vt 0.189799 0.500000
vt 0.218599 0.899386
vt 0.216451 1.000000
vt 0.156401 0.600614
vt 0.548815 0.380284
vt 0.187349 0.899386
vt 0.186177 0.944446
vt 0.126323 0.555554
vt 0.578098 0.417030
vt 0.153951 1.000000
vt 0.096049 0.500000
vt 0.123677 0.944446
vt 0.082970 0.421902
vt 0.062651 0.600614
vt 0.063823 0.555554
vt 0.093599 0.899386
vt 0.119716 0.451185
vt 0.031401 0.600614
vt 0.033549 0.500000
vt 0.060201 1.000000
vt 0.002299 0.500000
vt 0.029927 0.944446
s 0
f 1057/557/871 490/558/871 1048/559/871
f 535/560/872 544/561/872 526/562/872
f 553/563/873 562/564/873 544/561/873
f 571/565/874 580/566/874 562/564/874
f 589/567/875 598/568/875 580/566/875
f 607/569/876 616/570/876 598/568/876
f 625/571/877 634/572/877 616/570/877
f 643/573/878 652/574/878 634/572/878
f 661/575/879 670/576/879 652/574/879
f 679/577/880 688/578/880 670/576/880
f 697/579/881 706/580/881 688/578/881
f 715/581/882 724/582/882 706/580/882
f 733/583/883 742/584/883 724/582/883
f 751/585/884 760/586/884 742/584/884
f 769/587/885 778/588/885 760/586/885
f 787/589/886 796/590/886 778/588/886
f 805/591/887 814/592/887 796/590/887
f 823/593/888 832/594/888 814/592/888
f 841/595/889 850/596/889 832/594/889
f 859/597/890 868/598/890 850/596/890
f 877/599/891 886/600/891 868/598/891
f 895/601/892 904/602/892 886/600/892
f 913/603/893 922/604/893 904/602/893
f 931/605/894 940/606/894 922/604/894
f 949/607/895 958/608/895 940/606/895
f 967/609/896 976/610/896 958/608/896
f 985/611/897 994/612/897 976/610/897
f 1003/613/898 1012/614/898 994/612/898
f 1021/615/899 1030/616/899 1012/614/899
f 1039/617/900 1048/559/900 1030/616/900
f 517/618/901 526/562/901 508/619/901
f 822/620/902 678/621/902 534/622/902
f 499/623/903 508/619/903 490/624/903
f 490/624/904 515/625/904 497/626/904
f 515/625/905 496/627/905 497/626/905
f 514/628/906 495/629/906 496/627/906
f 495/629/907 512/630/907 494/631/907
f 512/632/908 493/633/908 494/634/908
f 493/633/909 510/635/909 492/636/909
f 492/636/910 509/637/910 491/638/910
f 491/638/911 507/639/911 489/640/911
f 517/618/912 506/641/912 524/642/912
f 524/642/913 505/643/913 523/644/913
f 505/643/914 522/645/914 523/644/914
f 504/646/915 521/647/915 522/645/915
f 503/648/916 520/649/916 521/650/916
f 502/651/917 519/652/917 520/649/917
f 501/653/918 518/654/918 519/652/918
f 500/655/919 516/656/919 518/654/919
f 526/562/920 515/657/920 508/619/920
f 533/658/921 514/659/921 515/657/921
f 532/660/922 513/661/922 514/659/922
f 531/662/923 512/663/923 513/661/923
f 530/664/924 511/665/924 512/666/924
f 529/667/925 510/635/925 511/665/925
f 528/668/926 509/637/926 510/635/926
f 527/669/927 507/639/927 509/637/927
f 517/618/928 542/670/928 535/560/928
f 542/670/929 523/671/929 541/672/929
f 523/671/930 540/673/930 541/672/930
f 522/674/931 539/675/931 540/673/931
f 521/676/932 538/677/932 539/678/932
f 520/649/933 537/679/933 538/677/933
f 519/652/934 536/680/934 537/679/934
f 518/654/935 534/622/935 536/680/935
f 544/561/936 533/681/936 526/562/936
f 533/681/937 550/682/937 532/683/937
f 532/683/938 549/684/938 531/685/938
f 531/685/939 548/686/939 530/687/939
f 530/688/940 547/689/940 529/667/940
f 547/689/941 528/668/941 529/667/941
f 546/690/942 527/669/942 528/668/942
f 527/669/943 543/691/943 525/692/943
f 535/560/944 560/693/944 553/563/944
f 560/693/945 541/694/945 559/695/945
f 541/694/946 558/696/946 559/695/946
f 558/696/947 539/697/947 557/698/947
f 539/699/948 556/700/948 557/701/948
f 556/700/949 537/679/949 555/702/949
f 555/702/950 536/680/950 554/703/950
f 554/703/951 534/622/951 552/704/951
f 562/564/952 551/705/952 544/561/952
f 569/706/953 550/707/953 551/705/953
f 568/708/954 549/709/954 550/707/954
f 549/709/955 566/710/955 548/711/955
f 548/712/956 565/713/956 547/689/956
f 547/689/957 564/714/957 546/690/957
f 546/690/958 563/715/958 545/716/958
f 563/715/959 543/691/959 545/716/959
f 571/565/960 560/717/960 578/718/960
f 560/717/961 577/719/961 578/718/961
f 559/720/962 576/721/962 577/719/962
f 558/722/963 575/723/963 576/721/963
f 557/724/964 574/725/964 575/726/964
f 556/700/965 573/727/965 574/725/965
f 555/702/966 572/728/966 573/727/966
f 554/703/967 570/729/967 572/728/967
f 562/564/968 587/730/968 569/731/968
f 587/730/969 568/732/969 569/731/969
f 586/733/970 567/734/970 568/732/970
f 585/735/971 566/736/971 567/734/971
f 584/737/972 565/713/972 566/738/972
f 583/739/973 564/714/973 565/713/973
f 582/740/974 563/715/974 564/714/974
f 581/741/975 561/742/975 563/715/975
f 571/565/976 596/743/976 589/567/976
f 578/744/977 595/745/977 596/743/977
f 577/746/978 594/747/978 595/745/978
f 594/747/979 575/748/979 593/749/979
f 593/750/980 574/725/980 592/751/980
f 592/751/981 573/727/981 591/752/981
f 591/752/982 572/728/982 590/753/982
f 572/728/983 588/754/983 590/753/983
f 598/568/984 587/755/984 580/566/984
f 587/755/985 604/756/985 586/757/985
f 604/756/986 585/758/986 586/757/986
f 585/758/987 602/759/987 584/760/987
f 602/761/988 583/739/988 584/762/988
f 583/739/989 600/763/989 582/740/989
f 582/740/990 599/764/990 581/741/990
f 581/741/991 597/765/991 579/766/991
f 589/567/992 614/767/992 607/569/992
f 614/767/993 595/768/993 613/769/993
f 613/769/994 594/770/994 612/771/994
f 612/771/995 593/772/995 611/773/995
f 611/774/996 592/751/996 610/775/996
f 592/751/997 609/776/997 610/775/997
f 591/752/998 608/777/998 609/776/998
f 608/777/999 588/754/999 606/778/999
f 616/570/1000 605/779/1000 598/568/1000
f 605/779/1001 622/780/1001 604/781/1001
f 622/780/1002 603/782/1002 604/781/1002
f 621/783/1003 602/784/1003 603/782/1003
f 620/785/1004 601/786/1004 602/787/1004
f 619/788/1005 600/763/1005 601/786/1005
f 618/789/1006 599/764/1006 600/763/1006
f 617/790/1007 597/765/1007 599/764/1007
f 607/569/1008 632/791/1008 625/571/1008
f 614/792/1009 631/793/1009 632/791/1009
f 613/794/1010 630/795/1010 631/793/1010
f 612/796/1011 629/797/1011 630/795/1011
f 611/798/1012 628/799/1012 629/800/1012
f 610/775/1013 627/801/1013 628/799/1013
f 609/776/1014 626/802/1014 627/801/1014
f 608/777/1015 624/803/1015 626/802/1015
f 616/570/1016 641/804/1016 623/805/1016
f 623/805/1017 640/806/1017 622/807/1017
f 640/806/1018 621/808/1018 622/807/1018
f 639/809/1019 620/810/1019 621/808/1019
f 638/811/1020 619/788/1020 620/812/1020
f 637/813/1021 618/789/1021 619/788/1021
f 636/814/1022 617/790/1022 618/789/1022
f 635/815/1023 615/816/1023 617/790/1023
f 643/573/1024 632/817/1024 650/818/1024
f 632/817/1025 649/819/1025 650/818/1025
f 631/820/1026 648/821/1026 649/819/1026
f 648/821/1027 629/822/1027 647/823/1027
f 629/824/1028 646/825/1028 647/826/1028
f 646/825/1029 627/801/1029 645/827/1029
f 645/827/1030 626/802/1030 644/828/1030
f 644/828/1031 624/803/1031 642/829/1031
f 634/572/1032 659/830/1032 641/831/1032
f 659/830/1033 640/832/1033 641/831/1033
f 658/833/1034 639/834/1034 640/832/1034
f 639/834/1035 656/835/1035 638/836/1035
f 656/837/1036 637/813/1036 638/838/1036
f 637/813/1037 654/839/1037 636/814/1037
f 636/814/1038 653/840/1038 635/815/1038
f 635/815/1039 651/841/1039 633/842/1039
f 661/575/1040 650/843/1040 668/844/1040
f 668/844/1041 649/845/1041 667/846/1041
f 649/845/1042 666/847/1042 667/846/1042
f 648/848/1043 665/849/1043 666/847/1043
f 647/850/1044 664/851/1044 665/852/1044
f 646/825/1045 663/853/1045 664/851/1045
f 645/827/1046 662/854/1046 663/853/1046
f 644/828/1047 660/855/1047 662/854/1047
f 670/576/1048 659/856/1048 652/574/1048
f 677/857/1049 658/858/1049 659/856/1049
f 676/859/1050 657/860/1050 658/858/1050
f 675/861/1051 656/862/1051 657/860/1051
f 674/863/1052 655/864/1052 656/865/1052
f 673/866/1053 654/839/1053 655/864/1053
f 672/867/1054 653/840/1054 654/839/1054
f 671/868/1055 651/841/1055 653/840/1055
f 661/575/1056 686/869/1056 679/577/1056
f 686/869/1057 667/870/1057 685/871/1057
f 667/870/1058 684/872/1058 685/871/1058
f 666/873/1059 683/874/1059 684/872/1059
f 665/875/1060 682/876/1060 683/877/1060
f 664/851/1061 681/878/1061 682/876/1061
f 663/853/1062 680/879/1062 681/878/1062
f 662/854/1063 678/621/1063 680/879/1063
f 688/578/1064 677/880/1064 670/576/1064
f 677/880/1065 694/881/1065 676/882/1065
f 676/882/1066 693/883/1066 675/884/1066
f 675/884/1067 692/885/1067 674/886/1067
f 674/887/1068 691/888/1068 673/866/1068
f 691/888/1069 672/867/1069 673/866/1069
f 690/889/1070 671/868/1070 672/867/1070
f 671/868/1071 687/890/1071 669/891/1071
f 679/577/1072 704/892/1072 697/579/1072
f 704/892/1073 685/893/1073 703/894/1073
f 685/893/1074 702/895/1074 703/894/1074
f 702/895/1075 683/896/1075 701/897/1075
f 683/898/1076 700/899/1076 701/900/1076
f 700/899/1077 681/878/1077 699/901/1077
f 699/901/1078 680/879/1078 698/902/1078
f 698/902/1079 678/621/1079 696/903/1079
f 706/580/1080 695/904/1080 688/578/1080
f 713/905/1081 694/906/1081 695/904/1081
f 712/907/1082 693/908/1082 694/906/1082
f 693/908/1083 710/909/1083 692/910/1083
f 692/911/1084 709/912/1084 691/888/1084
f 691/888/1085 708/913/1085 690/889/1085
f 690/889/1086 707/914/1086 689/915/1086
f 707/914/1087 687/890/1087 689/915/1087
f 715/581/1088 704/916/1088 722/917/1088
f 704/916/1089 721/918/1089 722/917/1089
f 703/919/1090 720/920/1090 721/918/1090
f 702/921/1091 719/922/1091 720/920/1091
f 701/923/1092 718/924/1092 719/925/1092
f 700/899/1093 717/926/1093 718/924/1093
f 699/901/1094 716/927/1094 717/926/1094
f 698/902/1095 714/928/1095 716/927/1095
f 706/580/1096 731/929/1096 713/930/1096
f 731/929/1097 712/931/1097 713/930/1097
f 730/932/1098 711/933/1098 712/931/1098
f 729/934/1099 710/935/1099 711/933/1099
f 728/936/1100 709/912/1100 710/937/1100
f 727/938/1101 708/913/1101 709/912/1101
f 726/939/1102 707/914/1102 708/913/1102
f 725/940/1103 705/941/1103 707/914/1103
f 715/581/1104 740/942/1104 733/583/1104
f 722/943/1105 739/944/1105 740/942/1105
f 721/945/1106 738/946/1106 739/944/1106
f 738/946/1107 719/947/1107 737/948/1107
f 737/949/1108 718/924/1108 736/950/1108
f 736/950/1109 717/926/1109 735/951/1109
f 735/951/1110 716/927/1110 734/952/1110
f 716/927/1111 732/953/1111 734/952/1111
f 742/584/1112 731/954/1112 724/582/1112
f 731/954/1113 748/955/1113 730/956/1113
f 748/955/1114 729/957/1114 730/956/1114
f 729/957/1115 746/958/1115 728/959/1115
f 746/960/1116 727/938/1116 728/961/1116
f 727/938/1117 744/962/1117 726/939/1117
f 726/939/1118 743/963/1118 725/940/1118
f 725/940/1119 741/964/1119 723/965/1119
f 733/583/1120 758/966/1120 751/585/1120
f 758/966/1121 739/967/1121 757/968/1121
f 757/968/1122 738/969/1122 756/970/1122
f 756/970/1123 737/971/1123 755/972/1123
f 755/973/1124 736/950/1124 754/974/1124
f 736/950/1125 753/975/1125 754/974/1125
f 735/951/1126 752/976/1126 753/975/1126
f 752/976/1127 732/953/1127 750/977/1127
f 760/586/1128 749/978/1128 742/584/1128
f 749/978/1129 766/979/1129 748/980/1129
f 766/979/1130 747/981/1130 748/980/1130
f 765/982/1131 746/983/1131 747/981/1131
f 764/984/1132 745/985/1132 746/986/1132
f 763/987/1133 744/962/1133 745/985/1133
f 762/988/1134 743/963/1134 744/962/1134
f 761/989/1135 741/964/1135 743/963/1135
f 751/585/1136 776/990/1136 769/587/1136
f 758/991/1137 775/992/1137 776/990/1137
f 757/993/1138 774/994/1138 775/992/1138
f 756/995/1139 773/996/1139 774/994/1139
f 755/997/1140 772/998/1140 773/999/1140
f 754/974/1141 771/1000/1141 772/998/1141
f 753/975/1142 770/1001/1142 771/1000/1142
f 752/976/1143 768/1002/1143 770/1001/1143
f 760/586/1144 785/1003/1144 767/1004/1144
f 767/1004/1145 784/1005/1145 766/1006/1145
f 784/1005/1146 765/1007/1146 766/1006/1146
f 783/1008/1147 764/1009/1147 765/1007/1147
f 782/1010/1148 763/987/1148 764/1011/1148
f 781/1012/1149 762/988/1149 763/987/1149
f 780/1013/1150 761/989/1150 762/988/1150
f 779/1014/1151 759/1015/1151 761/989/1151
f 787/589/1152 776/1016/1152 794/1017/1152
f 776/1016/1153 793/1018/1153 794/1017/1153
f 775/1019/1154 792/1020/1154 793/1018/1154
f 792/1020/1155 773/1021/1155 791/1022/1155
f 773/1023/1156 790/1024/1156 791/1025/1156
f 790/1024/1157 771/1000/1157 789/1026/1157
f 789/1026/1158 770/1001/1158 788/1027/1158
f 788/1027/1159 768/1002/1159 786/1028/1159
f 778/588/1160 803/1029/1160 785/1030/1160
f 803/1029/1161 784/1031/1161 785/1030/1161
f 802/1032/1162 783/1033/1162 784/1031/1162
f 783/1033/1163 800/1034/1163 782/1035/1163
f 800/1036/1164 781/1012/1164 782/1037/1164
f 781/1012/1165 798/1038/1165 780/1013/1165
f 780/1013/1166 797/1039/1166 779/1014/1166
f 779/1014/1167 795/1040/1167 777/1041/1167
f 805/591/1168 794/1042/1168 812/1043/1168
f 812/1043/1169 793/1044/1169 811/1045/1169
f 793/1044/1170 810/1046/1170 811/1045/1170
f 792/1047/1171 809/1048/1171 810/1046/1171
f 791/1049/1172 808/1050/1172 809/1051/1172
f 790/1024/1173 807/1052/1173 808/1050/1173
f 789/1026/1174 806/1053/1174 807/1052/1174
f 788/1027/1175 804/1054/1175 806/1053/1175
f 814/592/1176 803/1055/1176 796/590/1176
f 821/1056/1177 802/1057/1177 803/1055/1177
f 820/1058/1178 801/1059/1178 802/1057/1178
f 819/1060/1179 800/1061/1179 801/1059/1179
f 818/1062/1180 799/1063/1180 800/1064/1180
f 817/1065/1181 798/1038/1181 799/1063/1181
f 816/1066/1182 797/1039/1182 798/1038/1182
f 815/1067/1183 795/1040/1183 797/1039/1183
f 805/591/1184 830/1068/1184 823/593/1184
f 830/1068/1185 811/1069/1185 829/1070/1185
f 811/1069/1186 828/1071/1186 829/1070/1186
f 810/1072/1187 827/1073/1187 828/1071/1187
f 809/1074/1188 826/1075/1188 827/1076/1188
f 808/1050/1189 825/1077/1189 826/1075/1189
f 807/1052/1190 824/1078/1190 825/1077/1190
f 806/1053/1191 822/620/1191 824/1078/1191
f 832/594/1192 821/1079/1192 814/592/1192
f 821/1079/1193 838/1080/1193 820/1081/1193
f 820/1081/1194 837/1082/1194 819/1083/1194
f 819/1083/1195 836/1084/1195 818/1085/1195
f 818/1086/1196 835/1087/1196 817/1065/1196
f 835/1087/1197 816/1066/1197 817/1065/1197
f 834/1088/1198 815/1067/1198 816/1066/1198
f 815/1067/1199 831/1089/1199 813/1090/1199
f 823/593/1200 848/1091/1200 841/595/1200
f 848/1091/1201 829/1092/1201 847/1093/1201
f 829/1092/1202 846/1094/1202 847/1093/1202
f 846/1094/1203 827/1095/1203 845/1096/1203
f 827/1097/1204 844/1098/1204 845/1099/1204
f 844/1098/1205 825/1077/1205 843/1100/1205
f 843/1100/1206 824/1078/1206 842/1101/1206
f 842/1101/1207 822/620/1207 840/1102/1207
f 850/596/1208 839/1103/1208 832/594/1208
f 857/1104/1209 838/1105/1209 839/1103/1209
f 856/1106/1210 837/1107/1210 838/1105/1210
f 837/1107/1211 854/1108/1211 836/1109/1211
f 836/1110/1212 853/1111/1212 835/1087/1212
f 835/1087/1213 852/1112/1213 834/1088/1213
f 834/1088/1214 851/1113/1214 833/1114/1214
f 851/1113/1215 831/1089/1215 833/1114/1215
f 859/597/1216 848/1115/1216 866/1116/1216
f 848/1115/1217 865/1117/1217 866/1116/1217
f 847/1118/1218 864/1119/1218 865/1117/1218
f 846/1120/1219 863/1121/1219 864/1119/1219
f 845/1122/1220 862/1123/1220 863/1124/1220
f 844/1098/1221 861/1125/1221 862/1123/1221
f 843/1100/1222 860/1126/1222 861/1125/1222
f 842/1101/1223 858/1127/1223 860/1126/1223
f 850/596/1224 875/1128/1224 857/1129/1224
f 875/1128/1225 856/1130/1225 857/1129/1225
f 874/1131/1226 855/1132/1226 856/1130/1226
f 873/1133/1227 854/1134/1227 855/1132/1227
f 872/1135/1228 853/1111/1228 854/1136/1228
f 871/1137/1229 852/1112/1229 853/1111/1229
f 870/1138/1230 851/1113/1230 852/1112/1230
f 869/1139/1231 849/1140/1231 851/1113/1231
f 859/597/1232 884/1141/1232 877/599/1232
f 866/1142/1233 883/1143/1233 884/1141/1233
f 865/1144/1234 882/1145/1234 883/1143/1234
f 882/1145/1235 863/1146/1235 881/1147/1235
f 881/1148/1236 862/1123/1236 880/1149/1236
f 880/1149/1237 861/1125/1237 879/1150/1237
f 879/1150/1238 860/1126/1238 878/1151/1238
f 860/1126/1239 876/1152/1239 878/1151/1239
f 886/600/1240 875/1153/1240 868/598/1240
f 875/1153/1241 892/1154/1241 874/1155/1241
f 892/1154/1242 873/1156/1242 874/1155/1242
f 873/1156/1243 890/1157/1243 872/1158/1243
f 890/1159/1244 871/1137/1244 872/1160/1244
f 871/1137/1245 888/1161/1245 870/1138/1245
f 870/1138/1246 887/1162/1246 869/1139/1246
f 869/1139/1247 885/1163/1247 867/1164/1247
f 877/599/1248 902/1165/1248 895/601/1248
f 902/1165/1249 883/1166/1249 901/1167/1249
f 901/1167/1250 882/1168/1250 900/1169/1250
f 900/1169/1251 881/1170/1251 899/1171/1251
f 899/1172/1252 880/1149/1252 898/1173/1252
f 880/1149/1253 897/1174/1253 898/1173/1253
f 879/1150/1254 896/1175/1254 897/1174/1254
f 896/1175/1255 876/1152/1255 894/1176/1255
f 904/602/1256 893/1177/1256 886/600/1256
f 893/1177/1257 910/1178/1257 892/1179/1257
f 910/1178/1258 891/1180/1258 892/1179/1258
f 909/1181/1259 890/1182/1259 891/1180/1259
f 908/1183/1260 889/1184/1260 890/1185/1260
f 907/1186/1261 888/1161/1261 889/1184/1261
f 906/1187/1262 887/1162/1262 888/1161/1262
f 905/1188/1263 885/1163/1263 887/1162/1263
f 895/601/1264 920/1189/1264 913/603/1264
f 902/1190/1265 919/1191/1265 920/1189/1265
f 901/1192/1266 918/1193/1266 919/1191/1266
f 900/1194/1267 917/1195/1267 918/1193/1267
f 899/1196/1268 916/1197/1268 917/1198/1268
f 898/1173/1269 915/1199/1269 916/1197/1269
f 897/1174/1270 914/1200/1270 915/1199/1270
f 896/1175/1271 912/1201/1271 914/1200/1271
f 904/602/1272 929/1202/1272 911/1203/1272
f 911/1203/1273 928/1204/1273 910/1205/1273
f 928/1204/1274 909/1206/1274 910/1205/1274
f 927/1207/1275 908/1208/1275 909/1206/1275
f 926/1209/1276 907/1186/1276 908/1210/1276
f 925/1211/1277 906/1187/1277 907/1186/1277
f 924/1212/1278 905/1188/1278 906/1187/1278
f 923/1213/1279 903/1214/1279 905/1188/1279
f 931/605/1280 920/1215/1280 938/1216/1280
f 920/1215/1281 937/1217/1281 938/1216/1281
f 919/1218/1282 936/1219/1282 937/1217/1282
f 936/1219/1283 917/1220/1283 935/1221/1283
f 917/1222/1284 934/1223/1284 935/1224/1284
f 934/1223/1285 915/1199/1285 933/1225/1285
f 933/1225/1286 914/1200/1286 932/1226/1286
f 932/1226/1287 912/1201/1287 930/1227/1287
f 922/604/1288 947/1228/1288 929/1229/1288
f 947/1228/1289 928/1230/1289 929/1229/1289
f 946/1231/1290 927/1232/1290 928/1230/1290
f 927/1232/1291 944/1233/1291 926/1234/1291
f 944/1235/1292 925/1211/1292 926/1236/1292
f 925/1211/1293 942/1237/1293 924/1212/1293
f 924/1212/1294 941/1238/1294 923/1213/1294
f 923/1213/1295 939/1239/1295 921/1240/1295
f 949/607/1296 938/1241/1296 956/1242/1296
f 956/1242/1297 937/1243/1297 955/1244/1297
f 937/1243/1298 954/1245/1298 955/1244/1298
f 936/1246/1299 953/1247/1299 954/1245/1299
f 935/1248/1300 952/1249/1300 953/1250/1300
f 934/1223/1301 951/1251/1301 952/1249/1301
f 933/1225/1302 950/1252/1302 951/1251/1302
f 932/1226/1303 948/1253/1303 950/1252/1303
f 958/608/1304 947/1254/1304 940/606/1304
f 965/1255/1305 946/1256/1305 947/1254/1305
f 964/1257/1306 945/1258/1306 946/1256/1306
f 963/1259/1307 944/1260/1307 945/1258/1307
f 962/1261/1308 943/1262/1308 944/1263/1308
f 961/1264/1309 942/1237/1309 943/1262/1309
f 960/1265/1310 941/1238/1310 942/1237/1310
f 959/1266/1311 939/1239/1311 941/1238/1311
f 949/607/1312 974/1267/1312 967/609/1312
f 974/1267/1313 955/1268/1313 973/1269/1313
f 955/1268/1314 972/1270/1314 973/1269/1314
f 954/1271/1315 971/1272/1315 972/1270/1315
f 953/1273/1316 970/1274/1316 971/1275/1316
f 952/1249/1317 969/1276/1317 970/1274/1317
f 951/1251/1318 968/1277/1318 969/1276/1318
f 950/1252/1319 966/1278/1319 968/1277/1319
f 976/610/1320 965/1279/1320 958/608/1320
f 965/1279/1321 982/1280/1321 964/1281/1321
f 964/1281/1322 981/1282/1322 963/1283/1322
f 963/1283/1323 980/1284/1323 962/1285/1323
f 962/1286/1324 979/1287/1324 961/1264/1324
f 979/1287/1325 960/1265/1325 961/1264/1325
f 978/1288/1326 959/1266/1326 960/1265/1326
f 959/1266/1327 975/1289/1327 957/1290/1327
f 967/609/1328 992/1291/1328 985/611/1328
f 992/1291/1329 973/1292/1329 991/1293/1329
f 973/1292/1330 990/1294/1330 991/1293/1330
f 990/1294/1331 971/1295/1331 989/1296/1331
f 971/1297/1332 988/1298/1332 989/1299/1332
f 988/1298/1333 969/1276/1333 987/1300/1333
f 987/1300/1334 968/1277/1334 986/1301/1334
f 986/1301/1335 966/1278/1335 984/1302/1335
f 994/612/1336 983/1303/1336 976/610/1336
f 1001/1304/1337 982/1305/1337 983/1303/1337
f 1000/1306/1338 981/1307/1338 982/1305/1338
f 981/1307/1339 998/1308/1339 980/1309/1339
f 980/1310/1340 997/1311/1340 979/1287/1340
f 979/1287/1341 996/1312/1341 978/1288/1341
f 978/1288/1342 995/1313/1342 977/1314/1342
f 995/1313/1343 975/1289/1343 977/1314/1343
f 1003/613/1344 992/1315/1344 1010/1316/1344
f 992/1315/1345 1009/1317/1345 1010/1316/1345
f 991/1318/1346 1008/1319/1346 1009/1317/1346
f 990/1320/1347 1007/1321/1347 1008/1319/1347
f 989/1322/1348 1006/1323/1348 1007/1324/1348
f 988/1298/1349 1005/1325/1349 1006/1323/1349
f 987/1300/1350 1004/1326/1350 1005/1325/1350
f 986/1301/1351 1002/1327/1351 1004/1326/1351
f 994/612/1352 1019/1328/1352 1001/1329/1352
f 1019/1328/1353 1000/1330/1353 1001/1329/1353
f 1018/1331/1354 999/1332/1354 1000/1330/1354
f 1017/1333/1355 998/1334/1355 999/1332/1355
f 1016/1335/1356 997/1311/1356 998/1336/1356
f 1015/1337/1357 996/1312/1357 997/1311/1357
f 1014/1338/1358 995/1313/1358 996/1312/1358
f 1013/1339/1359 993/1340/1359 995/1313/1359
f 1003/613/1360 1028/1341/1360 1021/615/1360
f 1010/1342/1361 1027/1343/1361 1028/1341/1361
f 1009/1344/1362 1026/1345/1362 1027/1343/1362
f 1026/1345/1363 1007/1346/1363 1025/1347/1363
f 1025/1348/1364 1006/1323/1364 1024/1349/1364
f 1024/1349/1365 1005/1325/1365 1023/1350/1365
f 1023/1350/1366 1004/1326/1366 1022/1351/1366
f 1004/1326/1367 1020/1352/1367 1022/1351/1367
f 1030/616/1368 1019/1353/1368 1012/614/1368
f 1019/1353/1369 1036/1354/1369 1018/1355/1369
f 1036/1354/1370 1017/1356/1370 1018/1355/1370
f 1017/1356/1371 1034/1357/1371 1016/1358/1371
f 1034/1359/1372 1015/1337/1372 1016/1360/1372
f 1015/1337/1373 1032/1361/1373 1014/1338/1373
f 1014/1338/1374 1031/1362/1374 1013/1339/1374
f 1013/1339/1375 1029/1363/1375 1011/1364/1375
f 1021/615/1376 1046/1365/1376 1039/617/1376
f 1046/1365/1377 1027/1366/1377 1045/1367/1377
f 1045/1367/1378 1026/1368/1378 1044/1369/1378
f 1044/1369/1379 1025/1370/1379 1043/1371/1379
f 1043/1372/1380 1024/1349/1380 1042/1373/1380
f 1024/1349/1381 1041/1374/1381 1042/1373/1381
f 1023/1350/1382 1040/1375/1382 1041/1374/1382
f 1040/1375/1383 1020/1352/1383 1038/1376/1383
f 1048/559/1384 1037/1377/1384 1030/616/1384
f 1037/1377/1385 1054/1378/1385 1036/1379/1385
f 1054/1378/1386 1035/1380/1386 1036/1379/1386
f 1053/1381/1387 1034/1382/1387 1035/1380/1387
f 1052/1383/1388 1033/1384/1388 1034/1385/1388
f 1051/1386/1389 1032/1361/1389 1033/1384/1389
f 1050/1387/1390 1031/1362/1390 1032/1361/1390
f 1049/1388/1391 1029/1363/1391 1031/1362/1391
f 1039/617/1392 1064/1389/1392 1057/557/1392
f 1046/1390/1393 1063/1391/1393 1064/1389/1393
f 1045/1392/1394 1062/1393/1394 1063/1391/1394
f 1044/1394/1395 1061/1395/1395 1062/1393/1395
f 1043/1396/1396 1060/1397/1396 1061/1398/1396
f 1042/1373/1397 1059/1399/1397 1060/1397/1397
f 1041/1374/1398 1058/1400/1398 1059/1399/1398
f 1040/1375/1399 1056/1401/1399 1058/1400/1399
f 1048/559/1400 497/1402/1400 1055/1403/1400
f 1055/1403/1401 496/1404/1401 1054/1405/1401
f 496/1404/1402 1053/1406/1402 1054/1405/1402
f 495/1407/1403 1052/1408/1403 1053/1406/1403
f 494/1409/1404 1051/1386/1404 1052/1410/1404
f 493/633/1405 1050/1387/1405 1051/1386/1405
f 492/636/1406 1049/1388/1406 1050/1387/1406
f 491/638/1407 1047/1411/1407 1049/1388/1407
f 499/1412/1408 1064/1413/1408 506/1414/1408
f 1064/1413/1409 505/1415/1409 506/1414/1409
f 1063/1416/1410 504/1417/1410 505/1415/1410
f 504/1417/1411 1061/1418/1411 503/1419/1411
f 1061/1420/1412 502/651/1412 503/1421/1412
f 502/651/1413 1059/1399/1413 501/653/1413
f 501/653/1414 1058/1400/1414 500/655/1414
f 500/655/1415 1056/1401/1415 498/1422/1415
f 759/1015/1416 903/1214/1416 1047/1411/1416
f 1057/557/871 499/1412/871 490/558/871
f 535/560/872 553/563/872 544/561/872
f 553/563/873 571/565/873 562/564/873
f 571/565/874 589/567/874 580/566/874
f 589/567/875 607/569/875 598/568/875
f 607/569/876 625/571/876 616/570/876
f 625/571/877 643/573/877 634/572/877
f 643/573/878 661/575/878 652/574/878
f 661/575/879 679/577/879 670/576/879
f 679/577/880 697/579/880 688/578/880
f 697/579/881 715/581/881 706/580/881
f 715/581/882 733/583/882 724/582/882
f 733/583/883 751/585/883 742/584/883
f 751/585/884 769/587/884 760/586/884
f 769/587/885 787/589/885 778/588/885
f 787/589/886 805/591/886 796/590/886
f 805/591/887 823/593/887 814/592/887
f 823/593/888 841/595/888 832/594/888
f 841/595/889 859/597/889 850/596/889
f 859/597/890 877/599/890 868/598/890
f 877/599/891 895/601/891 886/600/891
f 895/601/892 913/603/892 904/602/892
f 913/603/893 931/605/893 922/604/893
f 931/605/894 949/607/894 940/606/894
f 949/607/895 967/609/895 958/608/895
f 967/609/896 985/611/896 976/610/896
f 985/611/897 1003/613/897 994/612/897
f 1003/613/898 1021/615/898 1012/614/898
f 1021/615/899 1039/617/899 1030/616/899
f 1039/617/900 1057/557/900 1048/559/900
f 517/618/901 535/560/901 526/562/901
f 534/622/902 516/656/902 498/1422/902
f 498/1422/902 1056/1401/902 1038/1376/902
f 1038/1376/902 1020/1352/902 1002/1327/902
f 1002/1327/902 984/1302/902 966/1278/902
f 966/1278/902 948/1253/902 930/1227/902
f 930/1227/902 912/1201/902 894/1176/902
f 894/1176/902 876/1152/902 858/1127/902
f 858/1127/902 840/1102/902 822/620/902
f 822/620/902 804/1054/902 786/1028/902
f 786/1028/902 768/1002/902 750/977/902
f 750/977/902 732/953/902 714/928/902
f 714/928/902 696/903/902 678/621/902
f 678/621/902 660/855/902 642/829/902
f 642/829/902 624/803/902 606/778/902
f 606/778/902 588/754/902 570/729/902
f 570/729/902 552/704/902 534/622/902
f 534/622/902 498/1422/902 1038/1376/902
f 1038/1376/902 1002/1327/902 966/1278/902
f 966/1278/902 930/1227/902 894/1176/902
f 894/1176/902 858/1127/902 822/620/902
f 822/620/902 786/1028/902 750/977/902
f 750/977/902 714/928/902 678/621/902
f 678/621/902 642/829/902 606/778/902
f 606/778/902 570/729/902 534/622/902
f 534/622/902 1038/1376/902 966/1278/902
f 966/1278/902 894/1176/902 822/620/902
f 822/620/902 750/977/902 678/621/902
f 678/621/902 606/778/902 534/622/902
f 534/622/902 966/1278/902 822/620/902
f 499/623/903 517/618/903 508/619/903
f 490/624/904 508/619/904 515/625/904
f 515/625/905 514/628/905 496/627/905
f 514/628/906 513/1423/906 495/629/906
f 495/629/907 513/1423/907 512/630/907
f 512/632/908 511/665/908 493/633/908
f 493/633/909 511/665/909 510/635/909
f 492/636/910 510/635/910 509/637/910
f 491/638/911 509/637/911 507/639/911
f 517/618/912 499/623/912 506/641/912
f 524/642/913 506/641/913 505/643/913
f 505/643/914 504/646/914 522/645/914
f 504/646/915 503/1424/915 521/647/915
f 503/648/916 502/651/916 520/649/916
f 502/651/917 501/653/917 519/652/917
f 501/653/918 500/655/918 518/654/918
f 500/655/919 498/1422/919 516/656/919
f 526/562/920 533/658/920 515/657/920
f 533/658/921 532/660/921 514/659/921
f 532/660/922 531/662/922 513/661/922
f 531/662/923 530/1425/923 512/663/923
f 530/664/924 529/667/924 511/665/924
f 529/667/925 528/668/925 510/635/925
f 528/668/926 527/669/926 509/637/926
f 527/669/927 525/692/927 507/639/927
f 517/618/928 524/1426/928 542/670/928
f 542/670/929 524/1426/929 523/671/929
f 523/671/930 522/674/930 540/673/930
f 522/674/931 521/1427/931 539/675/931
f 521/676/932 520/649/932 538/677/932
f 520/649/933 519/652/933 537/679/933
f 519/652/934 518/654/934 536/680/934
f 518/654/935 516/656/935 534/622/935
f 544/561/936 551/1428/936 533/681/936
f 533/681/937 551/1428/937 550/682/937
f 532/683/938 550/682/938 549/684/938
f 531/685/939 549/684/939 548/686/939
f 530/688/940 548/1429/940 547/689/940
f 547/689/941 546/690/941 528/668/941
f 546/690/942 545/716/942 527/669/942
f 527/669/943 545/716/943 543/691/943
f 535/560/944 542/1430/944 560/693/944
f 560/693/945 542/1430/945 541/694/945
f 541/694/946 540/1431/946 558/696/946
f 558/696/947 540/1431/947 539/697/947
f 539/699/948 538/677/948 556/700/948
f 556/700/949 538/677/949 537/679/949
f 555/702/950 537/679/950 536/680/950
f 554/703/951 536/680/951 534/622/951
f 562/564/952 569/706/952 551/705/952
f 569/706/953 568/708/953 550/707/953
f 568/708/954 567/1432/954 549/709/954
f 549/709/955 567/1432/955 566/710/955
f 548/712/956 566/1433/956 565/713/956
f 547/689/957 565/713/957 564/714/957
f 546/690/958 564/714/958 563/715/958
f 563/715/959 561/742/959 543/691/959
f 571/565/960 553/563/960 560/717/960
f 560/717/961 559/720/961 577/719/961
f 559/720/962 558/722/962 576/721/962
f 558/722/963 557/1434/963 575/723/963
f 557/724/964 556/700/964 574/725/964
f 556/700/965 555/702/965 573/727/965
f 555/702/966 554/703/966 572/728/966
f 554/703/967 552/704/967 570/729/967
f 562/564/968 580/566/968 587/730/968
f 587/730/969 586/733/969 568/732/969
f 586/733/970 585/735/970 567/734/970
f 585/735/971 584/1435/971 566/736/971
f 584/737/972 583/739/972 565/713/972
f 583/739/973 582/740/973 564/714/973
f 582/740/974 581/741/974 563/715/974
f 581/741/975 579/766/975 561/742/975
f 571/565/976 578/744/976 596/743/976
f 578/744/977 577/746/977 595/745/977
f 577/746/978 576/1436/978 594/747/978
f 594/747/979 576/1436/979 575/748/979
f 593/750/980 575/1437/980 574/725/980
f 592/751/981 574/725/981 573/727/981
f 591/752/982 573/727/982 572/728/982
f 572/728/983 570/729/983 588/754/983
f 598/568/984 605/1438/984 587/755/984
f 587/755/985 605/1438/985 604/756/985
f 604/756/986 603/1439/986 585/758/986
f 585/758/987 603/1439/987 602/759/987
f 602/761/988 601/786/988 583/739/988
f 583/739/989 601/786/989 600/763/989
f 582/740/990 600/763/990 599/764/990
f 581/741/991 599/764/991 597/765/991
f 589/567/992 596/1440/992 614/767/992
f 614/767/993 596/1440/993 595/768/993
f 613/769/994 595/768/994 594/770/994
f 612/771/995 594/770/995 593/772/995
f 611/774/996 593/1441/996 592/751/996
f 592/751/997 591/752/997 609/776/997
f 591/752/998 590/753/998 608/777/998
f 608/777/999 590/753/999 588/754/999
f 616/570/1000 623/1442/1000 605/779/1000
f 605/779/1001 623/1442/1001 622/780/1001
f 622/780/1002 621/783/1002 603/782/1002
f 621/783/1003 620/1443/1003 602/784/1003
f 620/785/1004 619/788/1004 601/786/1004
f 619/788/1005 618/789/1005 600/763/1005
f 618/789/1006 617/790/1006 599/764/1006
f 617/790/1007 615/816/1007 597/765/1007
f 607/569/1008 614/792/1008 632/791/1008
f 614/792/1009 613/794/1009 631/793/1009
f 613/794/1010 612/796/1010 630/795/1010
f 612/796/1011 611/1444/1011 629/797/1011
f 611/798/1012 610/775/1012 628/799/1012
f 610/775/1013 609/776/1013 627/801/1013
f 609/776/1014 608/777/1014 626/802/1014
f 608/777/1015 606/778/1015 624/803/1015
f 616/570/1016 634/572/1016 641/804/1016
f 623/805/1017 641/804/1017 640/806/1017
f 640/806/1018 639/809/1018 621/808/1018
f 639/809/1019 638/1445/1019 620/810/1019
f 638/811/1020 637/813/1020 619/788/1020
f 637/813/1021 636/814/1021 618/789/1021
f 636/814/1022 635/815/1022 617/790/1022
f 635/815/1023 633/842/1023 615/816/1023
f 643/573/1024 625/571/1024 632/817/1024
f 632/817/1025 631/820/1025 649/819/1025
f 631/820/1026 630/1446/1026 648/821/1026
f 648/821/1027 630/1446/1027 629/822/1027
f 629/824/1028 628/799/1028 646/825/1028
f 646/825/1029 628/799/1029 627/801/1029
f 645/827/1030 627/801/1030 626/802/1030
f 644/828/1031 626/802/1031 624/803/1031
f 634/572/1032 652/574/1032 659/830/1032
f 659/830/1033 658/833/1033 640/832/1033
f 658/833/1034 657/1447/1034 639/834/1034
f 639/834/1035 657/1447/1035 656/835/1035
f 656/837/1036 655/864/1036 637/813/1036
f 637/813/1037 655/864/1037 654/839/1037
f 636/814/1038 654/839/1038 653/840/1038
f 635/815/1039 653/840/1039 651/841/1039
f 661/575/1040 643/573/1040 650/843/1040
f 668/844/1041 650/843/1041 649/845/1041
f 649/845/1042 648/848/1042 666/847/1042
f 648/848/1043 647/1448/1043 665/849/1043
f 647/850/1044 646/825/1044 664/851/1044
f 646/825/1045 645/827/1045 663/853/1045
f 645/827/1046 644/828/1046 662/854/1046
f 644/828/1047 642/829/1047 660/855/1047
f 670/576/1048 677/857/1048 659/856/1048
f 677/857/1049 676/859/1049 658/858/1049
f 676/859/1050 675/861/1050 657/860/1050
f 675/861/1051 674/1449/1051 656/862/1051
f 674/863/1052 673/866/1052 655/864/1052
f 673/866/1053 672/867/1053 654/839/1053
f 672/867/1054 671/868/1054 653/840/1054
f 671/868/1055 669/891/1055 651/841/1055
f 661/575/1056 668/1450/1056 686/869/1056
f 686/869/1057 668/1450/1057 667/870/1057
f 667/870/1058 666/873/1058 684/872/1058
f 666/873/1059 665/1451/1059 683/874/1059
f 665/875/1060 664/851/1060 682/876/1060
f 664/851/1061 663/853/1061 681/878/1061
f 663/853/1062 662/854/1062 680/879/1062
f 662/854/1063 660/855/1063 678/621/1063
f 688/578/1064 695/1452/1064 677/880/1064
f 677/880/1065 695/1452/1065 694/881/1065
f 676/882/1066 694/881/1066 693/883/1066
f 675/884/1067 693/883/1067 692/885/1067
f 674/887/1068 692/1453/1068 691/888/1068
f 691/888/1069 690/889/1069 672/867/1069
f 690/889/1070 689/915/1070 671/868/1070
f 671/868/1071 689/915/1071 687/890/1071
f 679/577/1072 686/1454/1072 704/892/1072
f 704/892/1073 686/1454/1073 685/893/1073
f 685/893/1074 684/1455/1074 702/895/1074
f 702/895/1075 684/1455/1075 683/896/1075
f 683/898/1076 682/876/1076 700/899/1076
f 700/899/1077 682/876/1077 681/878/1077
f 699/901/1078 681/878/1078 680/879/1078
f 698/902/1079 680/879/1079 678/621/1079
f 706/580/1080 713/905/1080 695/904/1080
f 713/905/1081 712/907/1081 694/906/1081
f 712/907/1082 711/1456/1082 693/908/1082
f 693/908/1083 711/1456/1083 710/909/1083
f 692/911/1084 710/1457/1084 709/912/1084
f 691/888/1085 709/912/1085 708/913/1085
f 690/889/1086 708/913/1086 707/914/1086
f 707/914/1087 705/941/1087 687/890/1087
f 715/581/1088 697/579/1088 704/916/1088
f 704/916/1089 703/919/1089 721/918/1089
f 703/919/1090 702/921/1090 720/920/1090
f 702/921/1091 701/1458/1091 719/922/1091
f 701/923/1092 700/899/1092 718/924/1092
f 700/899/1093 699/901/1093 717/926/1093
f 699/901/1094 698/902/1094 716/927/1094
f 698/902/1095 696/903/1095 714/928/1095
f 706/580/1096 724/582/1096 731/929/1096
f 731/929/1097 730/932/1097 712/931/1097
f 730/932/1098 729/934/1098 711/933/1098
f 729/934/1099 728/1459/1099 710/935/1099
f 728/936/1100 727/938/1100 709/912/1100
f 727/938/1101 726/939/1101 708/913/1101
f 726/939/1102 725/940/1102 707/914/1102
f 725/940/1103 723/965/1103 705/941/1103
f 715/581/1104 722/943/1104 740/942/1104
f 722/943/1105 721/945/1105 739/944/1105
f 721/945/1106 720/1460/1106 738/946/1106
f 738/946/1107 720/1460/1107 719/947/1107
f 737/949/1108 719/1461/1108 718/924/1108
f 736/950/1109 718/924/1109 717/926/1109
f 735/951/1110 717/926/1110 716/927/1110
f 716/927/1111 714/928/1111 732/953/1111
f 742/584/1112 749/1462/1112 731/954/1112
f 731/954/1113 749/1462/1113 748/955/1113
f 748/955/1114 747/1463/1114 729/957/1114
f 729/957/1115 747/1463/1115 746/958/1115
f 746/960/1116 745/985/1116 727/938/1116
f 727/938/1117 745/985/1117 744/962/1117
f 726/939/1118 744/962/1118 743/963/1118
f 725/940/1119 743/963/1119 741/964/1119
f 733/583/1120 740/1464/1120 758/966/1120
f 758/966/1121 740/1464/1121 739/967/1121
f 757/968/1122 739/967/1122 738/969/1122
f 756/970/1123 738/969/1123 737/971/1123
f 755/973/1124 737/1465/1124 736/950/1124
f 736/950/1125 735/951/1125 753/975/1125
f 735/951/1126 734/952/1126 752/976/1126
f 752/976/1127 734/952/1127 732/953/1127
f 760/586/1128 767/1466/1128 749/978/1128
f 749/978/1129 767/1466/1129 766/979/1129
f 766/979/1130 765/982/1130 747/981/1130
f 765/982/1131 764/1467/1131 746/983/1131
f 764/984/1132 763/987/1132 745/985/1132
f 763/987/1133 762/988/1133 744/962/1133
f 762/988/1134 761/989/1134 743/963/1134
f 761/989/1135 759/1015/1135 741/964/1135
f 751/585/1136 758/991/1136 776/990/1136
f 758/991/1137 757/993/1137 775/992/1137
f 757/993/1138 756/995/1138 774/994/1138
f 756/995/1139 755/1468/1139 773/996/1139
f 755/997/1140 754/974/1140 772/998/1140
f 754/974/1141 753/975/1141 771/1000/1141
f 753/975/1142 752/976/1142 770/1001/1142
f 752/976/1143 750/977/1143 768/1002/1143
f 760/586/1144 778/588/1144 785/1003/1144
f 767/1004/1145 785/1003/1145 784/1005/1145
f 784/1005/1146 783/1008/1146 765/1007/1146
f 783/1008/1147 782/1469/1147 764/1009/1147
f 782/1010/1148 781/1012/1148 763/987/1148
f 781/1012/1149 780/1013/1149 762/988/1149
f 780/1013/1150 779/1014/1150 761/989/1150
f 779/1014/1151 777/1041/1151 759/1015/1151
f 787/589/1152 769/587/1152 776/1016/1152
f 776/1016/1153 775/1019/1153 793/1018/1153
f 775/1019/1154 774/1470/1154 792/1020/1154
f 792/1020/1155 774/1470/1155 773/1021/1155
f 773/1023/1156 772/998/1156 790/1024/1156
f 790/1024/1157 772/998/1157 771/1000/1157
f 789/1026/1158 771/1000/1158 770/1001/1158
f 788/1027/1159 770/1001/1159 768/1002/1159
f 778/588/1160 796/590/1160 803/1029/1160
f 803/1029/1161 802/1032/1161 784/1031/1161
f 802/1032/1162 801/1471/1162 783/1033/1162
f 783/1033/1163 801/1471/1163 800/1034/1163
f 800/1036/1164 799/1063/1164 781/1012/1164
f 781/1012/1165 799/1063/1165 798/1038/1165
f 780/1013/1166 798/1038/1166 797/1039/1166
f 779/1014/1167 797/1039/1167 795/1040/1167
f 805/591/1168 787/589/1168 794/1042/1168
f 812/1043/1169 794/1042/1169 793/1044/1169
f 793/1044/1170 792/1047/1170 810/1046/1170
f 792/1047/1171 791/1472/1171 809/1048/1171
f 791/1049/1172 790/1024/1172 808/1050/1172
f 790/1024/1173 789/1026/1173 807/1052/1173
f 789/1026/1174 788/1027/1174 806/1053/1174
f 788/1027/1175 786/1028/1175 804/1054/1175
f 814/592/1176 821/1056/1176 803/1055/1176
f 821/1056/1177 820/1058/1177 802/1057/1177
f 820/1058/1178 819/1060/1178 801/1059/1178
f 819/1060/1179 818/1473/1179 800/1061/1179
f 818/1062/1180 817/1065/1180 799/1063/1180
f 817/1065/1181 816/1066/1181 798/1038/1181
f 816/1066/1182 815/1067/1182 797/1039/1182
f 815/1067/1183 813/1090/1183 795/1040/1183
f 805/591/1184 812/1474/1184 830/1068/1184
f 830/1068/1185 812/1474/1185 811/1069/1185
f 811/1069/1186 810/1072/1186 828/1071/1186
f 810/1072/1187 809/1475/1187 827/1073/1187
f 809/1074/1188 808/1050/1188 826/1075/1188
f 808/1050/1189 807/1052/1189 825/1077/1189
f 807/1052/1190 806/1053/1190 824/1078/1190
f 806/1053/1191 804/1054/1191 822/620/1191
f 832/594/1192 839/1476/1192 821/1079/1192
f 821/1079/1193 839/1476/1193 838/1080/1193
f 820/1081/1194 838/1080/1194 837/1082/1194
f 819/1083/1195 837/1082/1195 836/1084/1195
f 818/1086/1196 836/1477/1196 835/1087/1196
f 835/1087/1197 834/1088/1197 816/1066/1197
f 834/1088/1198 833/1114/1198 815/1067/1198
f 815/1067/1199 833/1114/1199 831/1089/1199
f 823/593/1200 830/1478/1200 848/1091/1200
f 848/1091/1201 830/1478/1201 829/1092/1201
f 829/1092/1202 828/1479/1202 846/1094/1202
f 846/1094/1203 828/1479/1203 827/1095/1203
f 827/1097/1204 826/1075/1204 844/1098/1204
f 844/1098/1205 826/1075/1205 825/1077/1205
f 843/1100/1206 825/1077/1206 824/1078/1206
f 842/1101/1207 824/1078/1207 822/620/1207
f 850/596/1208 857/1104/1208 839/1103/1208
f 857/1104/1209 856/1106/1209 838/1105/1209
f 856/1106/1210 855/1480/1210 837/1107/1210
f 837/1107/1211 855/1480/1211 854/1108/1211
f 836/1110/1212 854/1481/1212 853/1111/1212
f 835/1087/1213 853/1111/1213 852/1112/1213
f 834/1088/1214 852/1112/1214 851/1113/1214
f 851/1113/1215 849/1140/1215 831/1089/1215
f 859/597/1216 841/595/1216 848/1115/1216
f 848/1115/1217 847/1118/1217 865/1117/1217
f 847/1118/1218 846/1120/1218 864/1119/1218
f 846/1120/1219 845/1482/1219 863/1121/1219
f 845/1122/1220 844/1098/1220 862/1123/1220
f 844/1098/1221 843/1100/1221 861/1125/1221
f 843/1100/1222 842/1101/1222 860/1126/1222
f 842/1101/1223 840/1102/1223 858/1127/1223
f 850/596/1224 868/598/1224 875/1128/1224
f 875/1128/1225 874/1131/1225 856/1130/1225
f 874/1131/1226 873/1133/1226 855/1132/1226
f 873/1133/1227 872/1483/1227 854/1134/1227
f 872/1135/1228 871/1137/1228 853/1111/1228
f 871/1137/1229 870/1138/1229 852/1112/1229
f 870/1138/1230 869/1139/1230 851/1113/1230
f 869/1139/1231 867/1164/1231 849/1140/1231
f 859/597/1232 866/1142/1232 884/1141/1232
f 866/1142/1233 865/1144/1233 883/1143/1233
f 865/1144/1234 864/1484/1234 882/1145/1234
f 882/1145/1235 864/1484/1235 863/1146/1235
f 881/1148/1236 863/1485/1236 862/1123/1236
f 880/1149/1237 862/1123/1237 861/1125/1237
f 879/1150/1238 861/1125/1238 860/1126/1238
f 860/1126/1239 858/1127/1239 876/1152/1239
f 886/600/1240 893/1486/1240 875/1153/1240
f 875/1153/1241 893/1486/1241 892/1154/1241
f 892/1154/1242 891/1487/1242 873/1156/1242
f 873/1156/1243 891/1487/1243 890/1157/1243
f 890/1159/1244 889/1184/1244 871/1137/1244
f 871/1137/1245 889/1184/1245 888/1161/1245
f 870/1138/1246 888/1161/1246 887/1162/1246
f 869/1139/1247 887/1162/1247 885/1163/1247
f 877/599/1248 884/1488/1248 902/1165/1248
f 902/1165/1249 884/1488/1249 883/1166/1249
f 901/1167/1250 883/1166/1250 882/1168/1250
f 900/1169/1251 882/1168/1251 881/1170/1251
f 899/1172/1252 881/1489/1252 880/1149/1252
f 880/1149/1253 879/1150/1253 897/1174/1253
f 879/1150/1254 878/1151/1254 896/1175/1254
f 896/1175/1255 878/1151/1255 876/1152/1255
f 904/602/1256 911/1490/1256 893/1177/1256
f 893/1177/1257 911/1490/1257 910/1178/1257
f 910/1178/1258 909/1181/1258 891/1180/1258
f 909/1181/1259 908/1491/1259 890/1182/1259
f 908/1183/1260 907/1186/1260 889/1184/1260
f 907/1186/1261 906/1187/1261 888/1161/1261
f 906/1187/1262 905/1188/1262 887/1162/1262
f 905/1188/1263 903/1214/1263 885/1163/1263
f 895/601/1264 902/1190/1264 920/1189/1264
f 902/1190/1265 901/1192/1265 919/1191/1265
f 901/1192/1266 900/1194/1266 918/1193/1266
f 900/1194/1267 899/1492/1267 917/1195/1267
f 899/1196/1268 898/1173/1268 916/1197/1268
f 898/1173/1269 897/1174/1269 915/1199/1269
f 897/1174/1270 896/1175/1270 914/1200/1270
f 896/1175/1271 894/1176/1271 912/1201/1271
f 904/602/1272 922/604/1272 929/1202/1272
f 911/1203/1273 929/1202/1273 928/1204/1273
f 928/1204/1274 927/1207/1274 909/1206/1274
f 927/1207/1275 926/1493/1275 908/1208/1275
f 926/1209/1276 925/1211/1276 907/1186/1276
f 925/1211/1277 924/1212/1277 906/1187/1277
f 924/1212/1278 923/1213/1278 905/1188/1278
f 923/1213/1279 921/1240/1279 903/1214/1279
f 931/605/1280 913/603/1280 920/1215/1280
f 920/1215/1281 919/1218/1281 937/1217/1281
f 919/1218/1282 918/1494/1282 936/1219/1282
f 936/1219/1283 918/1494/1283 917/1220/1283
f 917/1222/1284 916/1197/1284 934/1223/1284
f 934/1223/1285 916/1197/1285 915/1199/1285
f 933/1225/1286 915/1199/1286 914/1200/1286
f 932/1226/1287 914/1200/1287 912/1201/1287
f 922/604/1288 940/606/1288 947/1228/1288
f 947/1228/1289 946/1231/1289 928/1230/1289
f 946/1231/1290 945/1495/1290 927/1232/1290
f 927/1232/1291 945/1495/1291 944/1233/1291
f 944/1235/1292 943/1262/1292 925/1211/1292
f 925/1211/1293 943/1262/1293 942/1237/1293
f 924/1212/1294 942/1237/1294 941/1238/1294
f 923/1213/1295 941/1238/1295 939/1239/1295
f 949/607/1296 931/605/1296 938/1241/1296
f 956/1242/1297 938/1241/1297 937/1243/1297
f 937/1243/1298 936/1246/1298 954/1245/1298
f 936/1246/1299 935/1496/1299 953/1247/1299
f 935/1248/1300 934/1223/1300 952/1249/1300
f 934/1223/1301 933/1225/1301 951/1251/1301
f 933/1225/1302 932/1226/1302 950/1252/1302
f 932/1226/1303 930/1227/1303 948/1253/1303
f 958/608/1304 965/1255/1304 947/1254/1304
f 965/1255/1305 964/1257/1305 946/1256/1305
f 964/1257/1306 963/1259/1306 945/1258/1306
f 963/1259/1307 962/1497/1307 944/1260/1307
f 962/1261/1308 961/1264/1308 943/1262/1308
f 961/1264/1309 960/1265/1309 942/1237/1309
f 960/1265/1310 959/1266/1310 941/1238/1310
f 959/1266/1311 957/1290/1311 939/1239/1311
f 949/607/1312 956/1498/1312 974/1267/1312
f 974/1267/1313 956/1498/1313 955/1268/1313
f 955/1268/1314 954/1271/1314 972/1270/1314
f 954/1271/1315 953/1499/1315 971/1272/1315
f 953/1273/1316 952/1249/1316 970/1274/1316
f 952/1249/1317 951/1251/1317 969/1276/1317
f 951/1251/1318 950/1252/1318 968/1277/1318
f 950/1252/1319 948/1253/1319 966/1278/1319
f 976/610/1320 983/1500/1320 965/1279/1320
f 965/1279/1321 983/1500/1321 982/1280/1321
f 964/1281/1322 982/1280/1322 981/1282/1322
f 963/1283/1323 981/1282/1323 980/1284/1323
f 962/1286/1324 980/1501/1324 979/1287/1324
f 979/1287/1325 978/1288/1325 960/1265/1325
f 978/1288/1326 977/1314/1326 959/1266/1326
f 959/1266/1327 977/1314/1327 975/1289/1327
f 967/609/1328 974/1502/1328 992/1291/1328
f 992/1291/1329 974/1502/1329 973/1292/1329
f 973/1292/1330 972/1503/1330 990/1294/1330
f 990/1294/1331 972/1503/1331 971/1295/1331
f 971/1297/1332 970/1274/1332 988/1298/1332
f 988/1298/1333 970/1274/1333 969/1276/1333
f 987/1300/1334 969/1276/1334 968/1277/1334
f 986/1301/1335 968/1277/1335 966/1278/1335
f 994/612/1336 1001/1304/1336 983/1303/1336
f 1001/1304/1337 1000/1306/1337 982/1305/1337
f 1000/1306/1338 999/1504/1338 981/1307/1338
f 981/1307/1339 999/1504/1339 998/1308/1339
f 980/1310/1340 998/1505/1340 997/1311/1340
f 979/1287/1341 997/1311/1341 996/1312/1341
f 978/1288/1342 996/1312/1342 995/1313/1342
f 995/1313/1343 993/1340/1343 975/1289/1343
f 1003/613/1344 985/611/1344 992/1315/1344
f 992/1315/1345 991/1318/1345 1009/1317/1345
f 991/1318/1346 990/1320/1346 1008/1319/1346
f 990/1320/1347 989/1506/1347 1007/1321/1347
f 989/1322/1348 988/1298/1348 1006/1323/1348
f 988/1298/1349 987/1300/1349 1005/1325/1349
f 987/1300/1350 986/1301/1350 1004/1326/1350
f 986/1301/1351 984/1302/1351 1002/1327/1351
f 994/612/1352 1012/614/1352 1019/1328/1352
f 1019/1328/1353 1018/1331/1353 1000/1330/1353
f 1018/1331/1354 1017/1333/1354 999/1332/1354
f 1017/1333/1355 1016/1507/1355 998/1334/1355
f 1016/1335/1356 1015/1337/1356 997/1311/1356
f 1015/1337/1357 1014/1338/1357 996/1312/1357
f 1014/1338/1358 1013/1339/1358 995/1313/1358
f 1013/1339/1359 1011/1364/1359 993/1340/1359
f 1003/613/1360 1010/1342/1360 1028/1341/1360
f 1010/1342/1361 1009/1344/1361 1027/1343/1361
f 1009/1344/1362 1008/1508/1362 1026/1345/1362
f 1026/1345/1363 1008/1508/1363 1007/1346/1363
f 1025/1348/1364 1007/1509/1364 1006/1323/1364
f 1024/1349/1365 1006/1323/1365 1005/1325/1365
f 1023/1350/1366 1005/1325/1366 1004/1326/1366
f 1004/1326/1367 1002/1327/1367 1020/1352/1367
f 1030/616/1368 1037/1510/1368 1019/1353/1368
f 1019/1353/1369 1037/1510/1369 1036/1354/1369
f 1036/1354/1370 1035/1511/1370 1017/1356/1370
f 1017/1356/1371 1035/1511/1371 1034/1357/1371
f 1034/1359/1372 1033/1384/1372 1015/1337/1372
f 1015/1337/1373 1033/1384/1373 1032/1361/1373
f 1014/1338/1374 1032/1361/1374 1031/1362/1374
f 1013/1339/1375 1031/1362/1375 1029/1363/1375
f 1021/615/1376 1028/1512/1376 1046/1365/1376
f 1046/1365/1377 1028/1512/1377 1027/1366/1377
f 1045/1367/1378 1027/1366/1378 1026/1368/1378
f 1044/1369/1379 1026/1368/1379 1025/1370/1379
f 1043/1372/1380 1025/1513/1380 1024/1349/1380
f 1024/1349/1381 1023/1350/1381 1041/1374/1381
f 1023/1350/1382 1022/1351/1382 1040/1375/1382
f 1040/1375/1383 1022/1351/1383 1020/1352/1383
f 1048/559/1384 1055/1514/1384 1037/1377/1384
f 1037/1377/1385 1055/1514/1385 1054/1378/1385
f 1054/1378/1386 1053/1381/1386 1035/1380/1386
f 1053/1381/1387 1052/1515/1387 1034/1382/1387
f 1052/1383/1388 1051/1386/1388 1033/1384/1388
f 1051/1386/1389 1050/1387/1389 1032/1361/1389
f 1050/1387/1390 1049/1388/1390 1031/1362/1390
f 1049/1388/1391 1047/1411/1391 1029/1363/1391
f 1039/617/1392 1046/1390/1392 1064/1389/1392
f 1046/1390/1393 1045/1392/1393 1063/1391/1393
f 1045/1392/1394 1044/1394/1394 1062/1393/1394
f 1044/1394/1395 1043/1516/1395 1061/1395/1395
f 1043/1396/1396 1042/1373/1396 1060/1397/1396
f 1042/1373/1397 1041/1374/1397 1059/1399/1397
f 1041/1374/1398 1040/1375/1398 1058/1400/1398
f 1040/1375/1399 1038/1376/1399 1056/1401/1399
f 1048/559/1400 490/558/1400 497/1402/1400
f 1055/1403/1401 497/1402/1401 496/1404/1401
f 496/1404/1402 495/1407/1402 1053/1406/1402
f 495/1407/1403 494/1517/1403 1052/1408/1403
f 494/1409/1404 493/633/1404 1051/1386/1404
f 493/633/1405 492/636/1405 1050/1387/1405
f 492/636/1406 491/638/1406 1049/1388/1406
f 491/638/1407 489/640/1407 1047/1411/1407
f 499/1412/1408 1057/557/1408 1064/1413/1408
f 1064/1413/1409 1063/1416/1409 505/1415/1409
f 1063/1416/1410 1062/1518/1410 504/1417/1410
f 504/1417/1411 1062/1518/1411 1061/1418/1411
f 1061/1420/1412 1060/1397/1412 502/651/1412
f 502/651/1413 1060/1397/1413 1059/1399/1413
f 501/653/1414 1059/1399/1414 1058/1400/1414
f 500/655/1415 1058/1400/1415 1056/1401/1415
f 1047/1411/1416 489/640/1416 507/639/1416
f 507/639/1416 525/692/1416 543/691/1416
f 543/691/1416 561/742/1416 579/766/1416
f 579/766/1416 597/765/1416 615/816/1416
f 615/816/1416 633/842/1416 651/841/1416
f 651/841/1416 669/891/1416 687/890/1416
f 687/890/1416 705/941/1416 723/965/1416
f 723/965/1416 741/964/1416 759/1015/1416
f 759/1015/1416 777/1041/1416 795/1040/1416
f 795/1040/1416 813/1090/1416 831/1089/1416
f 831/1089/1416 849/1140/1416 867/1164/1416
f 867/1164/1416 885/1163/1416 903/1214/1416
f 903/1214/1416 921/1240/1416 939/1239/1416
f 939/1239/1416 957/1290/1416 975/1289/1416
f 975/1289/1416 993/1340/1416 1011/1364/1416
f 1011/1364/1416 1029/1363/1416 1047/1411/1416
f 1047/1411/1416 507/639/1416 543/691/1416
f 543/691/1416 579/766/1416 615/816/1416
f 615/816/1416 651/841/1416 687/890/1416
f 687/890/1416 723/965/1416 759/1015/1416
f 759/1015/1416 795/1040/1416 831/1089/1416
f 831/1089/1416 867/1164/1416 903/1214/1416
f 903/1214/1416 939/1239/1416 975/1289/1416
f 975/1289/1416 1011/1364/1416 1047/1411/1416
f 1047/1411/1416 543/691/1416 615/816/1416
f 615/816/1416 687/890/1416 759/1015/1416
f 759/1015/1416 831/1089/1416 903/1214/1416
f 903/1214/1416 975/1289/1416 1047/1411/1416
f 1047/1411/1416 615/816/1416 759/1015/1416
o Cone
v 0.000000 1.000000 0.000000
v -0.000000 -1.000000 -0.497581
v 0.000000 -0.552356 -0.776178
v -0.000000 -0.991399 -0.591297
v -0.000000 -0.965925 -0.672811
v -0.000000 -0.924558 -0.738989
v -0.000000 -0.868888 -0.787289
v -0.000000 -0.801054 -0.815854
v -0.000000 -0.723662 -0.823587
v 0.000000 -0.639687 -0.810190
v 0.097073 -1.000000 -0.488020
v 0.151425 -0.552356 -0.761264
v 0.115356 -0.991399 -0.579936
v 0.131259 -0.965925 -0.659883
v 0.144170 -0.924558 -0.724790
v 0.153592 -0.868888 -0.772161
v 0.159165 -0.801054 -0.800177
v 0.160674 -0.723662 -0.807762
v 0.158060 -0.639687 -0.794622
v 0.190416 -1.000000 -0.459705
v 0.297031 -0.552356 -0.717095
v 0.226280 -0.991399 -0.546287
v 0.257474 -0.965925 -0.621596
v 0.282799 -0.924558 -0.682737
v 0.301282 -0.868888 -0.727360
v 0.312214 -0.801054 -0.753751
v 0.315173 -0.723662 -0.760895
v 0.310046 -0.639687 -0.748518
v 0.276441 -1.000000 -0.413723
v 0.431221 -0.552356 -0.645368
v 0.328507 -0.991399 -0.491646
v 0.373794 -0.965925 -0.559422
v 0.410560 -0.924558 -0.614447
v 0.437394 -0.868888 -0.654607
v 0.453264 -0.801054 -0.678358
v 0.457560 -0.723662 -0.684787
v 0.450117 -0.639687 -0.673648
v 0.351843 -1.000000 -0.351843
v 0.548841 -0.552356 -0.548841
v 0.418110 -0.991399 -0.418110
v 0.475749 -0.965925 -0.475749
v 0.522544 -0.924558 -0.522544
v 0.556697 -0.868888 -0.556697
v 0.576896 -0.801054 -0.576896
v 0.582364 -0.723662 -0.582364
v 0.572891 -0.639687 -0.572891
v 0.413723 -1.000000 -0.276441
v 0.645368 -0.552356 -0.431221
v 0.491646 -0.991399 -0.328507
v 0.559422 -0.965925 -0.373794
v 0.614447 -0.924558 -0.410560
v 0.654607 -0.868888 -0.437394
v 0.678358 -0.801054 -0.453264
v 0.684787 -0.723662 -0.457560
v 0.673648 -0.639687 -0.450117
v 0.459705 -1.000000 -0.190416
v 0.717095 -0.552356 -0.297031
v 0.546287 -0.991399 -0.226280
v 0.621596 -0.965925 -0.257474
v 0.682737 -0.924558 -0.282799
v 0.727360 -0.868888 -0.301282
v 0.753751 -0.801054 -0.312214
v 0.760895 -0.723662 -0.315173
v 0.748518 -0.639687 -0.310046
v 0.488020 -1.000000 -0.097073
v 0.761264 -0.552356 -0.151425
v 0.579936 -0.991399 -0.115356
v 0.659883 -0.965925 -0.131259
v 0.724790 -0.924558 -0.144170
v 0.772161 -0.868888 -0.153592
v 0.800178 -0.801054 -0.159165
v 0.807762 -0.723662 -0.160674
v 0.794622 -0.639687 -0.158060
v 0.497581 -1.000000 -0.000000
v 0.776178 -0.552356 0.000000
v 0.591297 -0.991399 -0.000000
v 0.672811 -0.965925 -0.000000
v 0.738989 -0.924558 -0.000000
v 0.787289 -0.868888 -0.000000
v 0.815854 -0.801054 -0.000000
v 0.823587 -0.723662 -0.000000
v 0.810190 -0.639687 0.000000
v 0.488020 -1.000000 0.097073
v 0.761264 -0.552356 0.151425
v 0.579936 -0.991399 0.115356
v 0.659883 -0.965925 0.131259
v 0.724790 -0.924558 0.144170
v 0.772161 -0.868888 0.153592
v 0.800177 -0.801054 0.159165
v 0.807762 -0.723662 0.160674
v 0.794622 -0.639687 0.158060
v 0.459705 -1.000000 0.190416
v 0.717095 -0.552356 0.297031
v 0.546287 -0.991399 0.226280
v 0.621596 -0.965925 0.257474
v 0.682737 -0.924558 0.282799
v 0.727360 -0.868888 0.301282
v 0.753751 -0.801054 0.312214
v 0.760895 -0.723662 0.315173
v 0.748518 -0.639687 0.310046
v 0.413723 -1.000000 0.276441
v 0.645368 -0.552356 0.431221
v 0.491646 -0.991399 0.328507
v 0.559422 -0.965925 0.373794
v 0.614447 -0.924558 0.410560
v 0.654607 -0.868888 0.437394
v 0.678358 -0.801054 0.453264
v 0.684787 -0.723662 0.457560
v 0.673648 -0.639687 0.450117
v 0.351843 -1.000000 0.351843
v 0.548841 -0.552356 0.548841
v 0.418110 -0.991399 0.418110
v 0.475749 -0.965925 0.475749
v 0.522544 -0.924558 0.522544
v 0.556697 -0.868888 0.556697
v 0.576896 -0.801054 0.576896
v 0.582364 -0.723662 0.582364
v 0.572891 -0.639687 0.572891
v 0.276441 -1.000000 0.413723
v 0.431221 -0.552356 0.645368
v 0.328507 -0.991399 0.491646
v 0.373794 -0.965925 0.559422
v 0.410560 -0.924558 0.614447
v 0.437394 -0.868888 0.654607
v 0.453264 -0.801054 0.678358
v 0.457560 -0.723662 0.684787
v 0.450117 -0.639687 0.673648
v 0.190416 -1.000000 0.459705
v 0.297031 -0.552356 0.717095
v 0.226280 -0.991399 0.546287
v 0.257474 -0.965925 0.621596
v 0.282799 -0.924558 0.682737
v 0.301282 -0.868888 0.727360
v 0.312214 -0.801054 0.753751
v 0.315173 -0.723662 0.760895
v 0.310046 -0.639687 0.748518
v 0.097073 -1.000000 0.488020
v 0.151425 -0.552356 0.761264
v 0.115356 -0.991399 0.579936
v 0.131259 -0.965925 0.659883
v 0.144170 -0.924558 0.724790
v 0.153592 -0.868888 0.772161
v 0.159165 -0.801054 0.800178
v 0.160674 -0.723662 0.807762
v 0.158060 -0.639687 0.794622
v 0.000000 -1.000000 0.497581
v 0.000000 -0.552356 0.776178
v 0.000000 -0.991399 0.591297
v 0.000000 -0.965925 0.672811
v 0.000000 -0.924558 0.738989
v 0.000000 -0.868888 0.787289
v 0.000000 -0.801054 0.815854
v 0.000000 -0.723662 0.823587
v 0.000000 -0.639687 0.810190
v -0.097073 -1.000000 0.488020
v -0.151425 -0.552356 0.761264
v -0.115356 -0.991399 0.579936
v -0.131259 -0.965925 0.659883
v -0.144170 -0.924558 0.724790
v -0.153592 -0.868888 0.772161
v -0.159165 -0.801054 0.800177
v -0.160674 -0.723662 0.807762
v -0.158060 -0.639687 0.794622
v -0.190416 -1.000000 0.459705
v -0.297031 -0.552356 0.717095
v -0.226280 -0.991399 0.546287
v -0.257474 -0.965925 0.621596
v -0.282799 -0.924558 0.682737
v -0.301282 -0.868888 0.727360
v -0.312214 -0.801054 0.753751
v -0.315173 -0.723662 0.760895
v -0.310046 -0.639687 0.748518
v -0.276441 -1.000000 0.413723
v -0.431221 -0.552356 0.645368
v -0.328507 -0.991399 0.491646
v -0.373794 -0.965925 0.559422
v -0.410560 -0.924558 0.614447
v -0.437394 -0.868888 0.654607
v -0.453264 -0.801054 0.678358
v -0.457560 -0.723662 0.684787
v -0.450117 -0.639687 0.673648
v -0.351843 -1.000000 0.351843
v -0.548841 -0.552356 0.548841
v -0.418110 -0.991399 0.418110
v -0.475749 -0.965925 0.475749
v -0.522544 -0.924558 0.522544
v -0.556697 -0.868888 0.556697
v -0.576896 -0.801054 0.576896
v -0.582364 -0.723662 0.582364
v -0.572891 -0.639687 0.572891
v -0.413723 -1.000000 0.276441
v -0.645368 -0.552356 0.431221
v -0.491646 -0.991399 0.328507
v -0.559422 -0.965925 0.373794
v -0.614447 -0.924558 0.410560
v -0.654607 -0.868888 0.437394
v -0.678358 -0.801054 0.453264
v -0.684787 -0.723662 0.457560
v -0.673648 -0.639687 0.450117
v -0.459705 -1.000000 0.190416
v -0.717095 -0.552356 0.297031
v -0.546287 -0.991399 0.226280
v -0.621596 -0.965925 0.257474
v -0.682737 -0.924558 0.282799
v -0.727360 -0.868888 0.301282
v -0.753751 -0.801054 0.312214
v -0.760895 -0.723662 0.315173
v -0.748518 -0.639687 0.310046
v -0.488020 -1.000000 0.097073
v -0.761264 -0.552356 0.151425
v -0.579936 -0.991399 0.115356
v -0.659883 -0.965925 0.131259
v -0.724790 -0.924558 0.144170
v -0.772161 -0.868888 0.153592
v -0.800178 -0.801054 0.159165
v -0.807762 -0.723662 0.160674
v -0.794622 -0.639687 0.158060
v -0.497581 -1.000000 0.000000
v -0.776178 -0.552356 0.000000
v -0.591297 -0.991399 0.000000
v -0.672811 -0.965925 0.000000
v -0.738989 -0.924558 0.000000
v -0.787289 -0.868888 0.000000
v -0.815854 -0.801054 0.000000
v -0.823587 -0.723662 0.000000
v -0.810190 -0.639687 0.000000
v -0.488020 -1.000000 -0.097073
v -0.761264 -0.552356 -0.151425
v -0.579936 -0.991399 -0.115356
v -0.659883 -0.965925 -0.131259
v -0.724790 -0.924558 -0.144170
v -0.772161 -0.868888 -0.153592
v -0.800177 -0.801054 -0.159165
v -0.807762 -0.723662 -0.160674
v -0.794622 -0.639687 -0.158060
v -0.459705 -1.000000 -0.190416
v -0.717095 -0.552356 -0.297031
v -0.546287 -0.991399 -0.226280
v -0.621596 -0.965925 -0.257474
v -0.682737 -0.924558 -0.282799
v -0.727360 -0.868888 -0.301282
v -0.753751 -0.801054 -0.312214
v -0.760895 -0.723662 -0.315173
v -0.748518 -0.639687 -0.310046
v -0.413723 -1.000000 -0.276441
v -0.645368 -0.552356 -0.431221
v -0.491646 -0.991399 -0.328507
v -0.559422 -0.965925 -0.373794
v -0.614447 -0.924558 -0.410560
v -0.654607 -0.868888 -0.437394
v -0.678358 -0.801054 -0.453264
v -0.684787 -0.723662 -0.457560
v -0.673648 -0.639687 -0.450117
v -0.351843 -1.000000 -0.351843
v -0.548841 -0.552356 -0.548841
v -0.418110 -0.991399 -0.418110
v -0.475749 -0.965925 -0.475749
v -0.522544 -0.924558 -0.522544
v -0.556697 -0.868888 -0.556697
v -0.576896 -0.801054 -0.576896
v -0.582364 -0.723662 -0.582364
v -0.572891 -0.639687 -0.572891
v -0.276441 -1.000000 -0.413723
v -0.431221 -0.552356 -0.645368
v -0.328507 -0.991399 -0.491646
v -0.373794 -0.965925 -0.559422
v -0.410560 -0.924558 -0.614447
v -0.437394 -0.868888 -0.654607
v -0.453264 -0.801054 -0.678358
v -0.457560 -0.723662 -0.684787
v -0.450117 -0.639687 -0.673648
v -0.190416 -1.000000 -0.459705
v -0.297031 -0.552356 -0.717095
v -0.226280 -0.991399 -0.546287
v -0.257474 -0.965925 -0.621596
v -0.282799 -0.924558 -0.682737
v -0.301282 -0.868888 -0.727360
v -0.312214 -0.801054 -0.753751
v -0.315173 -0.723662 -0.760895
v -0.310046 -0.639687 -0.748518
v -0.097073 -1.000000 -0.488020
v -0.151425 -0.552356 -0.761264
v -0.115356 -0.991399 -0.579936
v -0.131259 -0.965925 -0.659883
v -0.144170 -0.924558 -0.724790
v -0.153592 -0.868888 -0.772161
v -0.159165 -0.801054 -0.800178
v -0.160674 -0.723662 -0.807762
v -0.158060 -0.639687 -0.794622
vn -0.0878 0.4455 -0.8910
vn 0.4220 0.4455 -0.7896
vn 0.5680 0.4455 -0.6921
vn 0.6921 0.4455 -0.5680
vn 0.7896 0.4455 -0.4220
vn 0.8567 0.4455 -0.2599
vn 0.8910 0.4455 -0.0878
vn 0.8910 0.4455 0.0878
vn 0.8567 0.4455 0.2599
vn 0.7896 0.4455 0.4220
vn 0.6921 0.4455 0.5680
vn 0.5680 0.4455 0.6921
vn 0.4220 0.4455 0.7896
vn 0.2599 0.4455 0.8567
vn 0.0878 0.4455 0.8910
vn -0.0878 0.4455 0.8910
vn -0.2599 0.4455 0.8567
vn -0.4220 0.4455 0.7896
vn -0.5680 0.4455 0.6921
vn -0.6921 0.4455 0.5680
vn -0.7896 0.4455 0.4220
vn -0.8567 0.4455 0.2599
vn -0.8910 0.4455 0.0878
vn -0.8910 0.4455 -0.0878
vn -0.8567 0.4455 -0.2599
vn -0.7896 0.4455 -0.4220
vn -0.6921 0.4455 -0.5680
vn -0.5680 0.4455 -0.6921
vn -0.4220 0.4455 -0.7896
vn -0.2599 0.4455 -0.8567
vn 0.0878 0.4455 -0.8910
vn 0.2599 0.4455 -0.8567
vn 0.0914 0.3614 -0.9279
vn 0.0968 0.1568 -0.9829
vn 0.0975 -0.0989 -0.9903
vn 0.0904 -0.3865 -0.9178
vn 0.0742 -0.6535 -0.7533
vn 0.0521 -0.8468 -0.5293
vn 0.0294 -0.9541 -0.2982
vn 0.0090 -0.9958 -0.0914
vn 0.2707 0.3614 -0.8923
vn 0.2867 0.1568 -0.9451
vn 0.2889 -0.0989 -0.9522
vn 0.2677 -0.3865 -0.8826
vn 0.2197 -0.6535 -0.7243
vn 0.1544 -0.8468 -0.5090
vn 0.0870 -0.9541 -0.2867
vn 0.0267 -0.9958 -0.0879
vn 0.4395 0.3614 -0.8223
vn 0.4656 0.1568 -0.8710
vn 0.4691 -0.0989 -0.8776
vn 0.4348 -0.3865 -0.8134
vn 0.3568 -0.6535 -0.6675
vn 0.2507 -0.8468 -0.4691
vn 0.1412 -0.9541 -0.2642
vn 0.0433 -0.9958 -0.0810
vn 0.5915 0.3614 -0.7208
vn 0.6265 0.1568 -0.7634
vn 0.6313 -0.0989 -0.7692
vn 0.5851 -0.3865 -0.7129
vn 0.4802 -0.6535 -0.5851
vn 0.3374 -0.8468 -0.4112
vn 0.1901 -0.9541 -0.2316
vn 0.0583 -0.9958 -0.0710
vn 0.7208 0.3614 -0.5915
vn 0.7634 0.1568 -0.6265
vn 0.7692 -0.0989 -0.6313
vn 0.7129 -0.3865 -0.5851
vn 0.5851 -0.6535 -0.4802
vn 0.4112 -0.8468 -0.3374
vn 0.2316 -0.9541 -0.1901
vn 0.0710 -0.9958 -0.0583
vn 0.8223 0.3614 -0.4395
vn 0.8710 0.1568 -0.4656
vn 0.8776 -0.0989 -0.4691
vn 0.8134 -0.3865 -0.4348
vn 0.6675 -0.6535 -0.3568
vn 0.4691 -0.8468 -0.2507
vn 0.2642 -0.9541 -0.1412
vn 0.0810 -0.9958 -0.0433
vn 0.8923 0.3614 -0.2707
vn 0.9451 0.1568 -0.2867
vn 0.9522 -0.0989 -0.2889
vn 0.8826 -0.3865 -0.2677
vn 0.7243 -0.6535 -0.2197
vn 0.5090 -0.8468 -0.1544
vn 0.2867 -0.9541 -0.0870
vn 0.0879 -0.9958 -0.0267
vn 0.9279 0.3614 -0.0914
vn 0.9829 0.1568 -0.0968
vn 0.9903 -0.0989 -0.0975
vn 0.9178 -0.3865 -0.0904
vn 0.7533 -0.6535 -0.0742
vn 0.5293 -0.8468 -0.0521
vn 0.2982 -0.9541 -0.0294
vn 0.0914 -0.9958 -0.0090
vn 0.9279 0.3614 0.0914
vn 0.9829 0.1568 0.0968
vn 0.9903 -0.0989 0.0975
vn 0.9178 -0.3865 0.0904
vn 0.7533 -0.6535 0.0742
vn 0.5293 -0.8468 0.0521
vn 0.2982 -0.9541 0.0294
vn 0.0914 -0.9958 0.0090
vn 0.8923 0.3614 0.2707
vn 0.9451 0.1568 0.2867
vn 0.9522 -0.0989 0.2889
vn 0.8826 -0.3865 0.2677
vn 0.7243 -0.6535 0.2197
vn 0.5090 -0.8468 0.1544
vn 0.2867 -0.9541 0.0870
vn 0.0879 -0.9958 0.0267
vn 0.8223 0.3614 0.4395
vn 0.8710 0.1568 0.4656
vn 0.8776 -0.0989 0.4691
vn 0.8134 -0.3865 0.4348
vn 0.6675 -0.6535 0.3568
vn 0.4691 -0.8468 0.2507
vn 0.2642 -0.9541 0.1412
vn 0.0810 -0.9958 0.0433
vn 0.7208 0.3614 0.5915
vn 0.7634 0.1568 0.6265
vn 0.7692 -0.0989 0.6313
vn 0.7129 -0.3865 0.5851
vn 0.5851 -0.6535 0.4802
vn 0.4112 -0.8468 0.3374
vn 0.2316 -0.9541 0.1901
vn 0.0710 -0.9958 0.0583
vn 0.5915 0.3614 0.7208
vn 0.6265 0.1568 0.7634
vn 0.6313 -0.0989 0.7692
vn 0.5851 -0.3865 0.7129
vn 0.4802 -0.6535 0.5851
vn 0.3374 -0.8468 0.4112
vn 0.1901 -0.9541 0.2316
vn 0.0583 -0.9958 0.0710
vn 0.4395 0.3614 0.8223
vn 0.4656 0.1568 0.8710
vn 0.4691 -0.0989 0.8776
vn 0.4348 -0.3865 0.8134
vn 0.3568 -0.6535 0.6675
vn 0.2507 -0.8468 0.4691
vn 0.1412 -0.9541 0.2642
vn 0.0433 -0.9958 0.0810
vn 0.2707 0.3614 0.8923
vn 0.2867 0.1568 0.9451
vn 0.2889 -0.0989 0.9522
vn 0.2677 -0.3865 0.8826
vn 0.2197 -0.6535 0.7243
vn 0.1544 -0.8468 0.5090
vn 0.0870 -0.9541 0.2867
vn 0.0267 -0.9958 0.0879
vn 0.0914 0.3614 0.9279
vn 0.0968 0.1568 0.9829
vn 0.0975 -0.0989 0.9903
vn 0.0904 -0.3865 0.9178
vn 0.0742 -0.6535 0.7533
vn 0.0521 -0.8468 0.5293
vn 0.0294 -0.9541 0.2982
vn 0.0090 -0.9958 0.0914
vn -0.0914 0.3614 0.9279
vn -0.0968 0.1568 0.9829
vn -0.0975 -0.0989 0.9903
vn -0.0904 -0.3865 0.9178
vn -0.0742 -0.6535 0.7533
vn -0.0521 -0.8468 0.5293
vn -0.0294 -0.9541 0.2982
vn -0.0090 -0.9958 0.0914
vn -0.2707 0.3614 0.8923
vn -0.2867 0.1568 0.9451
vn -0.2889 -0.0989 0.9522
vn -0.2677 -0.3865 0.8826
vn -0.2197 -0.6535 0.7243
vn -0.1544 -0.8468 0.5090
vn -0.0870 -0.9541 0.2867
vn -0.0267 -0.9958 0.0879
vn -0.4395 0.3614 0.8223
vn -0.4656 0.1568 0.8710
vn -0.4691 -0.0989 0.8776
vn -0.4348 -0.3865 0.8134
vn -0.3568 -0.6535 0.6675
vn -0.2507 -0.8468 0.4691
vn -0.1412 -0.9541 0.2642
vn -0.0433 -0.9958 0.0810
vn -0.5915 0.3614 0.7208
vn -0.6265 0.1568 0.7634
vn -0.6313 -0.0989 0.7692
vn -0.5851 -0.3865 0.7129
vn -0.4802 -0.6535 0.5851
vn -0.3374 -0.8468 0.4112
vn -0.1901 -0.9541 0.2316
vn -0.0583 -0.9958 0.0710
vn -0.7208 0.3614 0.5915
vn -0.7634 0.1568 0.6265
vn -0.7692 -0.0989 0.6313
vn -0.7129 -0.3865 0.5851
vn -0.5851 -0.6535 0.4802
vn -0.4112 -0.8468 0.3374
vn -0.2316 -0.9541 0.1901
vn -0.0710 -0.9958 0.0583
vn -0.8223 0.3614 0.4395
vn -0.8710 0.1568 0.4656
vn -0.8776 -0.0989 0.4691
vn -0.8134 -0.3865 0.4348
vn -0.6675 -0.6535 0.3568
vn -0.4691 -0.8468 0.2507
vn -0.2642 -0.9541 0.1412
vn -0.0810 -0.9958 0.0433
vn -0.8923 0.3614 0.2707
vn -0.9451 0.1568 0.2867
vn -0.9522 -0.0989 0.2889
vn -0.8826 -0.3865 0.2677
vn -0.7243 -0.6535 0.2197
vn -0.5090 -0.8468 0.1544
vn -0.2867 -0.9541 0.0870
vn -0.0879 -0.9958 0.0267
vn -0.9279 0.3614 0.0914
vn -0.9829 0.1568 0.0968
vn -0.9903 -0.0989 0.0975
vn -0.9178 -0.3865 0.0904
vn -0.7533 -0.6535 0.0742
vn -0.5293 -0.8468 0.0521
vn -0.2982 -0.9541 0.0294
vn -0.0914 -0.9958 0.0090
vn -0.9279 0.3614 -0.0914
vn -0.9829 0.1568 -0.0968
vn -0.9903 -0.0989 -0.0975
vn -0.9178 -0.3865 -0.0904
vn -0.7533 -0.6535 -0.0742
vn -0.5293 -0.8468 -0.0521
vn -0.2982 -0.9541 -0.0294
vn -0.0914 -0.9958 -0.0090
vn -0.8923 0.3614 -0.2707
vn -0.9451 0.1568 -0.2867
vn -0.9522 -0.0989 -0.2889
vn -0.8826 -0.3865 -0.2677
vn -0.7243 -0.6535 -0.2197
vn -0.5090 -0.8468 -0.1544
vn -0.2867 -0.9541 -0.0870
vn -0.0879 -0.9958 -0.0267
vn -0.8223 0.3614 -0.4395
vn -0.8710 0.1568 -0.4656
vn -0.8776 -0.0989 -0.4691
vn -0.8134 -0.3865 -0.4348
vn -0.6675 -0.6535 -0.3568
vn -0.4691 -0.8468 -0.2507
vn -0.2642 -0.9541 -0.1412
vn -0.0810 -0.9958 -0.0433
vn -0.7208 0.3614 -0.5915
vn -0.7634 0.1568 -0.6265
vn -0.7692 -0.0989 -0.6313
vn -0.7129 -0.3865 -0.5851
vn -0.5851 -0.6535 -0.4802
vn -0.4112 -0.8468 -0.3374
vn -0.2316 -0.9541 -0.1901
vn -0.0710 -0.9958 -0.0583
vn -0.5915 0.3614 -0.7208
vn -0.6265 0.1568 -0.7634
vn -0.6313 -0.0989 -0.7692
vn -0.5851 -0.3865 -0.7129
vn -0.4802 -0.6535 -0.5851
vn -0.3374 -0.8468 -0.4112
vn -0.1901 -0.9541 -0.2316
vn -0.0583 -0.9958 -0.0710
vn -0.4395 0.3614 -0.8223
vn -0.4656 0.1568 -0.8710
vn -0.4691 -0.0989 -0.8776
vn -0.4348 -0.3865 -0.8134
vn -0.3568 -0.6535 -0.6675
vn -0.2507 -0.8468 -0.4691
vn -0.1412 -0.9541 -0.2642
vn -0.0433 -0.9958 -0.0810
vn -0.2707 0.3614 -0.8923
vn -0.2867 0.1568 -0.9451
vn -0.2889 -0.0989 -0.9522
vn -0.2677 -0.3865 -0.8826
vn -0.2197 -0.6535 -0.7243
vn -0.1544 -0.8468 -0.5090
vn -0.0870 -0.9541 -0.2867
vn -0.0267 -0.9958 -0.0879
vn -0.0914 0.3614 -0.9279
vn -0.0968 0.1568 -0.9829
vn -0.0975 -0.0989 -0.9903
vn -0.0904 -0.3865 -0.9178
vn -0.0742 -0.6535 -0.7533
vn -0.0521 -0.8468 -0.5293
vn -0.0294 -0.9541 -0.2982
vn -0.0090 -0.9958 -0.0914
vn -0.0000 -1.0000 -0.0000
vt 0.213658 0.432703
vt 0.250000 0.250000
vt 0.250000 0.436283
vt 0.321287 0.422103
vt 0.353493 0.404888
vt 0.353493 0.404888
vt 0.381722 0.381722
vt 0.404888 0.353493
vt 0.422103 0.321287
vt 0.422103 0.321287
vt 0.432703 0.286342
vt 0.436283 0.250000
vt 0.432703 0.213658
vt 0.432703 0.213658
vt 0.422103 0.178713
vt 0.404888 0.146507
vt 0.404888 0.146507
vt 0.381722 0.118278
vt 0.353493 0.095112
vt 0.353493 0.095112
vt 0.321287 0.077897
vt 0.321287 0.077897
vt 0.286342 0.067297
vt 0.250000 0.063717
vt 0.250000 0.063717
vt 0.213658 0.067297
vt 0.213658 0.067297
vt 0.178713 0.077897
vt 0.178713 0.077897
vt 0.146507 0.095112
vt 0.146507 0.095112
vt 0.118278 0.118278
vt 0.095112 0.146507
vt 0.095112 0.146507
vt 0.077897 0.178713
vt 0.077897 0.178713
vt 0.067297 0.213658
vt 0.063717 0.250000
vt 0.063717 0.250000
vt 0.067297 0.286342
vt 0.067297 0.286342
vt 0.077897 0.321287
vt 0.077897 0.321287
vt 0.095112 0.353493
vt 0.095112 0.353493
vt 0.118278 0.381722
vt 0.146507 0.404888
vt 0.178713 0.422103
vt 0.178713 0.422103
vt 0.286342 0.432703
vt 0.286342 0.432703
vt 0.288116 0.442549
vt 0.250181 0.446285
vt 0.289279 0.451149
vt 0.250718 0.454947
vt 0.289788 0.458175
vt 0.251589 0.461937
vt 0.254980 0.489510
vt 0.791842 0.485879
vt 0.750000 0.427357
vt 0.754980 0.489510
vt 0.781502 0.408372
vt 0.750000 0.411475
vt 0.777686 0.389185
vt 0.750000 0.391911
vt 0.773297 0.367125
vt 0.750000 0.369419
vt 0.288471 0.442478
vt 0.327767 0.439621
vt 0.290687 0.450869
vt 0.292905 0.457555
vt 0.337056 0.473184
vt 0.301610 0.483936
vt 0.837056 0.473184
vt 0.784601 0.423950
vt 0.801610 0.483936
vt 0.817872 0.413857
vt 0.811794 0.399183
vt 0.804307 0.381109
vt 0.325282 0.431274
vt 0.358899 0.413305
vt 0.329093 0.439072
vt 0.366425 0.427102
vt 0.332573 0.445196
vt 0.378924 0.451912
vt 0.346257 0.469372
vt 0.846257 0.469372
vt 0.848535 0.397467
vt 0.839711 0.384261
vt 0.828842 0.367995
vt 0.816346 0.349294
vt 0.795700 0.360329
vt 0.388666 0.388922
vt 0.359201 0.413104
vt 0.364459 0.420009
vt 0.394412 0.395427
vt 0.369067 0.425336
vt 0.415838 0.422880
vt 0.387205 0.446378
vt 0.915838 0.422880
vt 0.887205 0.446378
vt 0.875411 0.375411
vt 0.864180 0.364180
vt 0.850347 0.350346
vt 0.388922 0.388666
vt 0.413104 0.359201
vt 0.395427 0.394412
vt 0.420009 0.364459
vt 0.400986 0.398739
vt 0.446378 0.387205
vt 0.422880 0.415838
vt 0.946378 0.387205
vt 0.922880 0.415838
vt 0.884261 0.339710
vt 0.867995 0.328842
vt 0.834442 0.334442
vt 0.413305 0.358899
vt 0.431274 0.325282
vt 0.420806 0.363266
vt 0.445196 0.332573
vt 0.427102 0.366425
vt 0.469372 0.346257
vt 0.451912 0.378924
vt 0.969372 0.346257
vt 0.897468 0.348535
vt 0.951912 0.378924
vt 0.913857 0.317872
vt 0.899183 0.311794
vt 0.881109 0.304307
vt 0.849293 0.316346
vt 0.442478 0.288471
vt 0.431413 0.324948
vt 0.439621 0.327767
vt 0.450869 0.290687
vt 0.446412 0.329637
vt 0.457555 0.292905
vt 0.473184 0.337056
vt 0.983936 0.301610
vt 0.973184 0.337056
vt 0.923950 0.284601
vt 0.908372 0.281502
vt 0.889185 0.277685
vt 0.860329 0.295700
vt 0.442549 0.288116
vt 0.446285 0.250181
vt 0.451149 0.289279
vt 0.454947 0.250718
vt 0.458175 0.289789
vt 0.461937 0.251589
vt 0.485879 0.291842
vt 0.985879 0.291842
vt 0.927357 0.250000
vt 0.911475 0.250000
vt 0.891912 0.250000
vt 0.867125 0.273298
vt 0.442549 0.211884
vt 0.446285 0.249819
vt 0.451149 0.210721
vt 0.454947 0.249282
vt 0.458175 0.210211
vt 0.461937 0.248411
vt 0.489510 0.245020
vt 0.985879 0.208158
vt 0.989510 0.245020
vt 0.908372 0.218498
vt 0.889184 0.222315
vt 0.867125 0.226702
vt 0.869419 0.250000
vt 0.442478 0.211529
vt 0.439621 0.172233
vt 0.450869 0.209313
vt 0.457555 0.207095
vt 0.473184 0.162944
vt 0.483936 0.198390
vt 0.973184 0.162944
vt 0.923950 0.215399
vt 0.983936 0.198390
vt 0.913857 0.182128
vt 0.899183 0.188206
vt 0.881109 0.195693
vt 0.431274 0.174718
vt 0.413305 0.141101
vt 0.439072 0.170907
vt 0.427102 0.133575
vt 0.445196 0.167427
vt 0.451912 0.121076
vt 0.469372 0.153743
vt 0.969372 0.153743
vt 0.897467 0.151466
vt 0.884261 0.160290
vt 0.867995 0.171158
vt 0.849293 0.183654
vt 0.860329 0.204300
vt 0.388922 0.111334
vt 0.413104 0.140799
vt 0.420009 0.135541
vt 0.395427 0.105588
vt 0.425336 0.130933
vt 0.422880 0.084162
vt 0.446378 0.112795
vt 0.922880 0.084162
vt 0.946378 0.112795
vt 0.875411 0.124589
vt 0.864180 0.135820
vt 0.850346 0.149654
vt 0.388666 0.111078
vt 0.359201 0.086896
vt 0.394412 0.104573
vt 0.364459 0.079991
vt 0.398739 0.099014
vt 0.387205 0.053622
vt 0.415838 0.077120
vt 0.887205 0.053622
vt 0.915838 0.077120
vt 0.839711 0.115739
vt 0.828842 0.132005
vt 0.834442 0.165558
vt 0.358899 0.086695
vt 0.325282 0.068726
vt 0.363266 0.079194
vt 0.332573 0.054804
vt 0.366425 0.072898
vt 0.346257 0.030628
vt 0.378924 0.048089
vt 0.846257 0.030628
vt 0.848535 0.102533
vt 0.878924 0.048089
vt 0.817872 0.086143
vt 0.811794 0.100817
vt 0.804307 0.118891
vt 0.816346 0.150706
vt 0.288471 0.057522
vt 0.324948 0.068587
vt 0.327767 0.060379
vt 0.290687 0.049131
vt 0.329637 0.053588
vt 0.292905 0.042445
vt 0.337056 0.026816
vt 0.801610 0.016064
vt 0.837056 0.026816
vt 0.784601 0.076051
vt 0.781502 0.091628
vt 0.777686 0.110815
vt 0.795700 0.139671
vt 0.288116 0.057451
vt 0.250181 0.053715
vt 0.289279 0.048851
vt 0.250718 0.045053
vt 0.289789 0.041825
vt 0.251589 0.038063
vt 0.291842 0.014121
vt 0.791842 0.014121
vt 0.750000 0.072643
vt 0.750000 0.088525
vt 0.750000 0.108089
vt 0.773298 0.132875
vt 0.211884 0.057451
vt 0.249819 0.053715
vt 0.210721 0.048851
vt 0.249282 0.045053
vt 0.210211 0.041825
vt 0.248411 0.038063
vt 0.245020 0.010490
vt 0.708158 0.014121
vt 0.745020 0.010490
vt 0.718498 0.091628
vt 0.722315 0.110815
vt 0.726702 0.132875
vt 0.750000 0.130581
vt 0.211529 0.057522
vt 0.172233 0.060379
vt 0.209313 0.049131
vt 0.207095 0.042445
vt 0.162944 0.026816
vt 0.198390 0.016064
vt 0.662944 0.026816
vt 0.715399 0.076051
vt 0.698390 0.016064
vt 0.682128 0.086143
vt 0.688206 0.100817
vt 0.695693 0.118891
vt 0.174718 0.068726
vt 0.141101 0.086695
vt 0.170907 0.060928
vt 0.133575 0.072898
vt 0.167427 0.054804
vt 0.121076 0.048089
vt 0.153743 0.030628
vt 0.653743 0.030628
vt 0.651466 0.102533
vt 0.660290 0.115739
vt 0.671158 0.132005
vt 0.683654 0.150706
vt 0.704300 0.139671
vt 0.111334 0.111078
vt 0.140799 0.086896
vt 0.135541 0.079991
vt 0.105588 0.104573
vt 0.130933 0.074664
vt 0.084162 0.077120
vt 0.112795 0.053622
vt 0.584162 0.077120
vt 0.612795 0.053622
vt 0.624590 0.124589
vt 0.635820 0.135820
vt 0.649654 0.149654
vt 0.111078 0.111334
vt 0.086896 0.140799
vt 0.104573 0.105588
vt 0.079991 0.135541
vt 0.099014 0.101261
vt 0.053622 0.112795
vt 0.077120 0.084162
vt 0.553622 0.112795
vt 0.577120 0.084162
vt 0.615739 0.160290
vt 0.632005 0.171158
vt 0.665558 0.165558
vt 0.086695 0.141101
vt 0.068726 0.174718
vt 0.079194 0.136734
vt 0.054804 0.167427
vt 0.072898 0.133575
vt 0.030628 0.153743
vt 0.048089 0.121076
vt 0.530628 0.153743
vt 0.602533 0.151466
vt 0.548088 0.121076
vt 0.586143 0.182128
vt 0.600817 0.188206
vt 0.618891 0.195693
vt 0.650706 0.183654
vt 0.057522 0.211529
vt 0.068587 0.175052
vt 0.060379 0.172233
vt 0.049131 0.209313
vt 0.053588 0.170363
vt 0.042445 0.207095
vt 0.026816 0.162944
vt 0.516064 0.198390
vt 0.526816 0.162944
vt 0.576050 0.215399
vt 0.591628 0.218498
vt 0.610815 0.222315
vt 0.639671 0.204300
vt 0.057451 0.211884
vt 0.053715 0.249819
vt 0.048851 0.210721
vt 0.045053 0.249282
vt 0.041825 0.210211
vt 0.038063 0.248411
vt 0.014121 0.208158
vt 0.514121 0.208158
vt 0.572643 0.250000
vt 0.588525 0.250000
vt 0.608089 0.250000
vt 0.632875 0.226702
vt 0.057451 0.288116
vt 0.053715 0.250181
vt 0.048851 0.289279
vt 0.045053 0.250718
vt 0.041825 0.289788
vt 0.038063 0.251589
vt 0.010490 0.254980
vt 0.514121 0.291842
vt 0.510490 0.254980
vt 0.591628 0.281502
vt 0.610815 0.277685
vt 0.632875 0.273298
vt 0.630581 0.250000
vt 0.057522 0.288471
vt 0.060379 0.327767
vt 0.049131 0.290687
vt 0.042445 0.292905
vt 0.026816 0.337056
vt 0.016064 0.301610
vt 0.526816 0.337056
vt 0.576051 0.284601
vt 0.516064 0.301610
vt 0.586143 0.317872
vt 0.600817 0.311794
vt 0.618891 0.304307
vt 0.068726 0.325282
vt 0.086695 0.358899
vt 0.060928 0.329093
vt 0.072898 0.366425
vt 0.054804 0.332573
vt 0.048089 0.378924
vt 0.030628 0.346257
vt 0.530628 0.346257
vt 0.602533 0.348534
vt 0.615739 0.339710
vt 0.632005 0.328842
vt 0.650706 0.316346
vt 0.639671 0.295700
vt 0.111078 0.388666
vt 0.086896 0.359201
vt 0.079991 0.364459
vt 0.104573 0.394412
vt 0.074664 0.369067
vt 0.077120 0.415838
vt 0.053622 0.387205
vt 0.577120 0.415838
vt 0.553622 0.387205
vt 0.624589 0.375411
vt 0.635820 0.364180
vt 0.649654 0.350346
vt 0.111334 0.388922
vt 0.140799 0.413104
vt 0.105588 0.395427
vt 0.135541 0.420009
vt 0.101261 0.400986
vt 0.112795 0.446378
vt 0.084162 0.422880
vt 0.612795 0.446378
vt 0.584162 0.422880
vt 0.660289 0.384261
vt 0.671158 0.367995
vt 0.665558 0.334442
vt 0.141101 0.413305
vt 0.174718 0.431274
vt 0.136734 0.420806
vt 0.167427 0.445196
vt 0.133575 0.427102
vt 0.153743 0.469372
vt 0.121076 0.451912
vt 0.653743 0.469372
vt 0.651466 0.397467
vt 0.621076 0.451912
vt 0.682128 0.413857
vt 0.688206 0.399183
vt 0.695693 0.381109
vt 0.683654 0.349294
vt 0.211529 0.442478
vt 0.175052 0.431413
vt 0.172233 0.439621
vt 0.209313 0.450869
vt 0.170363 0.446412
vt 0.207095 0.457555
vt 0.162944 0.473184
vt 0.698390 0.483936
vt 0.662944 0.473184
vt 0.715399 0.423950
vt 0.718498 0.408372
vt 0.722315 0.389185
vt 0.704300 0.360329
vt 0.211884 0.442549
vt 0.249819 0.446285
vt 0.210721 0.451149
vt 0.249282 0.454947
vt 0.210211 0.458175
vt 0.248411 0.461937
vt 0.208158 0.485879
vt 0.708158 0.485879
vt 0.726702 0.367125
vt 0.291842 0.485879
vt 0.324948 0.431413
vt 0.329637 0.446412
vt 0.363266 0.420806
vt 0.878924 0.451912
vt 0.398739 0.400986
vt 0.425336 0.369067
vt 0.439072 0.329093
vt 0.483936 0.301610
vt 0.489510 0.254980
vt 0.989510 0.254980
vt 0.485879 0.208158
vt 0.431413 0.175052
vt 0.446412 0.170363
vt 0.420806 0.136734
vt 0.951911 0.121076
vt 0.400986 0.101261
vt 0.369067 0.074664
vt 0.329093 0.060928
vt 0.301610 0.016064
vt 0.254980 0.010490
vt 0.754980 0.010490
vt 0.208158 0.014121
vt 0.175052 0.068587
vt 0.170363 0.053588
vt 0.136734 0.079194
vt 0.621076 0.048089
vt 0.101261 0.099014
vt 0.074664 0.130933
vt 0.060928 0.170907
vt 0.016064 0.198390
vt 0.010490 0.245020
vt 0.510490 0.245020
vt 0.014121 0.291842
vt 0.068587 0.324948
vt 0.053588 0.329637
vt 0.079194 0.363266
vt 0.548088 0.378924
vt 0.099014 0.398739
vt 0.130933 0.425336
vt 0.170907 0.439072
vt 0.198390 0.483936
vt 0.245020 0.489510
vt 0.745020 0.489510
s 0
f 1346/1519/1417 1065/1520/1417 1067/1521/1417
f 1085/1522/1418 1065/1520/1418 1094/1523/1418
f 1094/1524/1419 1065/1520/1419 1103/1525/1419
f 1103/1525/1420 1065/1520/1420 1112/1526/1420
f 1112/1526/1421 1065/1520/1421 1121/1527/1421
f 1121/1528/1422 1065/1520/1422 1130/1529/1422
f 1130/1529/1423 1065/1520/1423 1139/1530/1423
f 1139/1530/1424 1065/1520/1424 1148/1531/1424
f 1148/1532/1425 1065/1520/1425 1157/1533/1425
f 1157/1533/1426 1065/1520/1426 1166/1534/1426
f 1166/1535/1427 1065/1520/1427 1175/1536/1427
f 1175/1536/1428 1065/1520/1428 1184/1537/1428
f 1184/1538/1429 1065/1520/1429 1193/1539/1429
f 1193/1540/1430 1065/1520/1430 1202/1541/1430
f 1202/1541/1431 1065/1520/1431 1211/1542/1431
f 1211/1543/1432 1065/1520/1432 1220/1544/1432
f 1220/1545/1433 1065/1520/1433 1229/1546/1433
f 1229/1547/1434 1065/1520/1434 1238/1548/1434
f 1238/1549/1435 1065/1520/1435 1247/1550/1435
f 1247/1550/1436 1065/1520/1436 1256/1551/1436
f 1256/1552/1437 1065/1520/1437 1265/1553/1437
f 1265/1554/1438 1065/1520/1438 1274/1555/1438
f 1274/1555/1439 1065/1520/1439 1283/1556/1439
f 1283/1557/1440 1065/1520/1440 1292/1558/1440
f 1292/1559/1441 1065/1520/1441 1301/1560/1441
f 1301/1561/1442 1065/1520/1442 1310/1562/1442
f 1310/1563/1443 1065/1520/1443 1319/1564/1443
f 1319/1564/1444 1065/1520/1444 1328/1565/1444
f 1328/1565/1445 1065/1520/1445 1337/1566/1445
f 1337/1567/1446 1065/1520/1446 1346/1519/1446
f 1067/1521/1447 1065/1520/1447 1076/1568/1447
f 1076/1569/1448 1065/1520/1448 1085/1522/1448
f 1067/1521/1449 1083/1570/1449 1074/1571/1449
f 1074/1571/1450 1082/1572/1450 1073/1573/1450
f 1073/1573/1451 1081/1574/1451 1072/1575/1451
f 1081/1574/1452 1071/1576/1452 1072/1575/1452
f 1080/1577/1453 1070/1578/1453 1071/1579/1453
f 1070/1578/1454 1078/1580/1454 1069/1581/1454
f 1069/1581/1455 1077/1582/1455 1068/1583/1455
f 1068/1583/1456 1075/1584/1456 1066/1585/1456
f 1085/1522/1457 1083/1586/1457 1076/1569/1457
f 1083/1586/1458 1091/1587/1458 1082/1588/1458
f 1091/1587/1459 1081/1589/1459 1082/1588/1459
f 1081/1589/1460 1089/1590/1460 1080/1591/1460
f 1089/1592/1461 1079/1593/1461 1080/1594/1461
f 1088/1595/1462 1078/1580/1462 1079/1593/1462
f 1087/1596/1463 1077/1582/1463 1078/1580/1463
f 1086/1597/1464 1075/1584/1464 1077/1582/1464
f 1094/1523/1465 1092/1598/1465 1085/1522/1465
f 1101/1599/1466 1091/1600/1466 1092/1598/1466
f 1091/1600/1467 1099/1601/1467 1090/1602/1467
f 1090/1602/1468 1098/1603/1468 1089/1604/1468
f 1089/1605/1469 1097/1606/1469 1088/1595/1469
f 1088/1595/1470 1096/1607/1470 1087/1596/1470
f 1087/1596/1471 1095/1608/1471 1086/1597/1471
f 1086/1597/1472 1093/1609/1472 1084/1610/1472
f 1094/1524/1473 1110/1611/1473 1101/1612/1473
f 1110/1611/1474 1100/1613/1474 1101/1612/1474
f 1109/1614/1475 1099/1615/1475 1100/1613/1475
f 1099/1615/1476 1107/1616/1476 1098/1617/1476
f 1107/1618/1477 1097/1606/1477 1098/1619/1477
f 1106/1620/1478 1096/1607/1478 1097/1606/1478
f 1105/1621/1479 1095/1608/1479 1096/1607/1479
f 1104/1622/1480 1093/1609/1480 1095/1608/1480
f 1112/1526/1481 1110/1623/1481 1103/1525/1481
f 1119/1624/1482 1109/1625/1482 1110/1623/1482
f 1118/1626/1483 1108/1627/1483 1109/1625/1483
f 1108/1627/1484 1116/1628/1484 1107/1629/1484
f 1116/1630/1485 1106/1620/1485 1107/1631/1485
f 1106/1620/1486 1114/1632/1486 1105/1621/1486
f 1105/1621/1487 1113/1633/1487 1104/1622/1487
f 1113/1633/1488 1102/1634/1488 1104/1622/1488
f 1121/1527/1489 1119/1635/1489 1112/1526/1489
f 1128/1636/1490 1118/1637/1490 1119/1635/1490
f 1118/1637/1491 1126/1638/1491 1117/1639/1491
f 1117/1639/1492 1125/1640/1492 1116/1641/1492
f 1125/1642/1493 1115/1643/1493 1116/1644/1493
f 1124/1645/1494 1114/1632/1494 1115/1643/1494
f 1123/1646/1495 1113/1633/1495 1114/1632/1495
f 1122/1647/1496 1111/1648/1496 1113/1633/1496
f 1121/1528/1497 1137/1649/1497 1128/1650/1497
f 1137/1649/1498 1127/1651/1498 1128/1650/1498
f 1136/1652/1499 1126/1653/1499 1127/1651/1499
f 1135/1654/1500 1125/1655/1500 1126/1653/1500
f 1134/1656/1501 1124/1645/1501 1125/1657/1501
f 1133/1658/1502 1123/1646/1502 1124/1645/1502
f 1132/1659/1503 1122/1647/1503 1123/1646/1503
f 1131/1660/1504 1120/1661/1504 1122/1647/1504
f 1139/1530/1505 1137/1662/1505 1130/1529/1505
f 1146/1663/1506 1136/1664/1506 1137/1662/1506
f 1145/1665/1507 1135/1666/1507 1136/1664/1507
f 1144/1667/1508 1134/1668/1508 1135/1666/1508
f 1134/1669/1509 1142/1670/1509 1133/1658/1509
f 1142/1670/1510 1132/1659/1510 1133/1658/1510
f 1141/1671/1511 1131/1660/1511 1132/1659/1511
f 1140/1672/1512 1129/1673/1512 1131/1660/1512
f 1139/1530/1513 1155/1674/1513 1146/1675/1513
f 1146/1675/1514 1154/1676/1514 1145/1677/1514
f 1145/1677/1515 1153/1678/1515 1144/1679/1515
f 1153/1678/1516 1143/1680/1516 1144/1679/1516
f 1152/1681/1517 1142/1670/1517 1143/1682/1517
f 1142/1670/1518 1150/1683/1518 1141/1671/1518
f 1141/1671/1519 1149/1684/1519 1140/1672/1519
f 1140/1672/1520 1147/1685/1520 1138/1686/1520
f 1157/1533/1521 1155/1687/1521 1148/1532/1521
f 1155/1687/1522 1163/1688/1522 1154/1689/1522
f 1163/1688/1523 1153/1690/1523 1154/1689/1523
f 1153/1690/1524 1161/1691/1524 1152/1692/1524
f 1161/1693/1525 1151/1694/1525 1152/1695/1525
f 1160/1696/1526 1150/1683/1526 1151/1694/1526
f 1159/1697/1527 1149/1684/1527 1150/1683/1527
f 1158/1698/1528 1147/1685/1528 1149/1684/1528
f 1166/1534/1529 1164/1699/1529 1157/1533/1529
f 1173/1700/1530 1163/1701/1530 1164/1699/1530
f 1163/1701/1531 1171/1702/1531 1162/1703/1531
f 1162/1703/1532 1170/1704/1532 1161/1705/1532
f 1161/1706/1533 1169/1707/1533 1160/1696/1533
f 1160/1696/1534 1168/1708/1534 1159/1697/1534
f 1159/1697/1535 1167/1709/1535 1158/1698/1535
f 1158/1698/1536 1165/1710/1536 1156/1711/1536
f 1166/1535/1537 1182/1712/1537 1173/1713/1537
f 1182/1712/1538 1172/1714/1538 1173/1713/1538
f 1181/1715/1539 1171/1716/1539 1172/1714/1539
f 1171/1716/1540 1179/1717/1540 1170/1718/1540
f 1179/1719/1541 1169/1707/1541 1170/1720/1541
f 1178/1721/1542 1168/1708/1542 1169/1707/1542
f 1177/1722/1543 1167/1709/1543 1168/1708/1543
f 1176/1723/1544 1165/1710/1544 1167/1709/1544
f 1184/1537/1545 1182/1724/1545 1175/1536/1545
f 1191/1725/1546 1181/1726/1546 1182/1724/1546
f 1190/1727/1547 1180/1728/1547 1181/1726/1547
f 1180/1728/1548 1188/1729/1548 1179/1730/1548
f 1188/1731/1549 1178/1721/1549 1179/1732/1549
f 1178/1721/1550 1186/1733/1550 1177/1722/1550
f 1177/1722/1551 1185/1734/1551 1176/1723/1551
f 1185/1734/1552 1174/1735/1552 1176/1723/1552
f 1193/1539/1553 1191/1736/1553 1184/1538/1553
f 1200/1737/1554 1190/1738/1554 1191/1736/1554
f 1190/1738/1555 1198/1739/1555 1189/1740/1555
f 1189/1740/1556 1197/1741/1556 1188/1742/1556
f 1197/1743/1557 1187/1744/1557 1188/1745/1557
f 1196/1746/1558 1186/1733/1558 1187/1744/1558
f 1195/1747/1559 1185/1734/1559 1186/1733/1559
f 1194/1748/1560 1183/1749/1560 1185/1734/1560
f 1193/1540/1561 1209/1750/1561 1200/1751/1561
f 1209/1750/1562 1199/1752/1562 1200/1751/1562
f 1208/1753/1563 1198/1754/1563 1199/1752/1563
f 1207/1755/1564 1197/1756/1564 1198/1754/1564
f 1206/1757/1565 1196/1746/1565 1197/1758/1565
f 1205/1759/1566 1195/1747/1566 1196/1746/1566
f 1204/1760/1567 1194/1748/1567 1195/1747/1567
f 1203/1761/1568 1192/1762/1568 1194/1748/1568
f 1211/1542/1569 1209/1763/1569 1202/1541/1569
f 1218/1764/1570 1208/1765/1570 1209/1763/1570
f 1217/1766/1571 1207/1767/1571 1208/1765/1571
f 1216/1768/1572 1206/1769/1572 1207/1767/1572
f 1206/1770/1573 1214/1771/1573 1205/1759/1573
f 1214/1771/1574 1204/1760/1574 1205/1759/1574
f 1213/1772/1575 1203/1761/1575 1204/1760/1575
f 1212/1773/1576 1201/1774/1576 1203/1761/1576
f 1211/1543/1577 1227/1775/1577 1218/1776/1577
f 1218/1776/1578 1226/1777/1578 1217/1778/1578
f 1217/1778/1579 1225/1779/1579 1216/1780/1579
f 1225/1779/1580 1215/1781/1580 1216/1780/1580
f 1224/1782/1581 1214/1771/1581 1215/1783/1581
f 1214/1771/1582 1222/1784/1582 1213/1772/1582
f 1213/1772/1583 1221/1785/1583 1212/1773/1583
f 1212/1773/1584 1219/1786/1584 1210/1787/1584
f 1229/1546/1585 1227/1788/1585 1220/1545/1585
f 1227/1788/1586 1235/1789/1586 1226/1790/1586
f 1235/1789/1587 1225/1791/1587 1226/1790/1587
f 1225/1791/1588 1233/1792/1588 1224/1793/1588
f 1233/1794/1589 1223/1795/1589 1224/1796/1589
f 1232/1797/1590 1222/1784/1590 1223/1795/1590
f 1231/1798/1591 1221/1785/1591 1222/1784/1591
f 1230/1799/1592 1219/1786/1592 1221/1785/1592
f 1238/1548/1593 1236/1800/1593 1229/1547/1593
f 1245/1801/1594 1235/1802/1594 1236/1800/1594
f 1235/1802/1595 1243/1803/1595 1234/1804/1595
f 1234/1804/1596 1242/1805/1596 1233/1806/1596
f 1233/1807/1597 1241/1808/1597 1232/1797/1597
f 1232/1797/1598 1240/1809/1598 1231/1798/1598
f 1231/1798/1599 1239/1810/1599 1230/1799/1599
f 1230/1799/1600 1237/1811/1600 1228/1812/1600
f 1238/1549/1601 1254/1813/1601 1245/1814/1601
f 1254/1813/1602 1244/1815/1602 1245/1814/1602
f 1253/1816/1603 1243/1817/1603 1244/1815/1603
f 1243/1817/1604 1251/1818/1604 1242/1819/1604
f 1251/1820/1605 1241/1808/1605 1242/1821/1605
f 1250/1822/1606 1240/1809/1606 1241/1808/1606
f 1249/1823/1607 1239/1810/1607 1240/1809/1607
f 1248/1824/1608 1237/1811/1608 1239/1810/1608
f 1256/1551/1609 1254/1825/1609 1247/1550/1609
f 1263/1826/1610 1253/1827/1610 1254/1825/1610
f 1262/1828/1611 1252/1829/1611 1253/1827/1611
f 1252/1829/1612 1260/1830/1612 1251/1831/1612
f 1260/1832/1613 1250/1822/1613 1251/1833/1613
f 1250/1822/1614 1258/1834/1614 1249/1823/1614
f 1249/1823/1615 1257/1835/1615 1248/1824/1615
f 1257/1835/1616 1246/1836/1616 1248/1824/1616
f 1265/1553/1617 1263/1837/1617 1256/1552/1617
f 1272/1838/1618 1262/1839/1618 1263/1837/1618
f 1262/1839/1619 1270/1840/1619 1261/1841/1619
f 1261/1841/1620 1269/1842/1620 1260/1843/1620
f 1269/1844/1621 1259/1845/1621 1260/1846/1621
f 1268/1847/1622 1258/1834/1622 1259/1845/1622
f 1267/1848/1623 1257/1835/1623 1258/1834/1623
f 1266/1849/1624 1255/1850/1624 1257/1835/1624
f 1265/1554/1625 1281/1851/1625 1272/1852/1625
f 1281/1851/1626 1271/1853/1626 1272/1852/1626
f 1280/1854/1627 1270/1855/1627 1271/1853/1627
f 1279/1856/1628 1269/1857/1628 1270/1855/1628
f 1278/1858/1629 1268/1847/1629 1269/1859/1629
f 1277/1860/1630 1267/1848/1630 1268/1847/1630
f 1276/1861/1631 1266/1849/1631 1267/1848/1631
f 1275/1862/1632 1264/1863/1632 1266/1849/1632
f 1283/1556/1633 1281/1864/1633 1274/1555/1633
f 1290/1865/1634 1280/1866/1634 1281/1864/1634
f 1289/1867/1635 1279/1868/1635 1280/1866/1635
f 1288/1869/1636 1278/1870/1636 1279/1868/1636
f 1278/1871/1637 1286/1872/1637 1277/1860/1637
f 1286/1872/1638 1276/1861/1638 1277/1860/1638
f 1285/1873/1639 1275/1862/1639 1276/1861/1639
f 1284/1874/1640 1273/1875/1640 1275/1862/1640
f 1283/1557/1641 1299/1876/1641 1290/1877/1641
f 1290/1877/1642 1298/1878/1642 1289/1879/1642
f 1289/1879/1643 1297/1880/1643 1288/1881/1643
f 1297/1880/1644 1287/1882/1644 1288/1881/1644
f 1296/1883/1645 1286/1872/1645 1287/1884/1645
f 1286/1872/1646 1294/1885/1646 1285/1873/1646
f 1285/1873/1647 1293/1886/1647 1284/1874/1647
f 1284/1874/1648 1291/1887/1648 1282/1888/1648
f 1301/1560/1649 1299/1889/1649 1292/1559/1649
f 1299/1889/1650 1307/1890/1650 1298/1891/1650
f 1307/1890/1651 1297/1892/1651 1298/1891/1651
f 1297/1892/1652 1305/1893/1652 1296/1894/1652
f 1305/1895/1653 1295/1896/1653 1296/1897/1653
f 1304/1898/1654 1294/1885/1654 1295/1896/1654
f 1303/1899/1655 1293/1886/1655 1294/1885/1655
f 1302/1900/1656 1291/1887/1656 1293/1886/1656
f 1310/1562/1657 1308/1901/1657 1301/1561/1657
f 1317/1902/1658 1307/1903/1658 1308/1901/1658
f 1307/1903/1659 1315/1904/1659 1306/1905/1659
f 1306/1905/1660 1314/1906/1660 1305/1907/1660
f 1305/1908/1661 1313/1909/1661 1304/1898/1661
f 1304/1898/1662 1312/1910/1662 1303/1899/1662
f 1303/1899/1663 1311/1911/1663 1302/1900/1663
f 1302/1900/1664 1309/1912/1664 1300/1913/1664
f 1310/1563/1665 1326/1914/1665 1317/1915/1665
f 1326/1914/1666 1316/1916/1666 1317/1915/1666
f 1325/1917/1667 1315/1918/1667 1316/1916/1667
f 1315/1918/1668 1323/1919/1668 1314/1920/1668
f 1323/1921/1669 1313/1909/1669 1314/1922/1669
f 1322/1923/1670 1312/1910/1670 1313/1909/1670
f 1321/1924/1671 1311/1911/1671 1312/1910/1671
f 1320/1925/1672 1309/1912/1672 1311/1911/1672
f 1328/1565/1673 1326/1926/1673 1319/1564/1673
f 1335/1927/1674 1325/1928/1674 1326/1926/1674
f 1334/1929/1675 1324/1930/1675 1325/1928/1675
f 1324/1930/1676 1332/1931/1676 1323/1932/1676
f 1332/1933/1677 1322/1923/1677 1323/1934/1677
f 1322/1923/1678 1330/1935/1678 1321/1924/1678
f 1321/1924/1679 1329/1936/1679 1320/1925/1679
f 1329/1936/1680 1318/1937/1680 1320/1925/1680
f 1337/1566/1681 1335/1938/1681 1328/1565/1681
f 1344/1939/1682 1334/1940/1682 1335/1938/1682
f 1334/1940/1683 1342/1941/1683 1333/1942/1683
f 1333/1942/1684 1341/1943/1684 1332/1944/1684
f 1341/1945/1685 1331/1946/1685 1332/1947/1685
f 1340/1948/1686 1330/1935/1686 1331/1946/1686
f 1339/1949/1687 1329/1936/1687 1330/1935/1687
f 1338/1950/1688 1327/1951/1688 1329/1936/1688
f 1337/1567/1689 1353/1952/1689 1344/1953/1689
f 1353/1952/1690 1343/1954/1690 1344/1953/1690
f 1352/1955/1691 1342/1956/1691 1343/1954/1691
f 1351/1957/1692 1341/1958/1692 1342/1956/1692
f 1350/1959/1693 1340/1948/1693 1341/1960/1693
f 1349/1961/1694 1339/1949/1694 1340/1948/1694
f 1348/1962/1695 1338/1950/1695 1339/1949/1695
f 1347/1963/1696 1336/1964/1696 1338/1950/1696
f 1067/1521/1697 1353/1965/1697 1346/1519/1697
f 1074/1966/1698 1352/1967/1698 1353/1965/1698
f 1073/1968/1699 1351/1969/1699 1352/1967/1699
f 1072/1970/1700 1350/1971/1700 1351/1969/1700
f 1350/1972/1701 1070/1578/1701 1349/1961/1701
f 1070/1578/1702 1348/1962/1702 1349/1961/1702
f 1069/1581/1703 1347/1963/1703 1348/1962/1703
f 1068/1583/1704 1345/1973/1704 1347/1963/1704
f 1201/1774/1705 1273/1875/1705 1345/1973/1705
f 1067/1521/1449 1076/1568/1449 1083/1570/1449
f 1074/1571/1450 1083/1570/1450 1082/1572/1450
f 1073/1573/1451 1082/1572/1451 1081/1574/1451
f 1081/1574/1452 1080/1974/1452 1071/1576/1452
f 1080/1577/1453 1079/1593/1453 1070/1578/1453
f 1070/1578/1454 1079/1593/1454 1078/1580/1454
f 1069/1581/1455 1078/1580/1455 1077/1582/1455
f 1068/1583/1456 1077/1582/1456 1075/1584/1456
f 1085/1522/1457 1092/1975/1457 1083/1586/1457
f 1083/1586/1458 1092/1975/1458 1091/1587/1458
f 1091/1587/1459 1090/1976/1459 1081/1589/1459
f 1081/1589/1460 1090/1976/1460 1089/1590/1460
f 1089/1592/1461 1088/1595/1461 1079/1593/1461
f 1088/1595/1462 1087/1596/1462 1078/1580/1462
f 1087/1596/1463 1086/1597/1463 1077/1582/1463
f 1086/1597/1464 1084/1610/1464 1075/1584/1464
f 1094/1523/1465 1101/1599/1465 1092/1598/1465
f 1101/1599/1466 1100/1977/1466 1091/1600/1466
f 1091/1600/1467 1100/1977/1467 1099/1601/1467
f 1090/1602/1468 1099/1601/1468 1098/1603/1468
f 1089/1605/1469 1098/1978/1469 1097/1606/1469
f 1088/1595/1470 1097/1606/1470 1096/1607/1470
f 1087/1596/1471 1096/1607/1471 1095/1608/1471
f 1086/1597/1472 1095/1608/1472 1093/1609/1472
f 1094/1524/1473 1103/1525/1473 1110/1611/1473
f 1110/1611/1474 1109/1614/1474 1100/1613/1474
f 1109/1614/1475 1108/1979/1475 1099/1615/1475
f 1099/1615/1476 1108/1979/1476 1107/1616/1476
f 1107/1618/1477 1106/1620/1477 1097/1606/1477
f 1106/1620/1478 1105/1621/1478 1096/1607/1478
f 1105/1621/1479 1104/1622/1479 1095/1608/1479
f 1104/1622/1480 1102/1634/1480 1093/1609/1480
f 1112/1526/1481 1119/1624/1481 1110/1623/1481
f 1119/1624/1482 1118/1626/1482 1109/1625/1482
f 1118/1626/1483 1117/1980/1483 1108/1627/1483
f 1108/1627/1484 1117/1980/1484 1116/1628/1484
f 1116/1630/1485 1115/1643/1485 1106/1620/1485
f 1106/1620/1486 1115/1643/1486 1114/1632/1486
f 1105/1621/1487 1114/1632/1487 1113/1633/1487
f 1113/1633/1488 1111/1648/1488 1102/1634/1488
f 1121/1527/1489 1128/1636/1489 1119/1635/1489
f 1128/1636/1490 1127/1981/1490 1118/1637/1490
f 1118/1637/1491 1127/1981/1491 1126/1638/1491
f 1117/1639/1492 1126/1638/1492 1125/1640/1492
f 1125/1642/1493 1124/1645/1493 1115/1643/1493
f 1124/1645/1494 1123/1646/1494 1114/1632/1494
f 1123/1646/1495 1122/1647/1495 1113/1633/1495
f 1122/1647/1496 1120/1661/1496 1111/1648/1496
f 1121/1528/1497 1130/1529/1497 1137/1649/1497
f 1137/1649/1498 1136/1652/1498 1127/1651/1498
f 1136/1652/1499 1135/1654/1499 1126/1653/1499
f 1135/1654/1500 1134/1982/1500 1125/1655/1500
f 1134/1656/1501 1133/1658/1501 1124/1645/1501
f 1133/1658/1502 1132/1659/1502 1123/1646/1502
f 1132/1659/1503 1131/1660/1503 1122/1647/1503
f 1131/1660/1504 1129/1673/1504 1120/1661/1504
f 1139/1530/1505 1146/1663/1505 1137/1662/1505
f 1146/1663/1506 1145/1665/1506 1136/1664/1506
f 1145/1665/1507 1144/1667/1507 1135/1666/1507
f 1144/1667/1508 1143/1983/1508 1134/1668/1508
f 1134/1669/1509 1143/1984/1509 1142/1670/1509
f 1142/1670/1510 1141/1671/1510 1132/1659/1510
f 1141/1671/1511 1140/1672/1511 1131/1660/1511
f 1140/1672/1512 1138/1686/1512 1129/1673/1512
f 1139/1530/1513 1148/1531/1513 1155/1674/1513
f 1146/1675/1514 1155/1674/1514 1154/1676/1514
f 1145/1677/1515 1154/1676/1515 1153/1678/1515
f 1153/1678/1516 1152/1985/1516 1143/1680/1516
f 1152/1681/1517 1151/1694/1517 1142/1670/1517
f 1142/1670/1518 1151/1694/1518 1150/1683/1518
f 1141/1671/1519 1150/1683/1519 1149/1684/1519
f 1140/1672/1520 1149/1684/1520 1147/1685/1520
f 1157/1533/1521 1164/1986/1521 1155/1687/1521
f 1155/1687/1522 1164/1986/1522 1163/1688/1522
f 1163/1688/1523 1162/1987/1523 1153/1690/1523
f 1153/1690/1524 1162/1987/1524 1161/1691/1524
f 1161/1693/1525 1160/1696/1525 1151/1694/1525
f 1160/1696/1526 1159/1697/1526 1150/1683/1526
f 1159/1697/1527 1158/1698/1527 1149/1684/1527
f 1158/1698/1528 1156/1711/1528 1147/1685/1528
f 1166/1534/1529 1173/1700/1529 1164/1699/1529
f 1173/1700/1530 1172/1988/1530 1163/1701/1530
f 1163/1701/1531 1172/1988/1531 1171/1702/1531
f 1162/1703/1532 1171/1702/1532 1170/1704/1532
f 1161/1706/1533 1170/1989/1533 1169/1707/1533
f 1160/1696/1534 1169/1707/1534 1168/1708/1534
f 1159/1697/1535 1168/1708/1535 1167/1709/1535
f 1158/1698/1536 1167/1709/1536 1165/1710/1536
f 1166/1535/1537 1175/1536/1537 1182/1712/1537
f 1182/1712/1538 1181/1715/1538 1172/1714/1538
f 1181/1715/1539 1180/1990/1539 1171/1716/1539
f 1171/1716/1540 1180/1990/1540 1179/1717/1540
f 1179/1719/1541 1178/1721/1541 1169/1707/1541
f 1178/1721/1542 1177/1722/1542 1168/1708/1542
f 1177/1722/1543 1176/1723/1543 1167/1709/1543
f 1176/1723/1544 1174/1735/1544 1165/1710/1544
f 1184/1537/1545 1191/1725/1545 1182/1724/1545
f 1191/1725/1546 1190/1727/1546 1181/1726/1546
f 1190/1727/1547 1189/1991/1547 1180/1728/1547
f 1180/1728/1548 1189/1991/1548 1188/1729/1548
f 1188/1731/1549 1187/1744/1549 1178/1721/1549
f 1178/1721/1550 1187/1744/1550 1186/1733/1550
f 1177/1722/1551 1186/1733/1551 1185/1734/1551
f 1185/1734/1552 1183/1749/1552 1174/1735/1552
f 1193/1539/1553 1200/1737/1553 1191/1736/1553
f 1200/1737/1554 1199/1992/1554 1190/1738/1554
f 1190/1738/1555 1199/1992/1555 1198/1739/1555
f 1189/1740/1556 1198/1739/1556 1197/1741/1556
f 1197/1743/1557 1196/1746/1557 1187/1744/1557
f 1196/1746/1558 1195/1747/1558 1186/1733/1558
f 1195/1747/1559 1194/1748/1559 1185/1734/1559
f 1194/1748/1560 1192/1762/1560 1183/1749/1560
f 1193/1540/1561 1202/1541/1561 1209/1750/1561
f 1209/1750/1562 1208/1753/1562 1199/1752/1562
f 1208/1753/1563 1207/1755/1563 1198/1754/1563
f 1207/1755/1564 1206/1993/1564 1197/1756/1564
f 1206/1757/1565 1205/1759/1565 1196/1746/1565
f 1205/1759/1566 1204/1760/1566 1195/1747/1566
f 1204/1760/1567 1203/1761/1567 1194/1748/1567
f 1203/1761/1568 1201/1774/1568 1192/1762/1568
f 1211/1542/1569 1218/1764/1569 1209/1763/1569
f 1218/1764/1570 1217/1766/1570 1208/1765/1570
f 1217/1766/1571 1216/1768/1571 1207/1767/1571
f 1216/1768/1572 1215/1994/1572 1206/1769/1572
f 1206/1770/1573 1215/1995/1573 1214/1771/1573
f 1214/1771/1574 1213/1772/1574 1204/1760/1574
f 1213/1772/1575 1212/1773/1575 1203/1761/1575
f 1212/1773/1576 1210/1787/1576 1201/1774/1576
f 1211/1543/1577 1220/1544/1577 1227/1775/1577
f 1218/1776/1578 1227/1775/1578 1226/1777/1578
f 1217/1778/1579 1226/1777/1579 1225/1779/1579
f 1225/1779/1580 1224/1996/1580 1215/1781/1580
f 1224/1782/1581 1223/1795/1581 1214/1771/1581
f 1214/1771/1582 1223/1795/1582 1222/1784/1582
f 1213/1772/1583 1222/1784/1583 1221/1785/1583
f 1212/1773/1584 1221/1785/1584 1219/1786/1584
f 1229/1546/1585 1236/1997/1585 1227/1788/1585
f 1227/1788/1586 1236/1997/1586 1235/1789/1586
f 1235/1789/1587 1234/1998/1587 1225/1791/1587
f 1225/1791/1588 1234/1998/1588 1233/1792/1588
f 1233/1794/1589 1232/1797/1589 1223/1795/1589
f 1232/1797/1590 1231/1798/1590 1222/1784/1590
f 1231/1798/1591 1230/1799/1591 1221/1785/1591
f 1230/1799/1592 1228/1812/1592 1219/1786/1592
f 1238/1548/1593 1245/1801/1593 1236/1800/1593
f 1245/1801/1594 1244/1999/1594 1235/1802/1594
f 1235/1802/1595 1244/1999/1595 1243/1803/1595
f 1234/1804/1596 1243/1803/1596 1242/1805/1596
f 1233/1807/1597 1242/2000/1597 1241/1808/1597
f 1232/1797/1598 1241/1808/1598 1240/1809/1598
f 1231/1798/1599 1240/1809/1599 1239/1810/1599
f 1230/1799/1600 1239/1810/1600 1237/1811/1600
f 1238/1549/1601 1247/1550/1601 1254/1813/1601
f 1254/1813/1602 1253/1816/1602 1244/1815/1602
f 1253/1816/1603 1252/2001/1603 1243/1817/1603
f 1243/1817/1604 1252/2001/1604 1251/1818/1604
f 1251/1820/1605 1250/1822/1605 1241/1808/1605
f 1250/1822/1606 1249/1823/1606 1240/1809/1606
f 1249/1823/1607 1248/1824/1607 1239/1810/1607
f 1248/1824/1608 1246/1836/1608 1237/1811/1608
f 1256/1551/1609 1263/1826/1609 1254/1825/1609
f 1263/1826/1610 1262/1828/1610 1253/1827/1610
f 1262/1828/1611 1261/2002/1611 1252/1829/1611
f 1252/1829/1612 1261/2002/1612 1260/1830/1612
f 1260/1832/1613 1259/1845/1613 1250/1822/1613
f 1250/1822/1614 1259/1845/1614 1258/1834/1614
f 1249/1823/1615 1258/1834/1615 1257/1835/1615
f 1257/1835/1616 1255/1850/1616 1246/1836/1616
f 1265/1553/1617 1272/1838/1617 1263/1837/1617
f 1272/1838/1618 1271/2003/1618 1262/1839/1618
f 1262/1839/1619 1271/2003/1619 1270/1840/1619
f 1261/1841/1620 1270/1840/1620 1269/1842/1620
f 1269/1844/1621 1268/1847/1621 1259/1845/1621
f 1268/1847/1622 1267/1848/1622 1258/1834/1622
f 1267/1848/1623 1266/1849/1623 1257/1835/1623
f 1266/1849/1624 1264/1863/1624 1255/1850/1624
f 1265/1554/1625 1274/1555/1625 1281/1851/1625
f 1281/1851/1626 1280/1854/1626 1271/1853/1626
f 1280/1854/1627 1279/1856/1627 1270/1855/1627
f 1279/1856/1628 1278/2004/1628 1269/1857/1628
f 1278/1858/1629 1277/1860/1629 1268/1847/1629
f 1277/1860/1630 1276/1861/1630 1267/1848/1630
f 1276/1861/1631 1275/1862/1631 1266/1849/1631
f 1275/1862/1632 1273/1875/1632 1264/1863/1632
f 1283/1556/1633 1290/1865/1633 1281/1864/1633
f 1290/1865/1634 1289/1867/1634 1280/1866/1634
f 1289/1867/1635 1288/1869/1635 1279/1868/1635
f 1288/1869/1636 1287/2005/1636 1278/1870/1636
f 1278/1871/1637 1287/2006/1637 1286/1872/1637
f 1286/1872/1638 1285/1873/1638 1276/1861/1638
f 1285/1873/1639 1284/1874/1639 1275/1862/1639
f 1284/1874/1640 1282/1888/1640 1273/1875/1640
f 1283/1557/1641 1292/1558/1641 1299/1876/1641
f 1290/1877/1642 1299/1876/1642 1298/1878/1642
f 1289/1879/1643 1298/1878/1643 1297/1880/1643
f 1297/1880/1644 1296/2007/1644 1287/1882/1644
f 1296/1883/1645 1295/1896/1645 1286/1872/1645
f 1286/1872/1646 1295/1896/1646 1294/1885/1646
f 1285/1873/1647 1294/1885/1647 1293/1886/1647
f 1284/1874/1648 1293/1886/1648 1291/1887/1648
f 1301/1560/1649 1308/2008/1649 1299/1889/1649
f 1299/1889/1650 1308/2008/1650 1307/1890/1650
f 1307/1890/1651 1306/2009/1651 1297/1892/1651
f 1297/1892/1652 1306/2009/1652 1305/1893/1652
f 1305/1895/1653 1304/1898/1653 1295/1896/1653
f 1304/1898/1654 1303/1899/1654 1294/1885/1654
f 1303/1899/1655 1302/1900/1655 1293/1886/1655
f 1302/1900/1656 1300/1913/1656 1291/1887/1656
f 1310/1562/1657 1317/1902/1657 1308/1901/1657
f 1317/1902/1658 1316/2010/1658 1307/1903/1658
f 1307/1903/1659 1316/2010/1659 1315/1904/1659
f 1306/1905/1660 1315/1904/1660 1314/1906/1660
f 1305/1908/1661 1314/2011/1661 1313/1909/1661
f 1304/1898/1662 1313/1909/1662 1312/1910/1662
f 1303/1899/1663 1312/1910/1663 1311/1911/1663
f 1302/1900/1664 1311/1911/1664 1309/1912/1664
f 1310/1563/1665 1319/1564/1665 1326/1914/1665
f 1326/1914/1666 1325/1917/1666 1316/1916/1666
f 1325/1917/1667 1324/2012/1667 1315/1918/1667
f 1315/1918/1668 1324/2012/1668 1323/1919/1668
f 1323/1921/1669 1322/1923/1669 1313/1909/1669
f 1322/1923/1670 1321/1924/1670 1312/1910/1670
f 1321/1924/1671 1320/1925/1671 1311/1911/1671
f 1320/1925/1672 1318/1937/1672 1309/1912/1672
f 1328/1565/1673 1335/1927/1673 1326/1926/1673
f 1335/1927/1674 1334/1929/1674 1325/1928/1674
f 1334/1929/1675 1333/2013/1675 1324/1930/1675
f 1324/1930/1676 1333/2013/1676 1332/1931/1676
f 1332/1933/1677 1331/1946/1677 1322/1923/1677
f 1322/1923/1678 1331/1946/1678 1330/1935/1678
f 1321/1924/1679 1330/1935/1679 1329/1936/1679
f 1329/1936/1680 1327/1951/1680 1318/1937/1680
f 1337/1566/1681 1344/1939/1681 1335/1938/1681
f 1344/1939/1682 1343/2014/1682 1334/1940/1682
f 1334/1940/1683 1343/2014/1683 1342/1941/1683
f 1333/1942/1684 1342/1941/1684 1341/1943/1684
f 1341/1945/1685 1340/1948/1685 1331/1946/1685
f 1340/1948/1686 1339/1949/1686 1330/1935/1686
f 1339/1949/1687 1338/1950/1687 1329/1936/1687
f 1338/1950/1688 1336/1964/1688 1327/1951/1688
f 1337/1567/1689 1346/1519/1689 1353/1952/1689
f 1353/1952/1690 1352/1955/1690 1343/1954/1690
f 1352/1955/1691 1351/1957/1691 1342/1956/1691
f 1351/1957/1692 1350/2015/1692 1341/1958/1692
f 1350/1959/1693 1349/1961/1693 1340/1948/1693
f 1349/1961/1694 1348/1962/1694 1339/1949/1694
f 1348/1962/1695 1347/1963/1695 1338/1950/1695
f 1347/1963/1696 1345/1973/1696 1336/1964/1696
f 1067/1521/1697 1074/1966/1697 1353/1965/1697
f 1074/1966/1698 1073/1968/1698 1352/1967/1698
f 1073/1968/1699 1072/1970/1699 1351/1969/1699
f 1072/1970/1700 1071/2016/1700 1350/1971/1700
f 1350/1972/1701 1071/2017/1701 1070/1578/1701
f 1070/1578/1702 1069/1581/1702 1348/1962/1702
f 1069/1581/1703 1068/1583/1703 1347/1963/1703
f 1068/1583/1704 1066/1585/1704 1345/1973/1704
f 1345/1973/1705 1066/1585/1705 1075/1584/1705
f 1075/1584/1705 1084/1610/1705 1093/1609/1705
f 1093/1609/1705 1102/1634/1705 1111/1648/1705
f 1111/1648/1705 1120/1661/1705 1129/1673/1705
f 1129/1673/1705 1138/1686/1705 1147/1685/1705
f 1147/1685/1705 1156/1711/1705 1165/1710/1705
f 1165/1710/1705 1174/1735/1705 1183/1749/1705
f 1183/1749/1705 1192/1762/1705 1201/1774/1705
f 1201/1774/1705 1210/1787/1705 1219/1786/1705
f 1219/1786/1705 1228/1812/1705 1237/1811/1705
f 1237/1811/1705 1246/1836/1705 1255/1850/1705
f 1255/1850/1705 1264/1863/1705 1273/1875/1705
f 1273/1875/1705 1282/1888/1705 1291/1887/1705
f 1291/1887/1705 1300/1913/1705 1309/1912/1705
f 1309/1912/1705 1318/1937/1705 1327/1951/1705
f 1327/1951/1705 1336/1964/1705 1345/1973/1705
f 1345/1973/1705 1075/1584/1705 1093/1609/1705
f 1093/1609/1705 1111/1648/1705 1129/1673/1705
f 1129/1673/1705 1147/1685/1705 1165/1710/1705
f 1165/1710/1705 1183/1749/1705 1201/1774/1705
f 1201/1774/1705 1219/1786/1705 1237/1811/1705
f 1237/1811/1705 1255/1850/1705 1273/1875/1705
f 1273/1875/1705 1291/1887/1705 1309/1912/1705
f 1309/1912/1705 1327/1951/1705 1345/1973/1705
f 1345/1973/1705 1093/1609/1705 1129/1673/1705
f 1129/1673/1705 1165/1710/1705 1201/1774/1705
f 1201/1774/1705 1237/1811/1705 1273/1875/1705
f 1273/1875/1705 1309/1912/1705 1345/1973/1705
f 1345/1973/1705 1129/1673/1705 1201/1774/1705
