# Blender 4.3.2
# www.blender.org
o Plane
v -1.000000 0.000000 1.000000
v 1.000000 0.000000 1.000000
v -1.000000 0.000000 -1.000000
v 1.000000 0.000000 -1.000000
vn -0.0000 1.0000 -0.0000
vt 1.000000 0.000000
vt 0.000000 1.000000
vt 0.000000 0.000000
vt 1.000000 1.000000
s 0
f 2/1/1 3/2/1 1/3/1
f 2/1/1 4/4/1 3/2/1
o Cube
v -1.000000 -1.000000 1.000000
v -1.000000 1.000000 1.000000
v -1.000000 -1.000000 -1.000000
v -1.000000 1.000000 -1.000000
v 1.000000 -1.000000 1.000000
v 1.000000 1.000000 1.000000
v 1.000000 -1.000000 -1.000000
v 1.000000 1.000000 -1.000000
vn -1.0000 -0.0000 -0.0000
vn -0.0000 -0.0000 -1.0000
vn 1.0000 -0.0000 -0.0000
vn -0.0000 -0.0000 1.0000
vn -0.0000 -1.0000 -0.0000
vn -0.0000 1.0000 -0.0000
vt 0.625000 0.000000
vt 0.375000 0.250000
vt 0.375000 0.000000
vt 0.625000 0.250000
vt 0.375000 0.500000
vt 0.625000 0.500000
vt 0.375000 0.750000
vt 0.625000 0.750000
vt 0.375000 1.000000
vt 0.125000 0.750000
vt 0.125000 0.500000
vt 0.875000 0.500000
vt 0.625000 1.000000
vt 0.875000 0.750000
s 0
f 6/5/2 7/6/2 5/7/2
f 8/8/3 11/9/3 7/6/3
f 12/10/4 9/11/4 11/9/4
f 10/12/5 5/13/5 9/11/5
f 11/9/6 5/14/6 7/15/6
f 8/16/7 10/12/7 12/10/7
f 6/5/2 8/8/2 7/6/2
f 8/8/3 12/10/3 11/9/3
f 12/10/4 10/12/4 9/11/4
f 10/12/5 6/17/5 5/13/5
f 11/9/6 9/11/6 5/14/6
f 8/16/7 6/18/7 10/12/7
o Circle
v 0.000000 0.000000 -1.000000
v -0.195090 0.000000 -0.980785
v -0.382683 0.000000 -0.923880
v -0.555570 0.000000 -0.831470
v -0.707107 0.000000 -0.707107
v -0.831470 0.000000 -0.555570
v -0.923880 0.000000 -0.382683
v -0.980785 0.000000 -0.195090
v -1.000000 0.000000 0.000000
v -0.980785 0.000000 0.195090
v -0.923880 0.000000 0.382683
v -0.831470 0.000000 0.555570
v -0.707107 0.000000 0.707107
v -0.555570 0.000000 0.831470
v -0.382683 0.000000 0.923880
v -0.195090 0.000000 0.980785
v 0.000000 0.000000 1.000000
v 0.195090 0.000000 0.980785
v 0.382683 0.000000 0.923880
v 0.555570 0.000000 0.831470
v 0.707107 0.000000 0.707107
v 0.831470 0.000000 0.555570
v 0.923880 0.000000 0.382683
v 0.980785 0.000000 0.195090
v 1.000000 0.000000 0.000000
v 0.980785 0.000000 -0.195090
v 0.923880 0.000000 -0.382683
v 0.831470 0.000000 -0.555570
v 0.707107 0.000000 -0.707107
v 0.555570 0.000000 -0.831470
v 0.382683 0.000000 -0.923880
v 0.195090 0.000000 -0.980785
l 14 13
l 15 14
l 16 15
l 17 16
l 18 17
l 19 18
l 20 19
l 21 20
l 22 21
l 23 22
l 24 23
l 25 24
l 26 25
l 27 26
l 28 27
l 29 28
l 30 29
l 31 30
l 32 31
l 33 32
l 34 33
l 35 34
l 36 35
l 37 36
l 38 37
l 39 38
l 40 39
l 41 40
l 42 41
l 43 42
l 44 43
l 13 44
o Sphere
v 0.000000 0.831470 -0.555570
v 0.000000 0.555570 -0.831470
v 0.000000 0.195090 -0.980785
v 0.000000 0.000000 -1.000000
v 0.000000 -0.195090 -0.980785
v 0.000000 -0.555570 -0.831470
v 0.038060 0.980785 -0.191342
v 0.074658 0.923880 -0.375330
v 0.108386 0.831470 -0.544895
v 0.137950 0.707107 -0.693520
v 0.162212 0.555570 -0.815493
v 0.180240 0.382683 -0.906127
v 0.191342 0.195090 -0.961940
v 0.195090 0.000000 -0.980785
v 0.191342 -0.195090 -0.961940
v 0.180240 -0.382683 -0.906127
v 0.162212 -0.555570 -0.815493
v 0.137950 -0.707107 -0.693520
v 0.108386 -0.831470 -0.544895
v 0.074658 -0.923880 -0.375330
v 0.038060 -0.980785 -0.191342
v 0.074658 0.980785 -0.180240
v 0.146447 0.923880 -0.353553
v 0.212608 0.831470 -0.513280
v 0.270598 0.707107 -0.653281
v 0.318190 0.555570 -0.768178
v 0.353553 0.382683 -0.853553
v 0.375330 0.195090 -0.906127
v 0.382683 0.000000 -0.923879
v 0.375330 -0.195090 -0.906127
v 0.353553 -0.382683 -0.853553
v 0.318190 -0.555570 -0.768178
v 0.270598 -0.707107 -0.653281
v 0.212608 -0.831470 -0.513280
v 0.146447 -0.923880 -0.353553
v 0.074658 -0.980785 -0.180240
v 0.108386 0.980785 -0.162212
v 0.212608 0.923880 -0.318190
v 0.308658 0.831470 -0.461940
v 0.392847 0.707107 -0.587938
v 0.461940 0.555570 -0.691342
v 0.513280 0.382683 -0.768178
v 0.544895 0.195090 -0.815493
v 0.555570 0.000000 -0.831469
v 0.544895 -0.195090 -0.815493
v 0.513280 -0.382683 -0.768178
v 0.461940 -0.555570 -0.691342
v 0.392847 -0.707107 -0.587938
v 0.308658 -0.831470 -0.461940
v 0.212608 -0.923880 -0.318190
v 0.108386 -0.980785 -0.162212
v 0.137950 0.980785 -0.137950
v 0.270598 0.923880 -0.270598
v 0.392847 0.831470 -0.392847
v 0.500000 0.707107 -0.500000
v 0.587938 0.555570 -0.587938
v 0.653281 0.382683 -0.653281
v 0.693520 0.195090 -0.693520
v 0.707107 0.000000 -0.707107
v 0.693520 -0.195090 -0.693520
v 0.653281 -0.382683 -0.653281
v 0.587938 -0.555570 -0.587938
v 0.500000 -0.707107 -0.500000
v 0.392847 -0.831470 -0.392847
v 0.270598 -0.923880 -0.270598
v 0.137950 -0.980785 -0.137950
v 0.162212 0.980785 -0.108386
v 0.318190 0.923880 -0.212608
v 0.461940 0.831470 -0.308658
v 0.587938 0.707107 -0.392847
v 0.691342 0.555570 -0.461940
v 0.768178 0.382683 -0.513280
v 0.815493 0.195090 -0.544895
v 0.831470 0.000000 -0.555570
v 0.815493 -0.195090 -0.544895
v 0.768178 -0.382683 -0.513280
v 0.691342 -0.555570 -0.461940
v 0.587938 -0.707107 -0.392847
v 0.461940 -0.831470 -0.308658
v 0.318190 -0.923880 -0.212608
v 0.162212 -0.980785 -0.108386
v 0.000000 1.000000 0.000000
v 0.180240 0.980785 -0.074658
v 0.353553 0.923880 -0.146447
v 0.513280 0.831470 -0.212607
v 0.653281 0.707107 -0.270598
v 0.768178 0.555570 -0.318190
v 0.853553 0.382683 -0.353553
v 0.906127 0.195090 -0.375330
v 0.923879 0.000000 -0.382683
v 0.906127 -0.195090 -0.375330
v 0.853553 -0.382683 -0.353553
v 0.768178 -0.555570 -0.318190
v 0.653281 -0.707107 -0.270598
v 0.513280 -0.831470 -0.212607
v 0.353553 -0.923880 -0.146447
v 0.180240 -0.980785 -0.074658
v 0.191342 0.980785 -0.038060
v 0.375330 0.923880 -0.074658
v 0.544895 0.831470 -0.108386
v 0.693520 0.707107 -0.137950
v 0.815493 0.555570 -0.162212
v 0.906127 0.382683 -0.180240
v 0.961940 0.195090 -0.191342
v 0.980785 0.000000 -0.195090
v 0.961940 -0.195090 -0.191342
v 0.906127 -0.382683 -0.180240
v 0.815493 -0.555570 -0.162212
v 0.693520 -0.707107 -0.137950
v 0.544895 -0.831470 -0.108386
v 0.375330 -0.923880 -0.074658
v 0.191342 -0.980785 -0.038060
v 0.195090 0.980785 0.000000
v 0.382683 0.923880 0.000000
v 0.555570 0.831470 0.000000
v 0.707107 0.707107 -0.000000
v 0.831469 0.555570 0.000000
v 0.923879 0.382683 -0.000000
v 0.980785 0.195090 0.000000
v 1.000000 0.000000 0.000000
v 0.980785 -0.195090 0.000000
v 0.923879 -0.382683 -0.000000
v 0.831469 -0.555570 0.000000
v 0.707107 -0.707107 -0.000000
v 0.555570 -0.831470 0.000000
v 0.382683 -0.923880 0.000000
v 0.195090 -0.980785 0.000000
v 0.191342 0.980785 0.038060
v 0.375330 0.923880 0.074658
v 0.544895 0.831470 0.108386
v 0.693520 0.707107 0.137950
v 0.815493 0.555570 0.162212
v 0.906127 0.382683 0.180240
v 0.961940 0.195090 0.191342
v 0.980785 0.000000 0.195090
v 0.961940 -0.195090 0.191342
v 0.906127 -0.382683 0.180240
v 0.815493 -0.555570 0.162212
v 0.693520 -0.707107 0.137950
v 0.544895 -0.831470 0.108386
v 0.375330 -0.923880 0.074658
v 0.191342 -0.980785 0.038060
v 0.180240 0.980785 0.074658
v 0.353553 0.923880 0.146447
v 0.513280 0.831470 0.212608
v 0.653281 0.707107 0.270598
v 0.768178 0.555570 0.318190
v 0.853553 0.382683 0.353553
v 0.906127 0.195090 0.375330
v 0.923879 0.000000 0.382683
v 0.906127 -0.195090 0.375330
v 0.853553 -0.382683 0.353553
v 0.768178 -0.555570 0.318190
v 0.653281 -0.707107 0.270598
v 0.513280 -0.831470 0.212608
v 0.353553 -0.923880 0.146447
v 0.180240 -0.980785 0.074658
v 0.162212 0.980785 0.108386
v 0.318190 0.923880 0.212608
v 0.461940 0.831470 0.308658
v 0.587938 0.707107 0.392847
v 0.691341 0.555570 0.461940
v 0.768178 0.382683 0.513280
v 0.815493 0.195090 0.544895
v 0.831469 0.000000 0.555570
v 0.815493 -0.195090 0.544895
v 0.768178 -0.382683 0.513280
v 0.691341 -0.555570 0.461940
v 0.587938 -0.707107 0.392847
v 0.461940 -0.831470 0.308658
v 0.318190 -0.923880 0.212608
v 0.162212 -0.980785 0.108386
v 0.137950 0.980785 0.137950
v 0.270598 0.923880 0.270598
v 0.392847 0.831470 0.392847
v 0.500000 0.707107 0.500000
v 0.587938 0.555570 0.587938
v 0.653281 0.382683 0.653281
v 0.693520 0.195090 0.693520
v 0.707106 0.000000 0.707107
v 0.693520 -0.195090 0.693520
v 0.653281 -0.382683 0.653281
v 0.587938 -0.555570 0.587938
v 0.500000 -0.707107 0.500000
v 0.392847 -0.831470 0.392847
v 0.270598 -0.923880 0.270598
v 0.137950 -0.980785 0.137950
v 0.108386 0.980785 0.162212
v 0.212607 0.923880 0.318190
v 0.308658 0.831470 0.461940
v 0.392847 0.707107 0.587938
v 0.461940 0.555570 0.691342
v 0.513280 0.382683 0.768178
v 0.544895 0.195090 0.815493
v 0.555570 0.000000 0.831469
v 0.544895 -0.195090 0.815493
v 0.513280 -0.382683 0.768178
v 0.461940 -0.555570 0.691342
v 0.392847 -0.707107 0.587938
v 0.308658 -0.831470 0.461940
v 0.212607 -0.923880 0.318190
v 0.108386 -0.980785 0.162212
v 0.074658 0.980785 0.180240
v 0.146447 0.923880 0.353553
v 0.212607 0.831470 0.513280
v 0.270598 0.707107 0.653281
v 0.318189 0.555570 0.768178
v 0.353553 0.382683 0.853553
v 0.375330 0.195090 0.906127
v 0.382683 0.000000 0.923879
v 0.375330 -0.195090 0.906127
v 0.353553 -0.382683 0.853553
v 0.318189 -0.555570 0.768178
v 0.270598 -0.707107 0.653281
v 0.212607 -0.831470 0.513280
v 0.146447 -0.923880 0.353553
v 0.074658 -0.980785 0.180240
v 0.038060 0.980785 0.191342
v 0.074658 0.923880 0.375330
v 0.108386 0.831470 0.544895
v 0.137950 0.707107 0.693520
v 0.162212 0.555570 0.815493
v 0.180240 0.382683 0.906127
v 0.191342 0.195090 0.961939
v 0.195090 0.000000 0.980785
v 0.191342 -0.195090 0.961939
v 0.180240 -0.382683 0.906127
v 0.162212 -0.555570 0.815493
v 0.137950 -0.707107 0.693520
v 0.108386 -0.831470 0.544895
v 0.074658 -0.923880 0.375330
v 0.038060 -0.980785 0.191342
v -0.000000 0.980785 0.195090
v -0.000000 0.923880 0.382683
v -0.000000 0.831470 0.555570
v -0.000000 0.707107 0.707107
v -0.000000 0.555570 0.831469
v 0.000000 0.382683 0.923879
v -0.000000 0.195090 0.980785
v -0.000000 0.000000 0.999999
v -0.000000 -0.195090 0.980785
v 0.000000 -0.382683 0.923879
v -0.000000 -0.555570 0.831469
v -0.000000 -0.707107 0.707107
v -0.000000 -0.831470 0.555570
v -0.000000 -0.923880 0.382683
v -0.000000 -0.980785 0.195090
v -0.038060 0.980785 0.191342
v -0.074658 0.923880 0.375330
v -0.108386 0.831470 0.544895
v -0.137950 0.707107 0.693520
v -0.162212 0.555570 0.815493
v -0.180240 0.382683 0.906127
v -0.191342 0.195090 0.961939
v -0.195091 0.000000 0.980785
v -0.191342 -0.195090 0.961939
v -0.180240 -0.382683 0.906127
v -0.162212 -0.555570 0.815493
v -0.137950 -0.707107 0.693520
v -0.108386 -0.831470 0.544895
v -0.074658 -0.923880 0.375330
v -0.038060 -0.980785 0.191342
v -0.074658 0.980785 0.180240
v -0.146447 0.923880 0.353553
v -0.212608 0.831470 0.513280
v -0.270598 0.707107 0.653281
v -0.318190 0.555570 0.768177
v -0.353553 0.382683 0.853553
v -0.375330 0.195090 0.906127
v -0.382683 0.000000 0.923879
v -0.375330 -0.195090 0.906127
v -0.353553 -0.382683 0.853553
v -0.318190 -0.555570 0.768177
v -0.270598 -0.707107 0.653281
v -0.212608 -0.831470 0.513280
v -0.146447 -0.923880 0.353553
v -0.074658 -0.980785 0.180240
v -0.108386 0.980785 0.162212
v -0.212608 0.923880 0.318190
v -0.308658 0.831470 0.461939
v -0.392847 0.707107 0.587938
v -0.461940 0.555570 0.691341
v -0.513280 0.382683 0.768178
v -0.544895 0.195090 0.815493
v -0.555570 0.000000 0.831469
v -0.544895 -0.195090 0.815493
v -0.513280 -0.382683 0.768178
v -0.461940 -0.555570 0.691341
v -0.392847 -0.707107 0.587938
v -0.308658 -0.831470 0.461939
v -0.212608 -0.923880 0.318190
v -0.108386 -0.980785 0.162212
v -0.137950 0.980785 0.137950
v -0.270598 0.923880 0.270598
v -0.392847 0.831470 0.392847
v -0.500000 0.707107 0.500000
v -0.587938 0.555570 0.587937
v -0.653281 0.382683 0.653281
v -0.693520 0.195090 0.693520
v -0.707106 0.000000 0.707106
v -0.693520 -0.195090 0.693520
v -0.653281 -0.382683 0.653281
v -0.587938 -0.555570 0.587937
v -0.500000 -0.707107 0.500000
v -0.392847 -0.831470 0.392847
v -0.270598 -0.923880 0.270598
v -0.137950 -0.980785 0.137950
v 0.000000 -1.000000 0.000000
v -0.162212 0.980785 0.108386
v -0.318190 0.923880 0.212607
v -0.461940 0.831470 0.308658
v -0.587938 0.707107 0.392847
v -0.691341 0.555570 0.461939
v -0.768177 0.382683 0.513280
v -0.815493 0.195090 0.544895
v -0.831469 0.000000 0.555569
v -0.815493 -0.195090 0.544895
v -0.768177 -0.382683 0.513280
v -0.691341 -0.555570 0.461939
v -0.587938 -0.707107 0.392847
v -0.461940 -0.831470 0.308658
v -0.318190 -0.923880 0.212607
v -0.162212 -0.980785 0.108386
v -0.180240 0.980785 0.074658
v -0.353553 0.923880 0.146447
v -0.513280 0.831470 0.212607
v -0.653281 0.707107 0.270598
v -0.768177 0.555570 0.318189
v -0.853553 0.382683 0.353553
v -0.906127 0.195090 0.375330
v -0.923879 0.000000 0.382683
v -0.906127 -0.195090 0.375330
v -0.853553 -0.382683 0.353553
v -0.768177 -0.555570 0.318189
v -0.653281 -0.707107 0.270598
v -0.513280 -0.831470 0.212607
v -0.353553 -0.923880 0.146447
v -0.180240 -0.980785 0.074658
v -0.191342 0.980785 0.038060
v -0.375330 0.923880 0.074658
v -0.544895 0.831470 0.108386
v -0.693520 0.707107 0.137950
v -0.815493 0.555570 0.162211
v -0.906127 0.382683 0.180240
v -0.961939 0.195090 0.191341
v -0.980784 0.000000 0.195090
v -0.961939 -0.195090 0.191341
v -0.906127 -0.382683 0.180240
v -0.815493 -0.555570 0.162211
v -0.693520 -0.707107 0.137950
v -0.544895 -0.831470 0.108386
v -0.375330 -0.923880 0.074658
v -0.191342 -0.980785 0.038060
v -0.195090 0.980785 -0.000000
v -0.382683 0.923880 -0.000000
v -0.555570 0.831470 -0.000000
v -0.707107 0.707107 -0.000000
v -0.831469 0.555570 -0.000000
v -0.923879 0.382683 -0.000000
v -0.980785 0.195090 -0.000000
v -0.999999 0.000000 -0.000000
v -0.980785 -0.195090 -0.000000
v -0.923879 -0.382683 -0.000000
v -0.831469 -0.555570 -0.000000
v -0.707107 -0.707107 -0.000000
v -0.555570 -0.831470 -0.000000
v -0.382683 -0.923880 -0.000000
v -0.195090 -0.980785 -0.000000
v -0.191342 0.980785 -0.038060
v -0.375330 0.923880 -0.074658
v -0.544895 0.831470 -0.108386
v -0.693520 0.707107 -0.137950
v -0.815493 0.555570 -0.162212
v -0.906127 0.382683 -0.180240
v -0.961939 0.195090 -0.191342
v -0.980784 0.000000 -0.195091
v -0.961939 -0.195090 -0.191342
v -0.906127 -0.382683 -0.180240
v -0.815493 -0.555570 -0.162212
v -0.693520 -0.707107 -0.137950
v -0.544895 -0.831470 -0.108386
v -0.375330 -0.923880 -0.074658
v -0.191342 -0.980785 -0.038060
v -0.180240 0.980785 -0.074658
v -0.353553 0.923880 -0.146447
v -0.513279 0.831470 -0.212607
v -0.653281 0.707107 -0.270598
v -0.768177 0.555570 -0.318190
v -0.853553 0.382683 -0.353553
v -0.906127 0.195090 -0.375330
v -0.923878 0.000000 -0.382683
v -0.906127 -0.195090 -0.375330
v -0.853553 -0.382683 -0.353553
v -0.768177 -0.555570 -0.318190
v -0.653281 -0.707107 -0.270598
v -0.513279 -0.831470 -0.212607
v -0.353553 -0.923880 -0.146447
v -0.180240 -0.980785 -0.074658
v -0.162212 0.980785 -0.108386
v -0.318189 0.923880 -0.212607
v -0.461939 0.831470 -0.308658
v -0.587938 0.707107 -0.392847
v -0.691341 0.555570 -0.461940
v -0.768177 0.382683 -0.513280
v -0.815493 0.195090 -0.544895
v -0.831468 0.000000 -0.555570
v -0.815493 -0.195090 -0.544895
v -0.768177 -0.382683 -0.513280
v -0.691341 -0.555570 -0.461940
v -0.587938 -0.707107 -0.392847
v -0.461939 -0.831470 -0.308658
v -0.318189 -0.923880 -0.212607
v -0.162212 -0.980785 -0.108386
v -0.137950 0.980785 -0.137950
v -0.270598 0.923880 -0.270598
v -0.392847 0.831470 -0.392847
v -0.500000 0.707107 -0.500000
v -0.587937 0.555570 -0.587938
v -0.653281 0.382683 -0.653281
v -0.693519 0.195090 -0.693520
v -0.707106 0.000000 -0.707106
v -0.693519 -0.195090 -0.693520
v -0.653281 -0.382683 -0.653281
v -0.587937 -0.555570 -0.587938
v -0.500000 -0.707107 -0.500000
v -0.392847 -0.831470 -0.392847
v -0.270598 -0.923880 -0.270598
v -0.137950 -0.980785 -0.137950
v -0.108386 0.980785 -0.162212
v -0.212607 0.923880 -0.318190
v -0.308658 0.831470 -0.461939
v -0.392847 0.707107 -0.587938
v -0.461939 0.555570 -0.691341
v -0.513280 0.382683 -0.768177
v -0.544895 0.195090 -0.815493
v -0.555569 0.000000 -0.831469
v -0.544895 -0.195090 -0.815493
v -0.513280 -0.382683 -0.768177
v -0.461939 -0.555570 -0.691341
v -0.392847 -0.707107 -0.587938
v -0.308658 -0.831470 -0.461939
v -0.212607 -0.923880 -0.318190
v -0.108386 -0.980785 -0.162212
v -0.074658 0.980785 -0.180240
v -0.146446 0.923880 -0.353553
v -0.212607 0.831470 -0.513279
v -0.270598 0.707107 -0.653281
v -0.318189 0.555570 -0.768177
v -0.353553 0.382683 -0.853553
v -0.375330 0.195090 -0.906127
v -0.382683 0.000000 -0.923879
v -0.375330 -0.195090 -0.906127
v -0.353553 -0.382683 -0.853553
v -0.318189 -0.555570 -0.768177
v -0.270598 -0.707107 -0.653281
v -0.212607 -0.831470 -0.513279
v -0.146446 -0.923880 -0.353553
v -0.074658 -0.980785 -0.180240
v -0.038060 0.980785 -0.191342
v -0.074658 0.923880 -0.375330
v -0.108386 0.831470 -0.544895
v -0.137950 0.707107 -0.693520
v -0.162211 0.555570 -0.815493
v -0.180240 0.382683 -0.906127
v -0.191341 0.195090 -0.961939
v -0.195090 0.000000 -0.980784
v -0.191341 -0.195090 -0.961939
v -0.180240 -0.382683 -0.906127
v -0.162211 -0.555570 -0.815493
v -0.137950 -0.707107 -0.693520
v -0.108386 -0.831470 -0.544895
v -0.074658 -0.923880 -0.375330
v -0.038060 -0.980785 -0.191342
v 0.000000 0.980785 -0.195090
v 0.000000 0.923880 -0.382683
v 0.000000 0.707107 -0.707107
v 0.000000 0.382683 -0.923879
v 0.000000 -0.382683 -0.923879
v 0.000000 -0.707107 -0.707107
v 0.000000 -0.831470 -0.555570
v 0.000000 -0.923880 -0.382683
v 0.000000 -0.980785 -0.195090
vn 0.0938 0.2890 -0.9527
vn 0.0286 -0.9565 -0.2902
vn 0.0975 0.0975 -0.9904
vn 0.0097 0.9951 -0.0980
vn 0.0097 -0.9951 -0.0980
vn 0.0975 -0.0976 -0.9904
vn 0.0286 0.9565 -0.2902
vn 0.0938 -0.2890 -0.9527
vn 0.0464 0.8810 -0.4709
vn 0.0865 -0.4696 -0.8786
vn 0.0624 0.7715 -0.6332
vn 0.0759 -0.6326 -0.7708
vn 0.0759 0.6326 -0.7708
vn 0.0624 -0.7715 -0.6332
vn 0.0865 0.4696 -0.8786
vn 0.0464 -0.8810 -0.4709
vn 0.1847 -0.7715 -0.6088
vn 0.2563 0.4696 -0.8448
vn 0.1374 -0.8810 -0.4528
vn 0.2779 0.2890 -0.9161
vn 0.0846 -0.9565 -0.2790
vn 0.2889 0.0976 -0.9524
vn 0.0286 0.9951 -0.0942
vn 0.0286 -0.9951 -0.0942
vn 0.2889 -0.0976 -0.9524
vn 0.0846 0.9565 -0.2790
vn 0.2779 -0.2890 -0.9161
vn 0.1374 0.8810 -0.4528
vn 0.2563 -0.4696 -0.8448
vn 0.1847 0.7715 -0.6088
vn 0.2248 -0.6326 -0.7412
vn 0.2248 0.6326 -0.7412
vn 0.4513 -0.2890 -0.8443
vn 0.2231 0.8810 -0.4173
vn 0.4162 -0.4696 -0.7786
vn 0.2999 0.7715 -0.5611
vn 0.3651 -0.6326 -0.6831
vn 0.3651 0.6326 -0.6831
vn 0.2999 -0.7715 -0.5611
vn 0.4162 0.4696 -0.7786
vn 0.2230 -0.8810 -0.4173
vn 0.4513 0.2890 -0.8443
vn 0.1374 -0.9565 -0.2571
vn 0.4691 0.0975 -0.8777
vn 0.0464 0.9951 -0.0869
vn 0.0464 -0.9951 -0.0869
vn 0.4691 -0.0975 -0.8777
vn 0.1374 0.9565 -0.2571
vn 0.3002 -0.8810 -0.3658
vn 0.6073 0.2890 -0.7400
vn 0.1850 -0.9565 -0.2254
vn 0.6314 0.0975 -0.7693
vn 0.0625 0.9951 -0.0761
vn 0.0625 -0.9951 -0.0761
vn 0.6314 -0.0975 -0.7693
vn 0.1850 0.9565 -0.2254
vn 0.6073 -0.2890 -0.7400
vn 0.3002 0.8810 -0.3658
vn 0.5601 -0.4696 -0.6825
vn 0.4036 0.7715 -0.4918
vn 0.4913 -0.6326 -0.5987
vn 0.4913 0.6326 -0.5987
vn 0.4036 -0.7715 -0.4918
vn 0.5601 0.4696 -0.6825
vn 0.3658 0.8810 -0.3002
vn 0.6825 -0.4696 -0.5601
vn 0.4918 0.7715 -0.4036
vn 0.5987 -0.6326 -0.4913
vn 0.5987 0.6326 -0.4913
vn 0.4918 -0.7715 -0.4036
vn 0.6825 0.4696 -0.5601
vn 0.3658 -0.8810 -0.3002
vn 0.7400 0.2890 -0.6073
vn 0.2254 -0.9566 -0.1850
vn 0.7693 0.0975 -0.6314
vn 0.0761 0.9951 -0.0625
vn 0.0761 -0.9951 -0.0625
vn 0.7693 -0.0975 -0.6314
vn 0.2254 0.9565 -0.1850
vn 0.7400 -0.2890 -0.6073
vn 0.8443 0.2890 -0.4513
vn 0.2571 -0.9565 -0.1374
vn 0.8777 0.0975 -0.4691
vn 0.0869 0.9951 -0.0464
vn 0.0869 -0.9951 -0.0464
vn 0.8777 -0.0975 -0.4691
vn 0.2571 0.9565 -0.1374
vn 0.8443 -0.2890 -0.4513
vn 0.4173 0.8810 -0.2230
vn 0.7786 -0.4696 -0.4162
vn 0.5611 0.7715 -0.2999
vn 0.6831 -0.6326 -0.3651
vn 0.6831 0.6326 -0.3651
vn 0.5611 -0.7715 -0.2999
vn 0.7786 0.4696 -0.4162
vn 0.4173 -0.8810 -0.2230
vn 0.8448 -0.4696 -0.2563
vn 0.6088 0.7715 -0.1847
vn 0.7412 -0.6326 -0.2248
vn 0.7412 0.6326 -0.2248
vn 0.6088 -0.7715 -0.1847
vn 0.8448 0.4696 -0.2563
vn 0.4528 -0.8810 -0.1374
vn 0.9161 0.2890 -0.2779
vn 0.2790 -0.9565 -0.0846
vn 0.9524 0.0975 -0.2889
vn 0.0942 0.9951 -0.0286
vn 0.0942 -0.9951 -0.0286
vn 0.9524 -0.0975 -0.2889
vn 0.2790 0.9565 -0.0846
vn 0.9161 -0.2890 -0.2779
vn 0.4528 0.8810 -0.1374
vn 0.2902 -0.9565 -0.0286
vn 0.9904 0.0975 -0.0975
vn 0.0980 0.9951 -0.0097
vn 0.0980 -0.9951 -0.0097
vn 0.9904 -0.0975 -0.0975
vn 0.2902 0.9565 -0.0286
vn 0.9527 -0.2890 -0.0938
vn 0.4709 0.8810 -0.0464
vn 0.8786 -0.4696 -0.0865
vn 0.6332 0.7715 -0.0624
vn 0.7708 -0.6326 -0.0759
vn 0.7708 0.6326 -0.0759
vn 0.6332 -0.7715 -0.0624
vn 0.8786 0.4696 -0.0865
vn 0.4709 -0.8810 -0.0464
vn 0.9527 0.2890 -0.0938
vn 0.6332 0.7715 0.0624
vn 0.7708 -0.6326 0.0759
vn 0.7708 0.6326 0.0759
vn 0.6332 -0.7715 0.0624
vn 0.8786 0.4696 0.0865
vn 0.4709 -0.8810 0.0464
vn 0.9527 0.2890 0.0938
vn 0.2902 -0.9565 0.0286
vn 0.9904 0.0975 0.0976
vn 0.0980 0.9951 0.0097
vn 0.0980 -0.9951 0.0097
vn 0.9904 -0.0975 0.0976
vn 0.2902 0.9565 0.0286
vn 0.9527 -0.2890 0.0938
vn 0.4709 0.8810 0.0464
vn 0.8786 -0.4696 0.0865
vn 0.9524 0.0975 0.2889
vn 0.0942 0.9951 0.0286
vn 0.0942 -0.9951 0.0286
vn 0.9524 -0.0975 0.2889
vn 0.2790 0.9565 0.0846
vn 0.9161 -0.2890 0.2779
vn 0.4528 0.8810 0.1374
vn 0.8448 -0.4696 0.2563
vn 0.6088 0.7715 0.1847
vn 0.7412 -0.6326 0.2248
vn 0.7412 0.6326 0.2248
vn 0.6088 -0.7715 0.1847
vn 0.8448 0.4696 0.2563
vn 0.4528 -0.8810 0.1374
vn 0.9161 0.2890 0.2779
vn 0.2790 -0.9565 0.0846
vn 0.6831 -0.6326 0.3651
vn 0.6831 0.6326 0.3651
vn 0.5611 -0.7715 0.2999
vn 0.7786 0.4696 0.4162
vn 0.4173 -0.8810 0.2230
vn 0.8443 0.2890 0.4513
vn 0.2571 -0.9565 0.1374
vn 0.8777 0.0975 0.4691
vn 0.0869 0.9951 0.0464
vn 0.0869 -0.9951 0.0464
vn 0.8777 -0.0975 0.4691
vn 0.2571 0.9565 0.1374
vn 0.8443 -0.2890 0.4513
vn 0.4173 0.8810 0.2231
vn 0.7786 -0.4696 0.4162
vn 0.5611 0.7715 0.2999
vn 0.0761 -0.9951 0.0625
vn 0.7693 -0.0975 0.6314
vn 0.2254 0.9565 0.1850
vn 0.7400 -0.2890 0.6073
vn 0.3658 0.8810 0.3002
vn 0.6825 -0.4696 0.5601
vn 0.4918 0.7715 0.4036
vn 0.5987 -0.6326 0.4913
vn 0.5987 0.6326 0.4913
vn 0.4918 -0.7715 0.4036
vn 0.6825 0.4696 0.5601
vn 0.3658 -0.8810 0.3002
vn 0.7400 0.2890 0.6073
vn 0.2254 -0.9565 0.1850
vn 0.7693 0.0975 0.6314
vn 0.0761 0.9951 0.0625
vn 0.4036 -0.7715 0.4918
vn 0.5601 0.4696 0.6825
vn 0.3002 -0.8810 0.3658
vn 0.6073 0.2890 0.7400
vn 0.1850 -0.9565 0.2254
vn 0.6314 0.0975 0.7693
vn 0.0625 0.9951 0.0761
vn 0.0625 -0.9951 0.0761
vn 0.6314 -0.0975 0.7693
vn 0.1850 0.9565 0.2254
vn 0.6073 -0.2890 0.7400
vn 0.3002 0.8810 0.3658
vn 0.5601 -0.4696 0.6825
vn 0.4036 0.7715 0.4918
vn 0.4913 -0.6326 0.5987
vn 0.4913 0.6326 0.5987
vn 0.1374 0.9565 0.2571
vn 0.4513 -0.2890 0.8443
vn 0.2230 0.8810 0.4173
vn 0.4162 -0.4696 0.7786
vn 0.2999 0.7715 0.5611
vn 0.3651 -0.6326 0.6831
vn 0.3651 0.6326 0.6831
vn 0.2999 -0.7715 0.5611
vn 0.4162 0.4696 0.7786
vn 0.2230 -0.8810 0.4173
vn 0.4513 0.2890 0.8443
vn 0.1374 -0.9565 0.2571
vn 0.4691 0.0975 0.8777
vn 0.0464 0.9951 0.0869
vn 0.0464 -0.9951 0.0869
vn 0.4691 -0.0975 0.8777
vn 0.2563 0.4696 0.8448
vn 0.1374 -0.8810 0.4528
vn 0.2779 0.2890 0.9161
vn 0.0846 -0.9565 0.2790
vn 0.2889 0.0975 0.9524
vn 0.0286 0.9951 0.0942
vn 0.0286 -0.9951 0.0942
vn 0.2889 -0.0975 0.9524
vn 0.0846 0.9565 0.2790
vn 0.2779 -0.2890 0.9161
vn 0.1374 0.8810 0.4528
vn 0.2563 -0.4696 0.8448
vn 0.1847 0.7715 0.6088
vn 0.2248 -0.6326 0.7412
vn 0.2248 0.6326 0.7412
vn 0.1847 -0.7715 0.6088
vn 0.0938 -0.2890 0.9527
vn 0.0464 0.8810 0.4709
vn 0.0865 -0.4696 0.8786
vn 0.0624 0.7715 0.6332
vn 0.0759 -0.6326 0.7708
vn 0.0759 0.6326 0.7708
vn 0.0624 -0.7715 0.6332
vn 0.0865 0.4696 0.8786
vn 0.0464 -0.8810 0.4709
vn 0.0938 0.2890 0.9527
vn 0.0286 -0.9565 0.2902
vn 0.0975 0.0975 0.9904
vn 0.0097 0.9951 0.0980
vn 0.0097 -0.9951 0.0980
vn 0.0975 -0.0975 0.9904
vn 0.0286 0.9565 0.2902
vn -0.0464 -0.8810 0.4709
vn -0.0938 0.2890 0.9527
vn -0.0286 -0.9565 0.2902
vn -0.0976 0.0975 0.9904
vn -0.0097 0.9951 0.0980
vn -0.0097 -0.9951 0.0980
vn -0.0975 -0.0975 0.9904
vn -0.0286 0.9565 0.2902
vn -0.0938 -0.2890 0.9527
vn -0.0464 0.8810 0.4709
vn -0.0865 -0.4696 0.8786
vn -0.0624 0.7715 0.6332
vn -0.0759 -0.6326 0.7708
vn -0.0759 0.6326 0.7708
vn -0.0624 -0.7715 0.6332
vn -0.0865 0.4696 0.8786
vn -0.1374 0.8810 0.4528
vn -0.2563 -0.4696 0.8448
vn -0.1847 0.7715 0.6088
vn -0.2248 -0.6326 0.7412
vn -0.2248 0.6326 0.7412
vn -0.1847 -0.7715 0.6088
vn -0.2563 0.4696 0.8448
vn -0.1374 -0.8810 0.4528
vn -0.2779 0.2890 0.9161
vn -0.0846 -0.9565 0.2790
vn -0.2889 0.0975 0.9524
vn -0.0286 0.9951 0.0942
vn -0.0286 -0.9951 0.0942
vn -0.2889 -0.0975 0.9524
vn -0.0846 0.9565 0.2790
vn -0.2779 -0.2890 0.9161
vn -0.4513 0.2890 0.8443
vn -0.1374 -0.9565 0.2571
vn -0.4691 0.0975 0.8777
vn -0.0464 0.9951 0.0869
vn -0.0464 -0.9951 0.0869
vn -0.4691 -0.0975 0.8777
vn -0.1374 0.9565 0.2571
vn -0.4513 -0.2890 0.8443
vn -0.2230 0.8810 0.4173
vn -0.4162 -0.4696 0.7786
vn -0.2999 0.7715 0.5611
vn -0.3651 -0.6326 0.6831
vn -0.3651 0.6326 0.6831
vn -0.2999 -0.7715 0.5611
vn -0.4162 0.4696 0.7786
vn -0.2230 -0.8810 0.4173
vn -0.5601 -0.4696 0.6825
vn -0.4036 0.7715 0.4918
vn -0.4913 -0.6326 0.5987
vn -0.4913 0.6326 0.5987
vn -0.4036 -0.7715 0.4918
vn -0.5601 0.4696 0.6825
vn -0.3002 -0.8810 0.3658
vn -0.6073 0.2890 0.7400
vn -0.1850 -0.9565 0.2254
vn -0.6314 0.0975 0.7693
vn -0.0625 0.9951 0.0761
vn -0.0625 -0.9951 0.0761
vn -0.6314 -0.0975 0.7693
vn -0.1850 0.9565 0.2254
vn -0.6073 -0.2890 0.7400
vn -0.3002 0.8810 0.3658
vn -0.2254 -0.9566 0.1850
vn -0.7693 0.0975 0.6314
vn -0.0761 0.9951 0.0625
vn -0.0761 -0.9951 0.0625
vn -0.7693 -0.0975 0.6314
vn -0.2254 0.9565 0.1850
vn -0.7400 -0.2890 0.6073
vn -0.3658 0.8810 0.3002
vn -0.6825 -0.4696 0.5601
vn -0.4918 0.7715 0.4036
vn -0.5987 -0.6326 0.4913
vn -0.5987 0.6326 0.4913
vn -0.4918 -0.7715 0.4036
vn -0.6825 0.4696 0.5601
vn -0.3658 -0.8810 0.3002
vn -0.7400 0.2890 0.6073
vn -0.6831 -0.6326 0.3651
vn -0.6831 0.6326 0.3651
vn -0.5611 -0.7715 0.2999
vn -0.7786 0.4696 0.4162
vn -0.4173 -0.8810 0.2231
vn -0.8443 0.2890 0.4513
vn -0.2571 -0.9565 0.1374
vn -0.8777 0.0975 0.4691
vn -0.0869 0.9951 0.0464
vn -0.0869 -0.9951 0.0464
vn -0.8777 -0.0975 0.4691
vn -0.2571 0.9565 0.1374
vn -0.8443 -0.2890 0.4513
vn -0.4173 0.8810 0.2230
vn -0.7786 -0.4696 0.4162
vn -0.5611 0.7715 0.2999
vn -0.0942 0.9951 0.0286
vn -0.0942 -0.9951 0.0286
vn -0.9524 -0.0975 0.2889
vn -0.2790 0.9565 0.0846
vn -0.9161 -0.2890 0.2779
vn -0.4528 0.8810 0.1374
vn -0.8448 -0.4696 0.2563
vn -0.6088 0.7715 0.1847
vn -0.7412 -0.6326 0.2248
vn -0.7412 0.6326 0.2248
vn -0.6088 -0.7715 0.1847
vn -0.8448 0.4696 0.2563
vn -0.4528 -0.8810 0.1374
vn -0.9161 0.2890 0.2779
vn -0.2790 -0.9565 0.0846
vn -0.9524 0.0975 0.2889
vn -0.7708 0.6326 0.0759
vn -0.6332 -0.7715 0.0624
vn -0.8786 0.4696 0.0865
vn -0.4709 -0.8810 0.0464
vn -0.9527 0.2890 0.0938
vn -0.2902 -0.9565 0.0286
vn -0.9904 0.0975 0.0975
vn -0.0980 0.9951 0.0097
vn -0.0980 -0.9951 0.0097
vn -0.9904 -0.0975 0.0976
vn -0.2902 0.9565 0.0286
vn -0.9527 -0.2890 0.0938
vn -0.4709 0.8810 0.0464
vn -0.8786 -0.4696 0.0865
vn -0.6332 0.7715 0.0624
vn -0.7708 -0.6326 0.0759
vn -0.9904 -0.0975 -0.0976
vn -0.2902 0.9565 -0.0286
vn -0.9527 -0.2890 -0.0938
vn -0.4709 0.8810 -0.0464
vn -0.8786 -0.4696 -0.0865
vn -0.6332 0.7715 -0.0624
vn -0.7708 -0.6326 -0.0759
vn -0.7708 0.6326 -0.0759
vn -0.6332 -0.7715 -0.0624
vn -0.8786 0.4696 -0.0865
vn -0.4709 -0.8810 -0.0464
vn -0.9527 0.2890 -0.0938
vn -0.2902 -0.9565 -0.0286
vn -0.9904 0.0975 -0.0975
vn -0.0980 0.9951 -0.0097
vn -0.0980 -0.9951 -0.0097
vn -0.6088 -0.7715 -0.1847
vn -0.8448 0.4696 -0.2563
vn -0.4528 -0.8810 -0.1374
vn -0.9161 0.2890 -0.2779
vn -0.2790 -0.9565 -0.0846
vn -0.9524 0.0975 -0.2889
vn -0.0942 0.9951 -0.0286
vn -0.0942 -0.9951 -0.0286
vn -0.9524 -0.0975 -0.2889
vn -0.2790 0.9565 -0.0846
vn -0.9161 -0.2890 -0.2779
vn -0.4528 0.8810 -0.1374
vn -0.8448 -0.4696 -0.2563
vn -0.6088 0.7715 -0.1847
vn -0.7412 -0.6326 -0.2248
vn -0.7412 0.6326 -0.2248
vn -0.2571 0.9565 -0.1374
vn -0.8443 -0.2890 -0.4513
vn -0.4173 0.8810 -0.2231
vn -0.7786 -0.4696 -0.4162
vn -0.5611 0.7715 -0.2999
vn -0.6831 -0.6326 -0.3651
vn -0.6831 0.6326 -0.3651
vn -0.5611 -0.7715 -0.2999
vn -0.7786 0.4696 -0.4162
vn -0.4173 -0.8810 -0.2231
vn -0.8443 0.2890 -0.4513
vn -0.2571 -0.9565 -0.1374
vn -0.8777 0.0975 -0.4691
vn -0.0869 0.9951 -0.0464
vn -0.0869 -0.9951 -0.0464
vn -0.8777 -0.0975 -0.4691
vn -0.6825 0.4696 -0.5601
vn -0.3658 -0.8810 -0.3002
vn -0.7400 0.2890 -0.6073
vn -0.2254 -0.9565 -0.1850
vn -0.7693 0.0975 -0.6314
vn -0.0761 0.9951 -0.0625
vn -0.0761 -0.9951 -0.0625
vn -0.7693 -0.0975 -0.6314
vn -0.2254 0.9565 -0.1850
vn -0.7400 -0.2890 -0.6073
vn -0.3658 0.8810 -0.3002
vn -0.6825 -0.4696 -0.5601
vn -0.4918 0.7715 -0.4036
vn -0.5987 -0.6326 -0.4913
vn -0.5987 0.6326 -0.4913
vn -0.4918 -0.7715 -0.4036
vn -0.6073 -0.2890 -0.7400
vn -0.3002 0.8810 -0.3658
vn -0.5601 -0.4696 -0.6825
vn -0.4036 0.7715 -0.4918
vn -0.4913 -0.6326 -0.5987
vn -0.4913 0.6326 -0.5987
vn -0.4036 -0.7715 -0.4918
vn -0.5601 0.4696 -0.6825
vn -0.3002 -0.8810 -0.3658
vn -0.6073 0.2890 -0.7400
vn -0.1850 -0.9565 -0.2254
vn -0.6314 0.0975 -0.7693
vn -0.0625 0.9951 -0.0761
vn -0.0625 -0.9951 -0.0761
vn -0.6314 -0.0975 -0.7693
vn -0.1850 0.9565 -0.2254
vn -0.2230 -0.8810 -0.4173
vn -0.4513 0.2890 -0.8443
vn -0.1374 -0.9565 -0.2571
vn -0.4691 0.0975 -0.8777
vn -0.0464 0.9951 -0.0869
vn -0.0464 -0.9951 -0.0869
vn -0.4691 -0.0975 -0.8777
vn -0.1374 0.9565 -0.2571
vn -0.4513 -0.2890 -0.8443
vn -0.2230 0.8810 -0.4173
vn -0.4162 -0.4696 -0.7786
vn -0.2999 0.7715 -0.5611
vn -0.3651 -0.6326 -0.6831
vn -0.3651 0.6326 -0.6831
vn -0.2999 -0.7715 -0.5611
vn -0.4162 0.4696 -0.7786
vn -0.2563 -0.4696 -0.8448
vn -0.1847 0.7715 -0.6088
vn -0.2248 -0.6326 -0.7412
vn -0.2248 0.6326 -0.7412
vn -0.1847 -0.7715 -0.6088
vn -0.2563 0.4696 -0.8448
vn -0.1374 -0.8810 -0.4528
vn -0.2779 0.2890 -0.9161
vn -0.0846 -0.9565 -0.2790
vn -0.2889 0.0975 -0.9524
vn -0.0286 0.9951 -0.0942
vn -0.0286 -0.9951 -0.0942
vn -0.2889 -0.0975 -0.9524
vn -0.0846 0.9565 -0.2790
vn -0.2779 -0.2890 -0.9161
vn -0.1374 0.8810 -0.4528
vn -0.0286 -0.9565 -0.2902
vn -0.0976 0.0975 -0.9904
vn -0.0097 0.9951 -0.0980
vn -0.0097 -0.9951 -0.0980
vn -0.0976 -0.0975 -0.9904
vn -0.0286 0.9565 -0.2902
vn -0.0938 -0.2890 -0.9527
vn -0.0464 0.8810 -0.4709
vn -0.0865 -0.4696 -0.8786
vn -0.0624 0.7715 -0.6332
vn -0.0759 -0.6326 -0.7708
vn -0.0759 0.6326 -0.7708
vn -0.0624 -0.7715 -0.6332
vn -0.0865 0.4696 -0.8786
vn -0.0464 -0.8810 -0.4709
vn -0.0938 0.2890 -0.9527
vn 0.0975 0.0976 -0.9904
vn 0.0975 -0.0975 -0.9904
vn 0.2230 0.8810 -0.4173
vn 0.2231 -0.8810 -0.4173
vn 0.2254 -0.9565 -0.1850
vn 0.4173 -0.8810 0.2231
vn 0.4173 0.8810 0.2230
vn 0.2231 -0.8810 0.4173
vn -0.0975 0.0975 0.9904
vn -0.0976 -0.0975 0.9904
vn -0.2231 0.8810 0.4173
vn -0.2231 -0.8810 0.4173
vn -0.2254 -0.9565 0.1850
vn -0.4173 -0.8810 0.2230
vn -0.9904 0.0975 0.0976
vn -0.9904 -0.0975 0.0975
vn -0.9904 -0.0975 -0.0975
vn -0.9904 0.0975 -0.0976
vt 0.750000 0.562500
vt 0.718750 0.625000
vt 0.718750 0.562500
vt 0.750000 0.125000
vt 0.718750 0.062500
vt 0.750000 0.062500
vt 0.718750 0.500000
vt 0.750000 0.500000
vt 0.750000 0.937500
vt 0.734375 1.000000
vt 0.718750 0.937500
vt 0.734375 0.000000
vt 0.718750 0.437500
vt 0.750000 0.437500
vt 0.750000 0.875000
vt 0.718750 0.875000
vt 0.718750 0.375000
vt 0.750000 0.375000
vt 0.750000 0.812500
vt 0.718750 0.812500
vt 0.718750 0.312500
vt 0.750000 0.312500
vt 0.750000 0.750000
vt 0.718750 0.750000
vt 0.718750 0.250000
vt 0.750000 0.250000
vt 0.750000 0.687500
vt 0.718750 0.687500
vt 0.718750 0.187500
vt 0.750000 0.187500
vt 0.750000 0.625000
vt 0.718750 0.125000
vt 0.687500 0.250000
vt 0.687500 0.187500
vt 0.687500 0.625000
vt 0.687500 0.125000
vt 0.687500 0.562500
vt 0.687500 0.062500
vt 0.687500 0.500000
vt 0.703125 1.000000
vt 0.687500 0.937500
vt 0.703125 0.000000
vt 0.687500 0.437500
vt 0.687500 0.875000
vt 0.687500 0.375000
vt 0.687500 0.812500
vt 0.687500 0.312500
vt 0.687500 0.750000
vt 0.687500 0.687500
vt 0.656250 0.375000
vt 0.656250 0.812500
vt 0.656250 0.312500
vt 0.656250 0.750000
vt 0.656250 0.250000
vt 0.656250 0.687500
vt 0.656250 0.187500
vt 0.656250 0.625000
vt 0.656250 0.125000
vt 0.656250 0.562500
vt 0.656250 0.062500
vt 0.656250 0.500000
vt 0.671875 1.000000
vt 0.656250 0.937500
vt 0.671875 0.000000
vt 0.656250 0.437500
vt 0.656250 0.875000
vt 0.625000 0.125000
vt 0.625000 0.625000
vt 0.625000 0.562500
vt 0.625000 0.062500
vt 0.625000 0.500000
vt 0.640625 1.000000
vt 0.625000 0.937500
vt 0.640625 0.000000
vt 0.625000 0.437500
vt 0.625000 0.875000
vt 0.625000 0.375000
vt 0.625000 0.812500
vt 0.625000 0.312500
vt 0.625000 0.750000
vt 0.625000 0.250000
vt 0.625000 0.687500
vt 0.625000 0.187500
vt 0.593750 0.812500
vt 0.593750 0.375000
vt 0.593750 0.312500
vt 0.593750 0.750000
vt 0.593750 0.250000
vt 0.593750 0.687500
vt 0.593750 0.187500
vt 0.593750 0.625000
vt 0.593750 0.125000
vt 0.593750 0.562500
vt 0.593750 0.062500
vt 0.593750 0.500000
vt 0.609375 1.000000
vt 0.593750 0.937500
vt 0.609375 0.000000
vt 0.593750 0.437500
vt 0.593750 0.875000
vt 0.562500 0.625000
vt 0.562500 0.562500
vt 0.562500 0.125000
vt 0.562500 0.062500
vt 0.562500 0.500000
vt 0.578125 1.000000
vt 0.562500 0.937500
vt 0.578125 0.000000
vt 0.562500 0.437500
vt 0.562500 0.875000
vt 0.562500 0.375000
vt 0.562500 0.812500
vt 0.562500 0.312500
vt 0.562500 0.750000
vt 0.562500 0.250000
vt 0.562500 0.687500
vt 0.562500 0.187500
vt 0.531250 0.375000
vt 0.531250 0.312500
vt 0.531250 0.750000
vt 0.531250 0.250000
vt 0.531250 0.687500
vt 0.531250 0.187500
vt 0.531250 0.625000
vt 0.531250 0.125000
vt 0.531250 0.562500
vt 0.531250 0.062500
vt 0.531250 0.500000
vt 0.546875 1.000000
vt 0.531250 0.937500
vt 0.546875 0.000000
vt 0.531250 0.437500
vt 0.531250 0.875000
vt 0.531250 0.812500
vt 0.500000 0.062500
vt 0.500000 0.562500
vt 0.500000 0.500000
vt 0.515625 1.000000
vt 0.500000 0.937500
vt 0.515625 0.000000
vt 0.500000 0.437500
vt 0.500000 0.875000
vt 0.500000 0.375000
vt 0.500000 0.812500
vt 0.500000 0.312500
vt 0.500000 0.750000
vt 0.500000 0.250000
vt 0.500000 0.687500
vt 0.500000 0.187500
vt 0.500000 0.625000
vt 0.500000 0.125000
vt 0.468750 0.750000
vt 0.468750 0.250000
vt 0.468750 0.687500
vt 0.468750 0.187500
vt 0.468750 0.625000
vt 0.468750 0.125000
vt 0.468750 0.562500
vt 0.468750 0.062500
vt 0.468750 0.500000
vt 0.484375 1.000000
vt 0.468750 0.937500
vt 0.484375 0.000000
vt 0.468750 0.437500
vt 0.468750 0.875000
vt 0.468750 0.375000
vt 0.468750 0.812500
vt 0.468750 0.312500
vt 0.437500 0.562500
vt 0.437500 0.500000
vt 0.453125 1.000000
vt 0.437500 0.937500
vt 0.453125 0.000000
vt 0.437500 0.062500
vt 0.437500 0.437500
vt 0.437500 0.875000
vt 0.437500 0.375000
vt 0.437500 0.812500
vt 0.437500 0.312500
vt 0.437500 0.750000
vt 0.437500 0.250000
vt 0.437500 0.687500
vt 0.437500 0.187500
vt 0.437500 0.625000
vt 0.437500 0.125000
vt 0.406250 0.250000
vt 0.406250 0.750000
vt 0.406250 0.687500
vt 0.406250 0.187500
vt 0.406250 0.625000
vt 0.406250 0.125000
vt 0.406250 0.562500
vt 0.406250 0.062500
vt 0.406250 0.500000
vt 0.421875 1.000000
vt 0.406250 0.937500
vt 0.421875 0.000000
vt 0.406250 0.437500
vt 0.406250 0.875000
vt 0.406250 0.375000
vt 0.406250 0.812500
vt 0.406250 0.312500
vt 0.390625 0.000000
vt 0.375000 0.062500
vt 0.375000 0.437500
vt 0.375000 0.875000
vt 0.375000 0.375000
vt 0.375000 0.812500
vt 0.375000 0.312500
vt 0.375000 0.750000
vt 0.375000 0.250000
vt 0.375000 0.687500
vt 0.375000 0.187500
vt 0.375000 0.625000
vt 0.375000 0.125000
vt 0.375000 0.562500
vt 0.375000 0.500000
vt 0.390625 1.000000
vt 0.375000 0.937500
vt 0.343750 0.250000
vt 0.343750 0.187500
vt 0.343750 0.625000
vt 0.343750 0.125000
vt 0.343750 0.562500
vt 0.343750 0.062500
vt 0.343750 0.500000
vt 0.359375 1.000000
vt 0.343750 0.937500
vt 0.359375 0.000000
vt 0.343750 0.437500
vt 0.343750 0.875000
vt 0.343750 0.375000
vt 0.343750 0.812500
vt 0.343750 0.312500
vt 0.343750 0.750000
vt 0.343750 0.687500
vt 0.312500 0.875000
vt 0.312500 0.375000
vt 0.312500 0.812500
vt 0.312500 0.312500
vt 0.312500 0.750000
vt 0.312500 0.250000
vt 0.312500 0.687500
vt 0.312500 0.187500
vt 0.312500 0.625000
vt 0.312500 0.125000
vt 0.312500 0.562500
vt 0.312500 0.062500
vt 0.312500 0.500000
vt 0.328125 1.000000
vt 0.312500 0.937500
vt 0.328125 0.000000
vt 0.312500 0.437500
vt 0.281250 0.625000
vt 0.281250 0.125000
vt 0.281250 0.562500
vt 0.281250 0.062500
vt 0.281250 0.500000
vt 0.296875 1.000000
vt 0.281250 0.937500
vt 0.296875 0.000000
vt 0.281250 0.437500
vt 0.281250 0.875000
vt 0.281250 0.375000
vt 0.281250 0.812500
vt 0.281250 0.312500
vt 0.281250 0.750000
vt 0.281250 0.250000
vt 0.281250 0.687500
vt 0.281250 0.187500
vt 0.250000 0.375000
vt 0.250000 0.875000
vt 0.250000 0.812500
vt 0.250000 0.312500
vt 0.250000 0.750000
vt 0.250000 0.250000
vt 0.250000 0.687500
vt 0.250000 0.187500
vt 0.250000 0.625000
vt 0.250000 0.125000
vt 0.250000 0.562500
vt 0.250000 0.062500
vt 0.250000 0.500000
vt 0.265625 1.000000
vt 0.250000 0.937500
vt 0.265625 0.000000
vt 0.250000 0.437500
vt 0.218750 0.125000
vt 0.218750 0.625000
vt 0.218750 0.562500
vt 0.218750 0.062500
vt 0.218750 0.500000
vt 0.234375 1.000000
vt 0.218750 0.937500
vt 0.234375 0.000000
vt 0.218750 0.437500
vt 0.218750 0.875000
vt 0.218750 0.375000
vt 0.218750 0.812500
vt 0.218750 0.312500
vt 0.218750 0.750000
vt 0.218750 0.250000
vt 0.218750 0.687500
vt 0.218750 0.187500
vt 0.187500 0.812500
vt 0.187500 0.375000
vt 0.187500 0.312500
vt 0.187500 0.750000
vt 0.187500 0.250000
vt 0.187500 0.687500
vt 0.187500 0.187500
vt 0.187500 0.625000
vt 0.187500 0.125000
vt 0.187500 0.562500
vt 0.187500 0.062500
vt 0.187500 0.500000
vt 0.203125 1.000000
vt 0.187500 0.937500
vt 0.203125 0.000000
vt 0.187500 0.437500
vt 0.187500 0.875000
vt 0.156250 0.625000
vt 0.156250 0.562500
vt 0.156250 0.125000
vt 0.156250 0.062500
vt 0.156250 0.500000
vt 0.171875 1.000000
vt 0.156250 0.937500
vt 0.171875 0.000000
vt 0.156250 0.437500
vt 0.156250 0.875000
vt 0.156250 0.375000
vt 0.156250 0.812500
vt 0.156250 0.312500
vt 0.156250 0.750000
vt 0.156250 0.250000
vt 0.156250 0.687500
vt 0.156250 0.187500
vt 0.125000 0.375000
vt 0.125000 0.312500
vt 0.125000 0.750000
vt 0.125000 0.250000
vt 0.125000 0.687500
vt 0.125000 0.187500
vt 0.125000 0.625000
vt 0.125000 0.125000
vt 0.125000 0.562500
vt 0.125000 0.062500
vt 0.125000 0.500000
vt 0.140625 1.000000
vt 0.125000 0.937500
vt 0.140625 0.000000
vt 0.125000 0.437500
vt 0.125000 0.875000
vt 0.125000 0.812500
vt 0.093750 0.062500
vt 0.093750 0.562500
vt 0.093750 0.500000
vt 0.109375 1.000000
vt 0.093750 0.937500
vt 0.109375 0.000000
vt 0.093750 0.437500
vt 0.093750 0.875000
vt 0.093750 0.375000
vt 0.093750 0.812500
vt 0.093750 0.312500
vt 0.093750 0.750000
vt 0.093750 0.250000
vt 0.093750 0.687500
vt 0.093750 0.187500
vt 0.093750 0.625000
vt 0.093750 0.125000
vt 0.062500 0.250000
vt 0.062500 0.687500
vt 0.062500 0.187500
vt 0.062500 0.625000
vt 0.062500 0.125000
vt 0.062500 0.562500
vt 0.062500 0.062500
vt 0.062500 0.500000
vt 0.078125 1.000000
vt 0.062500 0.937500
vt 0.078125 0.000000
vt 0.062500 0.437500
vt 0.062500 0.875000
vt 0.062500 0.375000
vt 0.062500 0.812500
vt 0.062500 0.312500
vt 0.062500 0.750000
vt 0.046875 1.000000
vt 0.031250 0.937500
vt 0.046875 0.000000
vt 0.031250 0.062500
vt 0.031250 0.437500
vt 0.031250 0.875000
vt 0.031250 0.375000
vt 0.031250 0.812500
vt 0.031250 0.312500
vt 0.031250 0.750000
vt 0.031250 0.250000
vt 0.031250 0.687500
vt 0.031250 0.187500
vt 0.031250 0.625000
vt 0.031250 0.125000
vt 0.031250 0.562500
vt 0.031250 0.500000
vt 0.000000 0.750000
vt 0.000000 0.687500
vt 0.000000 0.250000
vt 0.000000 0.187500
vt 0.000000 0.625000
vt 0.000000 0.125000
vt 0.000000 0.562500
vt 0.000000 0.062500
vt 0.000000 0.500000
vt 0.015625 1.000000
vt 0.000000 0.937500
vt 0.015625 0.000000
vt 0.000000 0.437500
vt 0.000000 0.875000
vt 0.000000 0.375000
vt 0.000000 0.812500
vt 0.000000 0.312500
vt 1.000000 0.500000
vt 0.968750 0.437500
vt 1.000000 0.437500
vt 1.000000 0.937500
vt 0.968750 0.875000
vt 1.000000 0.875000
vt 0.968750 0.375000
vt 1.000000 0.375000
vt 1.000000 0.812500
vt 0.968750 0.812500
vt 1.000000 0.312500
vt 0.968750 0.312500
vt 0.968750 0.750000
vt 1.000000 0.750000
vt 0.968750 0.250000
vt 1.000000 0.250000
vt 1.000000 0.687500
vt 0.968750 0.687500
vt 1.000000 0.187500
vt 0.968750 0.187500
vt 0.968750 0.625000
vt 1.000000 0.625000
vt 0.968750 0.125000
vt 1.000000 0.125000
vt 1.000000 0.562500
vt 0.968750 0.562500
vt 0.968750 0.062500
vt 1.000000 0.062500
vt 0.968750 0.500000
vt 0.984375 1.000000
vt 0.968750 0.937500
vt 0.984375 0.000000
vt 0.937500 0.250000
vt 0.937500 0.187500
vt 0.937500 0.625000
vt 0.937500 0.125000
vt 0.937500 0.562500
vt 0.937500 0.062500
vt 0.937500 0.500000
vt 0.953125 1.000000
vt 0.937500 0.937500
vt 0.953125 0.000000
vt 0.937500 0.437500
vt 0.937500 0.875000
vt 0.937500 0.375000
vt 0.937500 0.812500
vt 0.937500 0.312500
vt 0.937500 0.750000
vt 0.937500 0.687500
vt 0.906250 0.937500
vt 0.906250 0.875000
vt 0.906250 0.375000
vt 0.906250 0.812500
vt 0.906250 0.312500
vt 0.906250 0.750000
vt 0.906250 0.250000
vt 0.906250 0.687500
vt 0.906250 0.187500
vt 0.906250 0.625000
vt 0.906250 0.125000
vt 0.906250 0.562500
vt 0.906250 0.062500
vt 0.906250 0.500000
vt 0.921875 1.000000
vt 0.921875 0.000000
vt 0.906250 0.437500
vt 0.875000 0.625000
vt 0.875000 0.125000
vt 0.875000 0.562500
vt 0.875000 0.062500
vt 0.875000 0.500000
vt 0.890625 1.000000
vt 0.875000 0.937500
vt 0.890625 0.000000
vt 0.875000 0.437500
vt 0.875000 0.875000
vt 0.875000 0.375000
vt 0.875000 0.812500
vt 0.875000 0.312500
vt 0.875000 0.750000
vt 0.875000 0.250000
vt 0.875000 0.687500
vt 0.875000 0.187500
vt 0.843750 0.375000
vt 0.843750 0.875000
vt 0.843750 0.812500
vt 0.843750 0.312500
vt 0.843750 0.750000
vt 0.843750 0.250000
vt 0.843750 0.687500
vt 0.843750 0.187500
vt 0.843750 0.625000
vt 0.843750 0.125000
vt 0.843750 0.562500
vt 0.843750 0.062500
vt 0.843750 0.500000
vt 0.859375 1.000000
vt 0.843750 0.937500
vt 0.859375 0.000000
vt 0.843750 0.437500
vt 0.812500 0.125000
vt 0.812500 0.625000
vt 0.812500 0.562500
vt 0.812500 0.062500
vt 0.812500 0.500000
vt 0.828125 1.000000
vt 0.812500 0.937500
vt 0.828125 0.000000
vt 0.812500 0.437500
vt 0.812500 0.875000
vt 0.812500 0.375000
vt 0.812500 0.812500
vt 0.812500 0.312500
vt 0.812500 0.750000
vt 0.812500 0.250000
vt 0.812500 0.687500
vt 0.812500 0.187500
vt 0.781250 0.375000
vt 0.781250 0.312500
vt 0.781250 0.750000
vt 0.781250 0.250000
vt 0.781250 0.687500
vt 0.781250 0.187500
vt 0.781250 0.625000
vt 0.781250 0.125000
vt 0.781250 0.562500
vt 0.781250 0.062500
vt 0.781250 0.500000
vt 0.796875 1.000000
vt 0.781250 0.937500
vt 0.796875 0.000000
vt 0.781250 0.437500
vt 0.781250 0.875000
vt 0.781250 0.812500
vt 0.765625 1.000000
vt 0.765625 0.000000
s 0
f 47/19/8 56/20/8 57/21/8
f 525/22/9 65/23/9 526/24/9
f 47/19/10 58/25/10 48/26/10
f 518/27/11 126/28/11 51/29/11
f 352/30/12 526/24/12 65/23/12
f 48/26/13 59/31/13 49/32/13
f 519/33/14 51/29/14 52/34/14
f 49/32/15 60/35/15 522/36/15
f 45/37/16 52/34/16 53/38/16
f 522/36/17 61/39/17 50/40/17
f 520/41/18 53/38/18 54/42/18
f 50/40/19 62/43/19 523/44/19
f 46/45/20 54/42/20 55/46/20
f 523/44/21 63/47/21 524/48/21
f 521/49/22 55/46/22 56/20/22
f 524/48/23 64/50/23 525/22/23
f 63/47/24 77/51/24 78/52/24
f 55/46/25 71/53/25 56/20/25
f 64/50/26 78/52/26 79/54/26
f 57/21/27 71/53/27 72/55/27
f 64/50/28 80/56/28 65/23/28
f 57/21/29 73/57/29 58/25/29
f 51/29/30 126/58/30 66/59/30
f 352/60/31 65/23/31 80/56/31
f 58/25/32 74/61/32 59/31/32
f 51/29/33 67/62/33 52/34/33
f 59/31/34 75/63/34 60/35/34
f 52/34/35 68/64/35 53/38/35
f 60/35/36 76/65/36 61/39/36
f 53/38/37 69/66/37 54/42/37
f 61/39/38 77/51/38 62/43/38
f 54/42/39 70/67/39 55/46/39
f 74/61/40 90/68/40 75/63/40
f 67/62/41 83/69/41 68/64/41
f 76/65/42 90/68/42 91/70/42
f 68/64/43 84/71/43 69/66/43
f 77/51/44 91/70/44 92/72/44
f 69/66/45 85/73/45 70/67/45
f 78/52/46 92/72/46 93/74/46
f 70/67/47 86/75/47 71/53/47
f 78/52/48 94/76/48 79/54/48
f 71/53/49 87/77/49 72/55/49
f 79/54/50 95/78/50 80/56/50
f 72/55/51 88/79/51 73/57/51
f 66/59/52 126/80/52 81/81/52
f 352/82/53 80/56/53 95/78/53
f 74/61/54 88/79/54 89/83/54
f 66/59/55 82/84/55 67/62/55
f 93/74/56 109/85/56 94/76/56
f 87/77/57 101/86/57 102/87/57
f 94/76/58 110/88/58 95/78/58
f 88/79/59 102/87/59 103/89/59
f 81/81/60 126/90/60 96/91/60
f 352/92/61 95/78/61 110/88/61
f 88/79/62 104/93/62 89/83/62
f 81/81/63 97/94/63 82/84/63
f 89/83/64 105/95/64 90/68/64
f 82/84/65 98/96/65 83/69/65
f 91/70/66 105/95/66 106/97/66
f 83/69/67 99/98/67 84/71/67
f 91/70/68 107/99/68 92/72/68
f 84/71/69 100/100/69 85/73/69
f 92/72/70 108/101/70 93/74/70
f 85/73/71 101/86/71 86/75/71
f 97/94/72 113/102/72 98/96/72
f 106/97/73 120/103/73 121/104/73
f 98/96/74 114/105/74 99/98/74
f 106/97/75 122/106/75 107/99/75
f 100/100/76 114/105/76 115/107/76
f 107/99/77 123/108/77 108/101/77
f 100/100/78 116/109/78 101/86/78
f 109/85/79 123/108/79 124/110/79
f 102/87/80 116/109/80 117/111/80
f 109/85/81 125/112/81 110/88/81
f 103/89/82 117/111/82 118/113/82
f 96/91/83 126/114/83 111/115/83
f 352/116/84 110/88/84 125/112/84
f 103/89/85 119/117/85 104/93/85
f 96/91/86 112/118/86 97/94/86
f 104/93/87 120/103/87 105/95/87
f 117/111/88 132/119/88 133/120/88
f 125/112/89 140/121/89 141/122/89
f 118/113/90 133/120/90 134/123/90
f 111/115/91 126/124/91 127/125/91
f 352/126/92 125/112/92 141/122/92
f 118/113/93 135/127/93 119/117/93
f 111/115/94 128/128/94 112/118/94
f 119/117/95 136/129/95 120/103/95
f 112/118/96 129/130/96 113/102/96
f 121/104/97 136/129/97 137/131/97
f 113/102/98 130/132/98 114/105/98
f 121/104/99 138/133/99 122/106/99
f 115/107/100 130/132/100 131/134/100
f 122/106/101 139/135/101 123/108/101
f 115/107/102 132/119/102 116/109/102
f 123/108/103 140/121/103 124/110/103
f 137/131/104 151/136/104 152/137/104
f 129/130/105 145/138/105 130/132/105
f 137/131/106 153/139/106 138/133/106
f 131/134/107 145/138/107 146/140/107
f 139/135/108 153/139/108 154/141/108
f 131/134/109 147/142/109 132/119/109
f 140/121/110 154/141/110 155/143/110
f 133/120/111 147/142/111 148/144/111
f 140/121/112 156/145/112 141/122/112
f 134/123/113 148/144/113 149/146/113
f 127/125/114 126/147/114 142/148/114
f 352/149/115 141/122/115 156/145/115
f 134/123/116 150/150/116 135/127/116
f 128/128/117 142/148/117 143/151/117
f 135/127/118 151/136/118 136/129/118
f 128/128/119 144/152/119 129/130/119
f 155/143/120 171/153/120 156/145/120
f 149/146/121 163/154/121 164/155/121
f 142/148/122 126/156/122 157/157/122
f 352/158/123 156/145/123 171/153/123
f 149/146/124 165/159/124 150/150/124
f 143/151/125 157/157/125 158/160/125
f 150/150/126 166/161/126 151/136/126
f 143/151/127 159/162/127 144/152/127
f 152/137/128 166/161/128 167/163/128
f 144/152/129 160/164/129 145/138/129
f 152/137/130 168/165/130 153/139/130
f 146/140/131 160/164/131 161/166/131
f 154/141/132 168/165/132 169/167/132
f 146/140/133 162/168/133 147/142/133
f 154/141/134 170/169/134 155/143/134
f 148/144/135 162/168/135 163/154/135
f 159/162/136 175/170/136 160/164/136
f 167/163/137 183/171/137 168/165/137
f 161/166/138 175/170/138 176/172/138
f 169/167/139 183/171/139 184/173/139
f 161/166/140 177/174/140 162/168/140
f 169/167/141 185/175/141 170/169/141
f 163/154/142 177/174/142 178/176/142
f 170/169/143 186/177/143 171/153/143
f 164/155/144 178/176/144 179/178/144
f 157/157/145 126/179/145 172/180/145
f 352/181/146 171/153/146 186/177/146
f 164/155/147 180/182/147 165/159/147
f 157/157/148 173/183/148 158/160/148
f 165/159/149 181/184/149 166/161/149
f 158/160/150 174/185/150 159/162/150
f 167/163/151 181/184/151 182/186/151
f 179/178/152 193/187/152 194/188/152
f 172/180/153 126/189/153 187/190/153
f 352/191/154 186/177/154 201/192/154
f 179/178/155 195/193/155 180/182/155
f 172/180/156 188/194/156 173/183/156
f 180/182/157 196/195/157 181/184/157
f 174/185/158 188/194/158 189/196/158
f 182/186/159 196/195/159 197/197/159
f 174/185/160 190/198/160 175/170/160
f 182/186/161 198/199/161 183/171/161
f 176/172/162 190/198/162 191/200/162
f 184/173/163 198/199/163 199/201/163
f 176/172/164 192/202/164 177/174/164
f 184/173/165 200/203/165 185/175/165
f 178/176/166 192/202/166 193/187/166
f 186/177/167 200/203/167 201/192/167
f 197/197/168 213/204/168 198/199/168
f 191/200/169 205/205/169 206/206/169
f 199/201/170 213/204/170 214/207/170
f 191/200/171 207/208/171 192/202/171
f 199/201/172 215/209/172 200/203/172
f 193/187/173 207/208/173 208/210/173
f 200/203/174 216/211/174 201/192/174
f 194/188/175 208/210/175 209/212/175
f 187/190/176 126/213/176 202/214/176
f 352/215/177 201/192/177 216/211/177
f 194/188/178 210/216/178 195/193/178
f 187/190/179 203/217/179 188/194/179
f 195/193/180 211/218/180 196/195/180
f 189/196/181 203/217/181 204/219/181
f 197/197/182 211/218/182 212/220/182
f 189/196/183 205/205/183 190/198/183
f 352/221/184 216/211/184 231/222/184
f 209/212/185 225/223/185 210/216/185
f 202/214/186 218/224/186 203/217/186
f 210/216/187 226/225/187 211/218/187
f 203/217/188 219/226/188 204/219/188
f 212/220/189 226/225/189 227/227/189
f 204/219/190 220/228/190 205/205/190
f 212/220/191 228/229/191 213/204/191
f 206/206/192 220/228/192 221/230/192
f 213/204/193 229/231/193 214/207/193
f 206/206/194 222/232/194 207/208/194
f 215/209/195 229/231/195 230/233/195
f 208/210/196 222/232/196 223/234/196
f 216/211/197 230/233/197 231/222/197
f 209/212/198 223/234/198 224/235/198
f 202/214/199 126/236/199 217/237/199
f 229/231/200 243/238/200 244/239/200
f 221/230/201 237/240/201 222/232/201
f 229/231/202 245/241/202 230/233/202
f 223/234/203 237/240/203 238/242/203
f 230/233/204 246/243/204 231/222/204
f 224/235/205 238/242/205 239/244/205
f 217/237/206 126/245/206 232/246/206
f 352/247/207 231/222/207 246/243/207
f 224/235/208 240/248/208 225/223/208
f 218/224/209 232/246/209 233/249/209
f 225/223/210 241/250/210 226/225/210
f 219/226/211 233/249/211 234/251/211
f 227/227/212 241/250/212 242/252/212
f 219/226/213 235/253/213 220/228/213
f 227/227/214 243/238/214 228/229/214
f 221/230/215 235/253/215 236/254/215
f 232/246/216 248/255/216 233/249/216
f 240/248/217 256/256/217 241/250/217
f 233/249/218 249/257/218 234/251/218
f 242/252/219 256/256/219 257/258/219
f 234/251/220 250/259/220 235/253/220
f 242/252/221 258/260/221 243/238/221
f 236/254/222 250/259/222 251/261/222
f 244/239/223 258/260/223 259/262/223
f 236/254/224 252/263/224 237/240/224
f 244/239/225 260/264/225 245/241/225
f 238/242/226 252/263/226 253/265/226
f 245/241/227 261/266/227 246/243/227
f 239/244/228 253/265/228 254/267/228
f 232/246/229 126/268/229 247/269/229
f 352/270/230 246/243/230 261/266/230
f 239/244/231 255/271/231 240/248/231
f 251/261/232 267/272/232 252/263/232
f 259/262/233 275/273/233 260/264/233
f 253/265/234 267/272/234 268/274/234
f 260/264/235 276/275/235 261/266/235
f 254/267/236 268/274/236 269/276/236
f 247/269/237 126/277/237 262/278/237
f 352/279/238 261/266/238 276/275/238
f 254/267/239 270/280/239 255/271/239
f 247/269/240 263/281/240 248/255/240
f 255/271/241 271/282/241 256/256/241
f 248/255/242 264/283/242 249/257/242
f 257/258/243 271/282/243 272/284/243
f 249/257/244 265/285/244 250/259/244
f 257/258/245 273/286/245 258/260/245
f 251/261/246 265/285/246 266/287/246
f 259/262/247 273/286/247 274/288/247
f 270/280/248 286/289/248 271/282/248
f 264/283/249 278/290/249 279/291/249
f 272/284/250 286/289/250 287/292/250
f 264/283/251 280/293/251 265/285/251
f 272/284/252 288/294/252 273/286/252
f 266/287/253 280/293/253 281/295/253
f 274/288/254 288/294/254 289/296/254
f 266/287/255 282/297/255 267/272/255
f 274/288/256 290/298/256 275/273/256
f 268/274/257 282/297/257 283/299/257
f 276/275/258 290/298/258 291/300/258
f 269/276/259 283/299/259 284/301/259
f 262/278/260 126/302/260 277/303/260
f 352/304/261 276/275/261 291/300/261
f 269/276/262 285/305/262 270/280/262
f 262/278/263 278/290/263 263/281/263
f 289/296/264 305/306/264 290/298/264
f 283/299/265 297/307/265 298/308/265
f 290/298/266 306/309/266 291/300/266
f 284/301/267 298/308/267 299/310/267
f 277/303/268 126/311/268 292/312/268
f 352/313/269 291/300/269 306/309/269
f 284/301/270 300/314/270 285/305/270
f 277/303/271 293/315/271 278/290/271
f 285/305/272 301/316/272 286/289/272
f 278/290/273 294/317/273 279/291/273
f 287/292/274 301/316/274 302/318/274
f 279/291/275 295/319/275 280/293/275
f 287/292/276 303/320/276 288/294/276
f 281/295/277 295/319/277 296/321/277
f 289/296/278 303/320/278 304/322/278
f 281/295/279 297/307/279 282/297/279
f 293/315/280 309/323/280 294/317/280
f 302/318/281 316/324/281 317/325/281
f 294/317/282 310/326/282 295/319/282
f 302/318/283 318/327/283 303/320/283
f 296/321/284 310/326/284 311/328/284
f 304/322/285 318/327/285 319/329/285
f 296/321/286 312/330/286 297/307/286
f 304/322/287 320/331/287 305/306/287
f 298/308/288 312/330/288 313/332/288
f 305/306/289 321/333/289 306/309/289
f 299/310/290 313/332/290 314/334/290
f 292/312/291 126/335/291 307/336/291
f 352/337/292 306/309/292 321/333/292
f 299/310/293 315/338/293 300/314/293
f 293/315/294 307/336/294 308/339/294
f 300/314/295 316/324/295 301/316/295
f 313/332/296 327/340/296 328/341/296
f 321/333/297 335/342/297 336/343/297
f 314/334/298 328/341/298 329/344/298
f 307/336/299 126/345/299 322/346/299
f 352/347/300 321/333/300 336/343/300
f 314/334/301 330/348/301 315/338/301
f 308/339/302 322/346/302 323/349/302
f 315/338/303 331/350/303 316/324/303
f 308/339/304 324/351/304 309/323/304
f 317/325/305 331/350/305 332/352/305
f 309/323/306 325/353/306 310/326/306
f 317/325/307 333/354/307 318/327/307
f 311/328/308 325/353/308 326/355/308
f 319/329/309 333/354/309 334/356/309
f 311/328/310 327/340/310 312/330/310
f 319/329/311 335/342/311 320/331/311
f 332/352/312 346/357/312 347/358/312
f 324/351/313 340/359/313 325/353/313
f 332/352/314 348/360/314 333/354/314
f 326/355/315 340/359/315 341/361/315
f 334/356/316 348/360/316 349/362/316
f 326/355/317 342/363/317 327/340/317
f 334/356/318 350/364/318 335/342/318
f 328/341/319 342/363/319 343/365/319
f 336/343/320 350/364/320 351/366/320
f 329/344/321 343/365/321 344/367/321
f 322/346/322 126/368/322 337/369/322
f 352/370/323 336/343/323 351/366/323
f 329/344/324 345/371/324 330/348/324
f 322/346/325 338/372/325 323/349/325
f 330/348/326 346/357/326 331/350/326
f 323/349/327 339/373/327 324/351/327
f 350/364/328 367/374/328 351/366/328
f 344/367/329 359/375/329 360/376/329
f 337/369/330 126/377/330 353/378/330
f 352/379/331 351/366/331 367/374/331
f 344/367/332 361/380/332 345/371/332
f 337/369/333 354/381/333 338/372/333
f 345/371/334 362/382/334 346/357/334
f 338/372/335 355/383/335 339/373/335
f 347/358/336 362/382/336 363/384/336
f 339/373/337 356/385/337 340/359/337
f 347/358/338 364/386/338 348/360/338
f 341/361/339 356/385/339 357/387/339
f 349/362/340 364/386/340 365/388/340
f 341/361/341 358/389/341 342/363/341
f 349/362/342 366/390/342 350/364/342
f 343/365/343 358/389/343 359/375/343
f 363/384/344 379/391/344 364/386/344
f 356/385/345 372/392/345 357/387/345
f 365/388/346 379/391/346 380/393/346
f 357/387/347 373/394/347 358/389/347
f 365/388/348 381/395/348 366/390/348
f 359/375/349 373/394/349 374/396/349
f 366/390/350 382/397/350 367/374/350
f 360/376/351 374/396/351 375/398/351
f 353/378/352 126/399/352 368/400/352
f 352/401/353 367/374/353 382/397/353
f 360/376/354 376/402/354 361/380/354
f 353/378/355 369/403/355 354/381/355
f 361/380/356 377/404/356 362/382/356
f 354/381/357 370/405/357 355/383/357
f 363/384/358 377/404/358 378/406/358
f 355/383/359 371/407/359 356/385/359
f 368/400/360 126/408/360 383/409/360
f 352/410/361 382/397/361 397/411/361
f 375/398/362 391/412/362 376/402/362
f 368/400/363 384/413/363 369/403/363
f 376/402/364 392/414/364 377/404/364
f 369/403/365 385/415/365 370/405/365
f 378/406/366 392/414/366 393/416/366
f 370/405/367 386/417/367 371/407/367
f 378/406/368 394/418/368 379/391/368
f 372/392/369 386/417/369 387/419/369
f 380/393/370 394/418/370 395/420/370
f 372/392/371 388/421/371 373/394/371
f 380/393/372 396/422/372 381/395/372
f 374/396/373 388/421/373 389/423/373
f 381/395/374 397/411/374 382/397/374
f 375/398/375 389/423/375 390/424/375
f 387/419/376 401/425/376 402/426/376
f 395/420/377 409/427/377 410/428/377
f 387/419/378 403/429/378 388/421/378
f 395/420/379 411/430/379 396/422/379
f 389/423/380 403/429/380 404/431/380
f 396/422/381 412/432/381 397/411/381
f 390/424/382 404/431/382 405/433/382
f 383/409/383 126/434/383 398/435/383
f 352/436/384 397/411/384 412/432/384
f 390/424/385 406/437/385 391/412/385
f 383/409/386 399/438/386 384/413/386
f 391/412/387 407/439/387 392/414/387
f 385/415/388 399/438/388 400/440/388
f 393/416/389 407/439/389 408/441/389
f 385/415/390 401/425/390 386/417/390
f 393/416/391 409/427/391 394/418/391
f 405/442/392 421/443/392 406/444/392
f 398/445/393 414/446/393 399/447/393
f 406/444/394 422/448/394 407/449/394
f 400/450/395 414/446/395 415/451/395
f 408/452/396 422/448/396 423/453/396
f 400/450/397 416/454/397 401/455/397
f 408/452/398 424/456/398 409/457/398
f 402/458/399 416/454/399 417/459/399
f 410/460/400 424/456/400 425/461/400
f 402/458/401 418/462/401 403/463/401
f 410/460/402 426/464/402 411/465/402
f 404/466/403 418/462/403 419/467/403
f 411/465/404 427/468/404 412/469/404
f 405/442/405 419/467/405 420/470/405
f 398/445/406 126/471/406 413/472/406
f 352/473/407 412/469/407 427/468/407
f 425/461/408 439/474/408 440/475/408
f 417/459/409 433/476/409 418/462/409
f 425/461/410 441/477/410 426/464/410
f 419/467/411 433/476/411 434/478/411
f 426/464/412 442/479/412 427/468/412
f 420/470/413 434/478/413 435/480/413
f 413/472/414 126/481/414 428/482/414
f 352/483/415 427/468/415 442/479/415
f 420/470/416 436/484/416 421/443/416
f 413/472/417 429/485/417 414/446/417
f 421/443/418 437/486/418 422/448/418
f 415/451/419 429/485/419 430/487/419
f 423/453/420 437/486/420 438/488/420
f 415/451/421 431/489/421 416/454/421
f 423/453/422 439/474/422 424/456/422
f 417/459/423 431/489/423 432/490/423
f 429/485/424 443/491/424 444/492/424
f 436/484/425 452/493/425 437/486/425
f 429/485/426 445/494/426 430/487/426
f 438/488/427 452/493/427 453/495/427
f 430/487/428 446/496/428 431/489/428
f 438/488/429 454/497/429 439/474/429
f 432/490/430 446/496/430 447/498/430
f 440/475/431 454/497/431 455/499/431
f 432/490/432 448/500/432 433/476/432
f 441/477/433 455/499/433 456/501/433
f 434/478/434 448/500/434 449/502/434
f 441/477/435 457/503/435 442/479/435
f 435/480/436 449/502/436 450/504/436
f 428/482/437 126/505/437 443/491/437
f 352/506/438 442/479/438 457/503/438
f 435/480/439 451/507/439 436/484/439
f 447/498/440 463/508/440 448/500/440
f 455/499/441 471/509/441 456/501/441
f 449/502/442 463/508/442 464/510/442
f 456/501/443 472/511/443 457/503/443
f 450/504/444 464/510/444 465/512/444
f 443/491/445 126/513/445 458/514/445
f 352/515/446 457/503/446 472/511/446
f 450/504/447 466/516/447 451/507/447
f 443/491/448 459/517/448 444/492/448
f 451/507/449 467/518/449 452/493/449
f 445/494/450 459/517/450 460/519/450
f 453/495/451 467/518/451 468/520/451
f 445/494/452 461/521/452 446/496/452
f 453/495/453 469/522/453 454/497/453
f 447/498/454 461/521/454 462/523/454
f 455/499/455 469/522/455 470/524/455
f 466/516/456 482/525/456 467/518/456
f 460/519/457 474/526/457 475/527/457
f 468/520/458 482/525/458 483/528/458
f 460/519/459 476/529/459 461/521/459
f 468/520/460 484/530/460 469/522/460
f 462/523/461 476/529/461 477/531/461
f 470/524/462 484/530/462 485/532/462
f 462/523/463 478/533/463 463/508/463
f 470/524/464 486/534/464 471/509/464
f 464/510/465 478/533/465 479/535/465
f 471/509/466 487/536/466 472/511/466
f 465/512/467 479/535/467 480/537/467
f 458/514/468 126/538/468 473/539/468
f 352/540/469 472/511/469 487/536/469
f 465/512/470 481/541/470 466/516/470
f 458/514/471 474/526/471 459/517/471
f 485/532/472 501/542/472 486/534/472
f 479/535/473 493/543/473 494/544/473
f 486/534/474 502/545/474 487/536/474
f 480/537/475 494/544/475 495/546/475
f 473/539/476 126/547/476 488/548/476
f 352/549/477 487/536/477 502/545/477
f 480/537/478 496/550/478 481/541/478
f 474/526/479 488/548/479 489/551/479
f 481/541/480 497/552/480 482/525/480
f 474/526/481 490/553/481 475/527/481
f 483/528/482 497/552/482 498/554/482
f 475/527/483 491/555/483 476/529/483
f 483/528/484 499/556/484 484/530/484
f 477/531/485 491/555/485 492/557/485
f 485/532/486 499/556/486 500/558/486
f 477/531/487 493/543/487 478/533/487
f 498/554/488 512/559/488 513/560/488
f 490/553/489 506/561/489 491/555/489
f 498/554/490 514/562/490 499/556/490
f 492/557/491 506/561/491 507/563/491
f 500/558/492 514/562/492 515/564/492
f 492/557/493 508/565/493 493/543/493
f 500/558/494 516/566/494 501/542/494
f 494/544/495 508/565/495 509/567/495
f 502/545/496 516/566/496 517/568/496
f 495/546/497 509/567/497 510/569/497
f 488/548/498 126/570/498 503/571/498
f 352/572/499 502/545/499 517/568/499
f 495/546/500 511/573/500 496/550/500
f 488/548/501 504/574/501 489/551/501
f 496/550/502 512/559/502 497/552/502
f 490/553/503 504/574/503 505/575/503
f 516/566/504 526/24/504 517/568/504
f 510/569/505 47/19/505 48/26/505
f 503/571/506 126/576/506 518/27/506
f 352/577/507 517/568/507 526/24/507
f 510/569/508 49/32/508 511/573/508
f 504/574/509 518/27/509 519/33/509
f 511/573/510 522/36/510 512/559/510
f 505/575/511 519/33/511 45/37/511
f 512/559/512 50/40/512 513/560/512
f 506/561/513 45/37/513 520/41/513
f 513/560/514 523/44/514 514/562/514
f 507/563/515 520/41/515 46/45/515
f 515/564/516 523/44/516 524/48/516
f 508/565/517 46/45/517 521/49/517
f 515/564/518 525/22/518 516/566/518
f 509/567/519 521/49/519 47/19/519
f 47/19/8 521/49/8 56/20/8
f 525/22/9 64/50/9 65/23/9
f 47/19/520 57/21/520 58/25/520
f 48/26/521 58/25/521 59/31/521
f 519/33/14 518/27/14 51/29/14
f 49/32/15 59/31/15 60/35/15
f 45/37/16 519/33/16 52/34/16
f 522/36/17 60/35/17 61/39/17
f 520/41/18 45/37/18 53/38/18
f 50/40/19 61/39/19 62/43/19
f 46/45/20 520/41/20 54/42/20
f 523/44/21 62/43/21 63/47/21
f 521/49/22 46/45/22 55/46/22
f 524/48/23 63/47/23 64/50/23
f 63/47/24 62/43/24 77/51/24
f 55/46/25 70/67/25 71/53/25
f 64/50/26 63/47/26 78/52/26
f 57/21/27 56/20/27 71/53/27
f 64/50/28 79/54/28 80/56/28
f 57/21/29 72/55/29 73/57/29
f 58/25/32 73/57/32 74/61/32
f 51/29/33 66/59/33 67/62/33
f 59/31/34 74/61/34 75/63/34
f 52/34/35 67/62/35 68/64/35
f 60/35/36 75/63/36 76/65/36
f 53/38/37 68/64/37 69/66/37
f 61/39/38 76/65/38 77/51/38
f 54/42/39 69/66/39 70/67/39
f 74/61/40 89/83/40 90/68/40
f 67/62/522 82/84/522 83/69/522
f 76/65/42 75/63/42 90/68/42
f 68/64/43 83/69/43 84/71/43
f 77/51/44 76/65/44 91/70/44
f 69/66/45 84/71/45 85/73/45
f 78/52/46 77/51/46 92/72/46
f 70/67/47 85/73/47 86/75/47
f 78/52/523 93/74/523 94/76/523
f 71/53/49 86/75/49 87/77/49
f 79/54/50 94/76/50 95/78/50
f 72/55/51 87/77/51 88/79/51
f 74/61/54 73/57/54 88/79/54
f 66/59/55 81/81/55 82/84/55
f 93/74/56 108/101/56 109/85/56
f 87/77/57 86/75/57 101/86/57
f 94/76/58 109/85/58 110/88/58
f 88/79/59 87/77/59 102/87/59
f 88/79/62 103/89/62 104/93/62
f 81/81/63 96/91/63 97/94/63
f 89/83/64 104/93/64 105/95/64
f 82/84/65 97/94/65 98/96/65
f 91/70/66 90/68/66 105/95/66
f 83/69/67 98/96/67 99/98/67
f 91/70/68 106/97/68 107/99/68
f 84/71/69 99/98/69 100/100/69
f 92/72/70 107/99/70 108/101/70
f 85/73/71 100/100/71 101/86/71
f 97/94/72 112/118/72 113/102/72
f 106/97/73 105/95/73 120/103/73
f 98/96/74 113/102/74 114/105/74
f 106/97/75 121/104/75 122/106/75
f 100/100/76 99/98/76 114/105/76
f 107/99/77 122/106/77 123/108/77
f 100/100/78 115/107/78 116/109/78
f 109/85/79 108/101/79 123/108/79
f 102/87/80 101/86/80 116/109/80
f 109/85/524 124/110/524 125/112/524
f 103/89/82 102/87/82 117/111/82
f 103/89/85 118/113/85 119/117/85
f 96/91/86 111/115/86 112/118/86
f 104/93/87 119/117/87 120/103/87
f 117/111/88 116/109/88 132/119/88
f 125/112/89 124/110/89 140/121/89
f 118/113/90 117/111/90 133/120/90
f 118/113/93 134/123/93 135/127/93
f 111/115/94 127/125/94 128/128/94
f 119/117/95 135/127/95 136/129/95
f 112/118/96 128/128/96 129/130/96
f 121/104/97 120/103/97 136/129/97
f 113/102/98 129/130/98 130/132/98
f 121/104/99 137/131/99 138/133/99
f 115/107/100 114/105/100 130/132/100
f 122/106/101 138/133/101 139/135/101
f 115/107/102 131/134/102 132/119/102
f 123/108/103 139/135/103 140/121/103
f 137/131/104 136/129/104 151/136/104
f 129/130/105 144/152/105 145/138/105
f 137/131/106 152/137/106 153/139/106
f 131/134/107 130/132/107 145/138/107
f 139/135/108 138/133/108 153/139/108
f 131/134/109 146/140/109 147/142/109
f 140/121/110 139/135/110 154/141/110
f 133/120/111 132/119/111 147/142/111
f 140/121/112 155/143/112 156/145/112
f 134/123/113 133/120/113 148/144/113
f 134/123/116 149/146/116 150/150/116
f 128/128/117 127/125/117 142/148/117
f 135/127/118 150/150/118 151/136/118
f 128/128/119 143/151/119 144/152/119
f 155/143/120 170/169/120 171/153/120
f 149/146/121 148/144/121 163/154/121
f 149/146/124 164/155/124 165/159/124
f 143/151/125 142/148/125 157/157/125
f 150/150/126 165/159/126 166/161/126
f 143/151/127 158/160/127 159/162/127
f 152/137/128 151/136/128 166/161/128
f 144/152/129 159/162/129 160/164/129
f 152/137/130 167/163/130 168/165/130
f 146/140/131 145/138/131 160/164/131
f 154/141/132 153/139/132 168/165/132
f 146/140/133 161/166/133 162/168/133
f 154/141/134 169/167/134 170/169/134
f 148/144/135 147/142/135 162/168/135
f 159/162/136 174/185/136 175/170/136
f 167/163/137 182/186/137 183/171/137
f 161/166/138 160/164/138 175/170/138
f 169/167/139 168/165/139 183/171/139
f 161/166/140 176/172/140 177/174/140
f 169/167/141 184/173/141 185/175/141
f 163/154/142 162/168/142 177/174/142
f 170/169/143 185/175/143 186/177/143
f 164/155/144 163/154/144 178/176/144
f 164/155/147 179/178/147 180/182/147
f 157/157/148 172/180/148 173/183/148
f 165/159/149 180/182/149 181/184/149
f 158/160/150 173/183/150 174/185/150
f 167/163/151 166/161/151 181/184/151
f 179/178/152 178/176/152 193/187/152
f 179/178/155 194/188/155 195/193/155
f 172/180/156 187/190/156 188/194/156
f 180/182/157 195/193/157 196/195/157
f 174/185/158 173/183/158 188/194/158
f 182/186/159 181/184/159 196/195/159
f 174/185/160 189/196/160 190/198/160
f 182/186/161 197/197/161 198/199/161
f 176/172/162 175/170/162 190/198/162
f 184/173/163 183/171/163 198/199/163
f 176/172/164 191/200/164 192/202/164
f 184/173/165 199/201/165 200/203/165
f 178/176/166 177/174/166 192/202/166
f 186/177/167 185/175/167 200/203/167
f 197/197/168 212/220/168 213/204/168
f 191/200/169 190/198/169 205/205/169
f 199/201/170 198/199/170 213/204/170
f 191/200/171 206/206/171 207/208/171
f 199/201/525 214/207/525 215/209/525
f 193/187/173 192/202/173 207/208/173
f 200/203/174 215/209/174 216/211/174
f 194/188/175 193/187/175 208/210/175
f 194/188/178 209/212/178 210/216/178
f 187/190/179 202/214/179 203/217/179
f 195/193/180 210/216/180 211/218/180
f 189/196/526 188/194/526 203/217/526
f 197/197/182 196/195/182 211/218/182
f 189/196/183 204/219/183 205/205/183
f 209/212/185 224/235/185 225/223/185
f 202/214/186 217/237/186 218/224/186
f 210/216/187 225/223/187 226/225/187
f 203/217/188 218/224/188 219/226/188
f 212/220/189 211/218/189 226/225/189
f 204/219/190 219/226/190 220/228/190
f 212/220/191 227/227/191 228/229/191
f 206/206/192 205/205/192 220/228/192
f 213/204/193 228/229/193 229/231/193
f 206/206/194 221/230/194 222/232/194
f 215/209/195 214/207/195 229/231/195
f 208/210/196 207/208/196 222/232/196
f 216/211/197 215/209/197 230/233/197
f 209/212/198 208/210/198 223/234/198
f 229/231/200 228/229/200 243/238/200
f 221/230/201 236/254/201 237/240/201
f 229/231/202 244/239/202 245/241/202
f 223/234/203 222/232/203 237/240/203
f 230/233/204 245/241/204 246/243/204
f 224/235/205 223/234/205 238/242/205
f 224/235/208 239/244/208 240/248/208
f 218/224/209 217/237/209 232/246/209
f 225/223/210 240/248/210 241/250/210
f 219/226/211 218/224/211 233/249/211
f 227/227/212 226/225/212 241/250/212
f 219/226/213 234/251/213 235/253/213
f 227/227/214 242/252/214 243/238/214
f 221/230/215 220/228/215 235/253/215
f 232/246/216 247/269/216 248/255/216
f 240/248/217 255/271/217 256/256/217
f 233/249/218 248/255/218 249/257/218
f 242/252/219 241/250/219 256/256/219
f 234/251/220 249/257/220 250/259/220
f 242/252/221 257/258/221 258/260/221
f 236/254/222 235/253/222 250/259/222
f 244/239/223 243/238/223 258/260/223
f 236/254/224 251/261/224 252/263/224
f 244/239/527 259/262/527 260/264/527
f 238/242/226 237/240/226 252/263/226
f 245/241/227 260/264/227 261/266/227
f 239/244/228 238/242/228 253/265/228
f 239/244/231 254/267/231 255/271/231
f 251/261/232 266/287/232 267/272/232
f 259/262/233 274/288/233 275/273/233
f 253/265/234 252/263/234 267/272/234
f 260/264/235 275/273/235 276/275/235
f 254/267/236 253/265/236 268/274/236
f 254/267/239 269/276/239 270/280/239
f 247/269/240 262/278/240 263/281/240
f 255/271/241 270/280/241 271/282/241
f 248/255/242 263/281/242 264/283/242
f 257/258/243 256/256/243 271/282/243
f 249/257/244 264/283/244 265/285/244
f 257/258/245 272/284/245 273/286/245
f 251/261/246 250/259/246 265/285/246
f 259/262/247 258/260/247 273/286/247
f 270/280/248 285/305/248 286/289/248
f 264/283/249 263/281/249 278/290/249
f 272/284/250 271/282/250 286/289/250
f 264/283/251 279/291/251 280/293/251
f 272/284/252 287/292/252 288/294/252
f 266/287/253 265/285/253 280/293/253
f 274/288/254 273/286/254 288/294/254
f 266/287/255 281/295/255 282/297/255
f 274/288/256 289/296/256 290/298/256
f 268/274/257 267/272/257 282/297/257
f 276/275/258 275/273/258 290/298/258
f 269/276/259 268/274/259 283/299/259
f 269/276/262 284/301/262 285/305/262
f 262/278/263 277/303/263 278/290/263
f 289/296/264 304/322/264 305/306/264
f 283/299/265 282/297/265 297/307/265
f 290/298/266 305/306/266 306/309/266
f 284/301/528 283/299/528 298/308/528
f 284/301/529 299/310/529 300/314/529
f 277/303/271 292/312/271 293/315/271
f 285/305/272 300/314/272 301/316/272
f 278/290/273 293/315/273 294/317/273
f 287/292/274 286/289/274 301/316/274
f 279/291/275 294/317/275 295/319/275
f 287/292/276 302/318/276 303/320/276
f 281/295/277 280/293/277 295/319/277
f 289/296/278 288/294/278 303/320/278
f 281/295/279 296/321/279 297/307/279
f 293/315/280 308/339/280 309/323/280
f 302/318/281 301/316/281 316/324/281
f 294/317/282 309/323/282 310/326/282
f 302/318/283 317/325/283 318/327/283
f 296/321/284 295/319/284 310/326/284
f 304/322/285 303/320/285 318/327/285
f 296/321/286 311/328/286 312/330/286
f 304/322/287 319/329/287 320/331/287
f 298/308/288 297/307/288 312/330/288
f 305/306/289 320/331/289 321/333/289
f 299/310/290 298/308/290 313/332/290
f 299/310/293 314/334/293 315/338/293
f 293/315/294 292/312/294 307/336/294
f 300/314/295 315/338/295 316/324/295
f 313/332/296 312/330/296 327/340/296
f 321/333/297 320/331/297 335/342/297
f 314/334/298 313/332/298 328/341/298
f 314/334/301 329/344/301 330/348/301
f 308/339/302 307/336/302 322/346/302
f 315/338/303 330/348/303 331/350/303
f 308/339/530 323/349/530 324/351/530
f 317/325/305 316/324/305 331/350/305
f 309/323/306 324/351/306 325/353/306
f 317/325/307 332/352/307 333/354/307
f 311/328/308 310/326/308 325/353/308
f 319/329/309 318/327/309 333/354/309
f 311/328/310 326/355/310 327/340/310
f 319/329/531 334/356/531 335/342/531
f 332/352/312 331/350/312 346/357/312
f 324/351/313 339/373/313 340/359/313
f 332/352/314 347/358/314 348/360/314
f 326/355/315 325/353/315 340/359/315
f 334/356/316 333/354/316 348/360/316
f 326/355/317 341/361/317 342/363/317
f 334/356/318 349/362/318 350/364/318
f 328/341/319 327/340/319 342/363/319
f 336/343/320 335/342/320 350/364/320
f 329/344/321 328/341/321 343/365/321
f 329/344/324 344/367/324 345/371/324
f 322/346/325 337/369/325 338/372/325
f 330/348/326 345/371/326 346/357/326
f 323/349/327 338/372/327 339/373/327
f 350/364/532 366/390/532 367/374/532
f 344/367/329 343/365/329 359/375/329
f 344/367/332 360/376/332 361/380/332
f 337/369/333 353/378/333 354/381/333
f 345/371/334 361/380/334 362/382/334
f 338/372/335 354/381/335 355/383/335
f 347/358/336 346/357/336 362/382/336
f 339/373/337 355/383/337 356/385/337
f 347/358/338 363/384/338 364/386/338
f 341/361/339 340/359/339 356/385/339
f 349/362/340 348/360/340 364/386/340
f 341/361/341 357/387/341 358/389/341
f 349/362/342 365/388/342 366/390/342
f 343/365/343 342/363/343 358/389/343
f 363/384/344 378/406/344 379/391/344
f 356/385/345 371/407/345 372/392/345
f 365/388/346 364/386/346 379/391/346
f 357/387/347 372/392/347 373/394/347
f 365/388/533 380/393/533 381/395/533
f 359/375/349 358/389/349 373/394/349
f 366/390/350 381/395/350 382/397/350
f 360/376/351 359/375/351 374/396/351
f 360/376/354 375/398/354 376/402/354
f 353/378/355 368/400/355 369/403/355
f 361/380/356 376/402/356 377/404/356
f 354/381/357 369/403/357 370/405/357
f 363/384/358 362/382/358 377/404/358
f 355/383/359 370/405/359 371/407/359
f 375/398/362 390/424/362 391/412/362
f 368/400/363 383/409/363 384/413/363
f 376/402/364 391/412/364 392/414/364
f 369/403/365 384/413/365 385/415/365
f 378/406/366 377/404/366 392/414/366
f 370/405/367 385/415/367 386/417/367
f 378/406/368 393/416/368 394/418/368
f 372/392/369 371/407/369 386/417/369
f 380/393/370 379/391/370 394/418/370
f 372/392/371 387/419/371 388/421/371
f 380/393/372 395/420/372 396/422/372
f 374/396/373 373/394/373 388/421/373
f 381/395/374 396/422/374 397/411/374
f 375/398/375 374/396/375 389/423/375
f 387/419/376 386/417/376 401/425/376
f 395/420/377 394/418/377 409/427/377
f 387/419/378 402/426/378 403/429/378
f 395/420/379 410/428/379 411/430/379
f 389/423/380 388/421/380 403/429/380
f 396/422/381 411/430/381 412/432/381
f 390/424/534 389/423/534 404/431/534
f 390/424/535 405/433/535 406/437/535
f 383/409/386 398/435/386 399/438/386
f 391/412/387 406/437/387 407/439/387
f 385/415/388 384/413/388 399/438/388
f 393/416/389 392/414/389 407/439/389
f 385/415/390 400/440/390 401/425/390
f 393/416/391 408/441/391 409/427/391
f 405/442/536 420/470/536 421/443/536
f 398/445/393 413/472/393 414/446/393
f 406/444/394 421/443/394 422/448/394
f 400/450/395 399/447/395 414/446/395
f 408/452/396 407/449/396 422/448/396
f 400/450/397 415/451/397 416/454/397
f 408/452/398 423/453/398 424/456/398
f 402/458/399 401/455/399 416/454/399
f 410/460/400 409/457/400 424/456/400
f 402/458/401 417/459/401 418/462/401
f 410/460/402 425/461/402 426/464/402
f 404/466/403 403/463/403 418/462/403
f 411/465/404 426/464/404 427/468/404
f 405/442/537 404/466/537 419/467/537
f 425/461/408 424/456/408 439/474/408
f 417/459/409 432/490/409 433/476/409
f 425/461/410 440/475/410 441/477/410
f 419/467/411 418/462/411 433/476/411
f 426/464/412 441/477/412 442/479/412
f 420/470/413 419/467/413 434/478/413
f 420/470/416 435/480/416 436/484/416
f 413/472/417 428/482/417 429/485/417
f 421/443/418 436/484/418 437/486/418
f 415/451/419 414/446/419 429/485/419
f 423/453/420 422/448/420 437/486/420
f 415/451/421 430/487/421 431/489/421
f 423/453/422 438/488/422 439/474/422
f 417/459/423 416/454/423 431/489/423
f 429/485/424 428/482/424 443/491/424
f 436/484/425 451/507/425 452/493/425
f 429/485/426 444/492/426 445/494/426
f 438/488/427 437/486/427 452/493/427
f 430/487/428 445/494/428 446/496/428
f 438/488/429 453/495/429 454/497/429
f 432/490/430 431/489/430 446/496/430
f 440/475/431 439/474/431 454/497/431
f 432/490/432 447/498/432 448/500/432
f 441/477/433 440/475/433 455/499/433
f 434/478/434 433/476/434 448/500/434
f 441/477/435 456/501/435 457/503/435
f 435/480/436 434/478/436 449/502/436
f 435/480/439 450/504/439 451/507/439
f 447/498/440 462/523/440 463/508/440
f 455/499/441 470/524/441 471/509/441
f 449/502/442 448/500/442 463/508/442
f 456/501/443 471/509/443 472/511/443
f 450/504/444 449/502/444 464/510/444
f 450/504/447 465/512/447 466/516/447
f 443/491/448 458/514/448 459/517/448
f 451/507/449 466/516/449 467/518/449
f 445/494/450 444/492/450 459/517/450
f 453/495/451 452/493/451 467/518/451
f 445/494/452 460/519/452 461/521/452
f 453/495/453 468/520/453 469/522/453
f 447/498/454 446/496/454 461/521/454
f 455/499/455 454/497/455 469/522/455
f 466/516/456 481/541/456 482/525/456
f 460/519/457 459/517/457 474/526/457
f 468/520/458 467/518/458 482/525/458
f 460/519/459 475/527/459 476/529/459
f 468/520/460 483/528/460 484/530/460
f 462/523/461 461/521/461 476/529/461
f 470/524/462 469/522/462 484/530/462
f 462/523/463 477/531/463 478/533/463
f 470/524/464 485/532/464 486/534/464
f 464/510/465 463/508/465 478/533/465
f 471/509/466 486/534/466 487/536/466
f 465/512/467 464/510/467 479/535/467
f 465/512/470 480/537/470 481/541/470
f 458/514/471 473/539/471 474/526/471
f 485/532/472 500/558/472 501/542/472
f 479/535/473 478/533/473 493/543/473
f 486/534/474 501/542/474 502/545/474
f 480/537/475 479/535/475 494/544/475
f 480/537/478 495/546/478 496/550/478
f 474/526/479 473/539/479 488/548/479
f 481/541/480 496/550/480 497/552/480
f 474/526/481 489/551/481 490/553/481
f 483/528/482 482/525/482 497/552/482
f 475/527/483 490/553/483 491/555/483
f 483/528/484 498/554/484 499/556/484
f 477/531/485 476/529/485 491/555/485
f 485/532/486 484/530/486 499/556/486
f 477/531/487 492/557/487 493/543/487
f 498/554/488 497/552/488 512/559/488
f 490/553/489 505/575/489 506/561/489
f 498/554/490 513/560/490 514/562/490
f 492/557/491 491/555/491 506/561/491
f 500/558/492 499/556/492 514/562/492
f 492/557/493 507/563/493 508/565/493
f 500/558/494 515/564/494 516/566/494
f 494/544/495 493/543/495 508/565/495
f 502/545/496 501/542/496 516/566/496
f 495/546/497 494/544/497 509/567/497
f 495/546/500 510/569/500 511/573/500
f 488/548/501 503/571/501 504/574/501
f 496/550/502 511/573/502 512/559/502
f 490/553/503 489/551/503 504/574/503
f 516/566/504 525/22/504 526/24/504
f 510/569/505 509/567/505 47/19/505
f 510/569/508 48/26/508 49/32/508
f 504/574/509 503/571/509 518/27/509
f 511/573/510 49/32/510 522/36/510
f 505/575/511 504/574/511 519/33/511
f 512/559/512 522/36/512 50/40/512
f 506/561/513 505/575/513 45/37/513
f 513/560/514 50/40/514 523/44/514
f 507/563/515 506/561/515 520/41/515
f 515/564/516 514/562/516 523/44/516
f 508/565/517 507/563/517 46/45/517
f 515/564/518 524/48/518 525/22/518
f 509/567/519 508/565/519 521/49/519
o Icosphere
v 0.000000 -1.000000 0.000000
v 0.723607 -0.447220 0.525725
v -0.276388 -0.447220 0.850649
v -0.894426 -0.447216 0.000000
v -0.276388 -0.447220 -0.850649
v 0.723607 -0.447220 -0.525725
v 0.276388 0.447220 0.850649
v -0.723607 0.447220 0.525725
v -0.723607 0.447220 -0.525725
v 0.276388 0.447220 -0.850649
v 0.894426 0.447216 0.000000
v 0.000000 1.000000 0.000000
v -0.162456 -0.850654 0.499995
v 0.425323 -0.850654 0.309011
v 0.262869 -0.525738 0.809012
v 0.850648 -0.525736 0.000000
v 0.425323 -0.850654 -0.309011
v -0.525730 -0.850652 0.000000
v -0.688189 -0.525736 0.499997
v -0.162456 -0.850654 -0.499995
v -0.688189 -0.525736 -0.499997
v 0.262869 -0.525738 -0.809012
v 0.951058 0.000000 0.309013
v 0.951058 0.000000 -0.309013
v 0.000000 0.000000 1.000000
v 0.587786 0.000000 0.809017
v -0.951058 0.000000 0.309013
v -0.587786 0.000000 0.809017
v -0.587786 0.000000 -0.809017
v -0.951058 0.000000 -0.309013
v 0.587786 0.000000 -0.809017
v 0.000000 0.000000 -1.000000
v 0.688189 0.525736 0.499997
v -0.262869 0.525738 0.809012
v -0.850648 0.525736 0.000000
v -0.262869 0.525738 -0.809012
v 0.688189 0.525736 -0.499997
v 0.162456 0.850654 0.499995
v 0.525730 0.850652 0.000000
v -0.425323 0.850654 0.309011
v -0.425323 0.850654 -0.309011
v 0.162456 0.850654 -0.499995
vn 0.1024 -0.9435 0.3151
vn 0.7002 -0.6617 0.2680
vn -0.2680 -0.9435 0.1947
vn -0.2680 -0.9435 -0.1947
vn 0.1024 -0.9435 -0.3151
vn 0.9050 -0.3304 0.2680
vn 0.0247 -0.3304 0.9435
vn -0.8897 -0.3304 0.3151
vn -0.5746 -0.3304 -0.7488
vn 0.5346 -0.3304 -0.7779
vn 0.8026 -0.1256 0.5831
vn -0.3066 -0.1256 0.9435
vn -0.9921 -0.1256 -0.0000
vn -0.3066 -0.1256 -0.9435
vn 0.8026 -0.1256 -0.5831
vn 0.4089 0.6617 0.6284
vn -0.4713 0.6617 0.5831
vn -0.7002 0.6617 -0.2680
vn 0.0385 0.6617 -0.7488
vn 0.7240 0.6617 -0.1947
vn 0.2680 0.9435 -0.1947
vn 0.4911 0.7947 -0.3568
vn 0.4089 0.6617 -0.6284
vn -0.1024 0.9435 -0.3151
vn -0.1876 0.7947 -0.5773
vn -0.4713 0.6617 -0.5831
vn -0.3313 0.9435 -0.0000
vn -0.6071 0.7947 -0.0000
vn -0.7002 0.6617 0.2680
vn -0.1024 0.9435 0.3151
vn -0.1876 0.7947 0.5773
vn 0.0385 0.6617 0.7488
vn 0.2680 0.9435 0.1947
vn 0.4911 0.7947 0.3568
vn 0.7240 0.6617 0.1947
vn 0.8897 0.3304 -0.3151
vn 0.7947 0.1876 -0.5773
vn 0.5746 0.3304 -0.7488
vn -0.0247 0.3304 -0.9435
vn -0.3035 0.1876 -0.9342
vn -0.5346 0.3304 -0.7779
vn -0.9050 0.3304 -0.2680
vn -0.9822 0.1876 -0.0000
vn -0.9050 0.3304 0.2680
vn -0.5346 0.3304 0.7779
vn -0.3035 0.1876 0.9342
vn -0.0247 0.3304 0.9435
vn 0.5746 0.3304 0.7488
vn 0.7947 0.1876 0.5773
vn 0.8897 0.3304 0.3151
vn 0.3066 0.1256 -0.9435
vn 0.3035 -0.1876 -0.9342
vn 0.0247 -0.3304 -0.9435
vn -0.8026 0.1256 -0.5831
vn -0.7947 -0.1876 -0.5773
vn -0.8897 -0.3304 -0.3151
vn -0.8026 0.1256 0.5831
vn -0.7947 -0.1876 0.5773
vn -0.5746 -0.3304 0.7488
vn 0.3066 0.1256 0.9435
vn 0.3035 -0.1876 0.9342
vn 0.5346 -0.3304 0.7779
vn 0.9921 0.1256 -0.0000
vn 0.9822 -0.1876 -0.0000
vn 0.9050 -0.3304 -0.2680
vn 0.4713 -0.6617 -0.5831
vn 0.1876 -0.7947 -0.5773
vn -0.0385 -0.6617 -0.7488
vn -0.4089 -0.6617 -0.6284
vn -0.4911 -0.7947 -0.3568
vn -0.7240 -0.6617 -0.1947
vn -0.7240 -0.6617 0.1947
vn -0.4911 -0.7947 0.3568
vn -0.4089 -0.6617 0.6284
vn 0.7002 -0.6617 -0.2680
vn 0.6071 -0.7947 -0.0000
vn 0.3313 -0.9435 -0.0000
vn -0.0385 -0.6617 0.7488
vn 0.1876 -0.7947 0.5773
vn 0.4713 -0.6617 0.5831
vt 0.181819 0.000000
vt 0.227273 0.078731
vt 0.136365 0.078731
vt 0.272728 0.157461
vt 0.318182 0.078731
vt 0.363637 0.157461
vt 0.909091 0.000000
vt 0.954545 0.078731
vt 0.863636 0.078731
vt 0.727273 0.000000
vt 0.772727 0.078731
vt 0.681818 0.078731
vt 0.545455 0.000000
vt 0.590909 0.078731
vt 0.500000 0.078731
vt 0.318182 0.236191
vt 0.090910 0.157461
vt 0.181819 0.157461
vt 0.136365 0.236191
vt 0.818182 0.157461
vt 0.909091 0.157461
vt 0.863636 0.236191
vt 0.636364 0.157461
vt 0.727273 0.157461
vt 0.681818 0.236191
vt 0.454546 0.157461
vt 0.545455 0.157461
vt 0.500000 0.236191
vt 0.227273 0.236191
vt 0.045455 0.236191
vt 0.772727 0.236191
vt 0.590909 0.236191
vt 0.409092 0.236191
vt 0.181819 0.314921
vt 0.272728 0.314921
vt 0.227273 0.393651
vt 0.000000 0.314921
vt 0.090910 0.314921
vt 0.045455 0.393651
vt 0.727273 0.314921
vt 0.818182 0.314921
vt 0.772727 0.393651
vt 0.545455 0.314921
vt 0.636364 0.314921
vt 0.590909 0.393651
vt 0.363637 0.314921
vt 0.454546 0.314921
vt 0.409092 0.393651
vt 0.500000 0.393651
vt 0.454546 0.472382
vt 0.681818 0.393651
vt 0.636364 0.472382
vt 0.863636 0.393651
vt 0.818182 0.472382
vt 0.909091 0.314921
vt 0.136365 0.393651
vt 0.090910 0.472382
vt 0.318182 0.393651
vt 0.272728 0.472382
vt 0.954545 0.236191
vt 1.000000 0.157461
vt 0.409092 0.078731
vt 0.363637 0.000000
s 0
f 527/578/538 540/579/538 539/580/538
f 528/581/539 540/582/539 542/583/539
f 527/584/540 539/585/540 544/586/540
f 527/587/541 544/588/541 546/589/541
f 527/590/542 546/591/542 543/592/542
f 528/581/543 542/583/543 549/593/543
f 529/594/544 541/595/544 551/596/544
f 530/597/545 545/598/545 553/599/545
f 531/600/546 547/601/546 555/602/546
f 532/603/547 548/604/547 557/605/547
f 528/581/548 549/593/548 552/606/548
f 529/594/549 551/596/549 554/607/549
f 530/597/550 553/599/550 556/608/550
f 531/600/551 555/602/551 558/609/551
f 532/603/552 557/605/552 550/610/552
f 533/611/553 559/612/553 564/613/553
f 534/614/554 560/615/554 566/616/554
f 535/617/555 561/618/555 567/619/555
f 536/620/556 562/621/556 568/622/556
f 537/623/557 563/624/557 565/625/557
f 565/625/558 568/626/558 538/627/558
f 565/625/559 563/624/559 568/626/559
f 563/624/560 536/620/560 568/626/560
f 568/622/561 567/628/561 538/629/561
f 568/622/562 562/621/562 567/628/562
f 562/621/563 535/617/563 567/628/563
f 567/619/564 566/630/564 538/631/564
f 567/619/565 561/618/565 566/630/565
f 561/618/566 534/632/566 566/630/566
f 566/616/567 564/633/567 538/634/567
f 566/616/568 560/615/568 564/633/568
f 560/615/569 533/611/569 564/633/569
f 564/613/570 565/635/570 538/636/570
f 564/613/571 559/612/571 565/635/571
f 559/612/572 537/623/572 565/635/572
f 550/610/573 563/624/573 537/623/573
f 550/610/574 557/605/574 563/624/574
f 557/605/575 536/620/575 563/624/575
f 558/609/576 562/621/576 536/620/576
f 558/609/577 555/602/577 562/621/577
f 555/602/578 535/617/578 562/621/578
f 556/608/579 561/618/579 535/617/579
f 556/608/580 553/599/580 561/618/580
f 553/599/581 534/632/581 561/618/581
f 554/607/582 560/615/582 534/614/582
f 554/607/583 551/596/583 560/615/583
f 551/596/584 533/611/584 560/615/584
f 552/606/585 559/612/585 533/611/585
f 552/606/586 549/593/586 559/612/586
f 549/593/587 537/623/587 559/612/587
f 557/605/588 558/609/588 536/620/588
f 557/605/589 548/604/589 558/609/589
f 548/604/590 531/600/590 558/609/590
f 555/602/591 556/608/591 535/617/591
f 555/602/592 547/601/592 556/608/592
f 547/601/593 530/597/593 556/608/593
f 553/599/594 554/637/594 534/632/594
f 553/599/595 545/598/595 554/637/595
f 545/598/596 529/638/596 554/637/596
f 551/596/597 552/606/597 533/611/597
f 551/596/598 541/595/598 552/606/598
f 541/595/599 528/581/599 552/606/599
f 549/593/600 550/610/600 537/623/600
f 549/593/601 542/583/601 550/610/601
f 542/583/602 532/603/602 550/610/602
f 543/592/603 548/604/603 532/603/603
f 543/592/604 546/591/604 548/604/604
f 546/591/605 531/600/605 548/604/605
f 546/589/606 547/601/606 531/600/606
f 546/589/607 544/588/607 547/601/607
f 544/588/608 530/597/608 547/601/608
f 544/586/609 545/598/609 530/597/609
f 544/586/610 539/585/610 545/598/610
f 539/585/611 529/638/611 545/598/611
f 542/583/612 543/639/612 532/603/612
f 542/583/613 540/582/613 543/639/613
f 540/582/614 527/640/614 543/639/614
f 539/580/615 541/595/615 529/594/615
f 539/580/616 540/579/616 541/595/616
f 540/579/617 528/581/617 541/595/617
o Cylinder
v 0.000000 -1.000000 -1.000000
v 0.000000 1.000000 -1.000000
v 0.195090 -1.000000 -0.980785
v 0.195090 1.000000 -0.980785
v 0.382683 -1.000000 -0.923880
v 0.382683 1.000000 -0.923880
v 0.555570 -1.000000 -0.831470
v 0.555570 1.000000 -0.831470
v 0.707107 -1.000000 -0.707107
v 0.707107 1.000000 -0.707107
v 0.831470 -1.000000 -0.555570
v 0.831470 1.000000 -0.555570
v 0.923880 -1.000000 -0.382683
v 0.923880 1.000000 -0.382683
v 0.980785 -1.000000 -0.195090
v 0.980785 1.000000 -0.195090
v 1.000000 -1.000000 0.000000
v 1.000000 1.000000 0.000000
v 0.980785 -1.000000 0.195090
v 0.980785 1.000000 0.195090
v 0.923880 -1.000000 0.382683
v 0.923880 1.000000 0.382683
v 0.831470 -1.000000 0.555570
v 0.831470 1.000000 0.555570
v 0.707107 -1.000000 0.707107
v 0.707107 1.000000 0.707107
v 0.555570 -1.000000 0.831470
v 0.555570 1.000000 0.831470
v 0.382683 -1.000000 0.923880
v 0.382683 1.000000 0.923880
v 0.195090 -1.000000 0.980785
v 0.195090 1.000000 0.980785
v 0.000000 -1.000000 1.000000
v 0.000000 1.000000 1.000000
v -0.195090 -1.000000 0.980785
v -0.195090 1.000000 0.980785
v -0.382683 -1.000000 0.923880
v -0.382683 1.000000 0.923880
v -0.555570 -1.000000 0.831470
v -0.555570 1.000000 0.831470
v -0.707107 -1.000000 0.707107
v -0.707107 1.000000 0.707107
v -0.831470 -1.000000 0.555570
v -0.831470 1.000000 0.555570
v -0.923880 -1.000000 0.382683
v -0.923880 1.000000 0.382683
v -0.980785 -1.000000 0.195090
v -0.980785 1.000000 0.195090
v -1.000000 -1.000000 0.000000
v -1.000000 1.000000 0.000000
v -0.980785 -1.000000 -0.195090
v -0.980785 1.000000 -0.195090
v -0.923880 -1.000000 -0.382683
v -0.923880 1.000000 -0.382683
v -0.831470 -1.000000 -0.555570
v -0.831470 1.000000 -0.555570
v -0.707107 -1.000000 -0.707107
v -0.707107 1.000000 -0.707107
v -0.555570 -1.000000 -0.831470
v -0.555570 1.000000 -0.831470
v -0.382683 -1.000000 -0.923880
v -0.382683 1.000000 -0.923880
v -0.195090 -1.000000 -0.980785
v -0.195090 1.000000 -0.980785
vn 0.0980 -0.0000 -0.9952
vn 0.2903 -0.0000 -0.9569
vn 0.4714 -0.0000 -0.8819
vn 0.6344 -0.0000 -0.7730
vn 0.7730 -0.0000 -0.6344
vn 0.8819 -0.0000 -0.4714
vn 0.9569 -0.0000 -0.2903
vn 0.9952 -0.0000 -0.0980
vn 0.9952 -0.0000 0.0980
vn 0.9569 -0.0000 0.2903
vn 0.8819 -0.0000 0.4714
vn 0.7730 -0.0000 0.6344
vn 0.6344 -0.0000 0.7730
vn 0.4714 -0.0000 0.8819
vn 0.2903 -0.0000 0.9569
vn 0.0980 -0.0000 0.9952
vn -0.0980 -0.0000 0.9952
vn -0.2903 -0.0000 0.9569
vn -0.4714 -0.0000 0.8819
vn -0.6344 -0.0000 0.7730
vn -0.7730 -0.0000 0.6344
vn -0.8819 -0.0000 0.4714
vn -0.9569 -0.0000 0.2903
vn -0.9952 -0.0000 0.0980
vn -0.9952 -0.0000 -0.0980
vn -0.9569 -0.0000 -0.2903
vn -0.8819 -0.0000 -0.4714
vn -0.7730 -0.0000 -0.6344
vn -0.6344 -0.0000 -0.7730
vn -0.4714 -0.0000 -0.8819
vn -0.0000 1.0000 -0.0000
vn -0.2903 -0.0000 -0.9569
vn -0.0980 -0.0000 -0.9952
vn -0.0000 -1.0000 -0.0000
vt 1.000000 1.000000
vt 0.968750 0.500000
vt 1.000000 0.500000
vt 0.968750 1.000000
vt 0.937500 0.500000
vt 0.937500 1.000000
vt 0.906250 0.500000
vt 0.906250 1.000000
vt 0.875000 0.500000
vt 0.875000 1.000000
vt 0.843750 0.500000
vt 0.843750 1.000000
vt 0.812500 0.500000
vt 0.812500 1.000000
vt 0.781250 0.500000
vt 0.781250 1.000000
vt 0.750000 0.500000
vt 0.750000 1.000000
vt 0.718750 0.500000
vt 0.718750 1.000000
vt 0.687500 0.500000
vt 0.687500 1.000000
vt 0.656250 0.500000
vt 0.656250 1.000000
vt 0.625000 0.500000
vt 0.625000 1.000000
vt 0.593750 0.500000
vt 0.593750 1.000000
vt 0.562500 0.500000
vt 0.562500 1.000000
vt 0.531250 0.500000
vt 0.531250 1.000000
vt 0.500000 0.500000
vt 0.500000 1.000000
vt 0.468750 0.500000
vt 0.468750 1.000000
vt 0.437500 0.500000
vt 0.437500 1.000000
vt 0.406250 0.500000
vt 0.406250 1.000000
vt 0.375000 0.500000
vt 0.375000 1.000000
vt 0.343750 0.500000
vt 0.343750 1.000000
vt 0.312500 0.500000
vt 0.312500 1.000000
vt 0.281250 0.500000
vt 0.281250 1.000000
vt 0.250000 0.500000
vt 0.250000 1.000000
vt 0.218750 0.500000
vt 0.218750 1.000000
vt 0.187500 0.500000
vt 0.187500 1.000000
vt 0.156250 0.500000
vt 0.156250 1.000000
vt 0.125000 0.500000
vt 0.125000 1.000000
vt 0.093750 0.500000
vt 0.093750 1.000000
vt 0.062500 0.500000
vt 0.158156 0.028269
vt 0.471731 0.158156
vt 0.341844 0.471731
vt 0.062500 1.000000
vt 0.031250 0.500000
vt 0.031250 1.000000
vt 0.000000 0.500000
vt 0.796822 0.014612
vt 0.514612 0.203178
vt 0.703178 0.485388
vt 0.296822 0.485388
vt 0.250000 0.490000
vt 0.203178 0.485388
vt 0.158156 0.471731
vt 0.116663 0.449553
vt 0.080294 0.419706
vt 0.050447 0.383337
vt 0.028269 0.341844
vt 0.014612 0.296822
vt 0.010000 0.250000
vt 0.014612 0.203178
vt 0.028269 0.158156
vt 0.050447 0.116663
vt 0.080294 0.080294
vt 0.116663 0.050447
vt 0.203178 0.014612
vt 0.250000 0.010000
vt 0.296822 0.014612
vt 0.341844 0.028269
vt 0.383337 0.050447
vt 0.419706 0.080294
vt 0.449553 0.116663
vt 0.485388 0.203178
vt 0.490000 0.250000
vt 0.485388 0.296822
vt 0.471731 0.341844
vt 0.449553 0.383337
vt 0.419706 0.419706
vt 0.383337 0.449553
vt 0.000000 1.000000
vt 0.750000 0.490000
vt 0.796822 0.485388
vt 0.841844 0.471731
vt 0.883337 0.449553
vt 0.919706 0.419706
vt 0.949553 0.383337
vt 0.971731 0.341844
vt 0.985388 0.296822
vt 0.990000 0.250000
vt 0.985388 0.203178
vt 0.971731 0.158156
vt 0.949553 0.116663
vt 0.919706 0.080294
vt 0.883337 0.050447
vt 0.841844 0.028269
vt 0.750000 0.010000
vt 0.703178 0.014612
vt 0.658156 0.028269
vt 0.616663 0.050447
vt 0.580294 0.080294
vt 0.550447 0.116663
vt 0.528269 0.158156
vt 0.510000 0.250000
vt 0.514612 0.296822
vt 0.528269 0.341844
vt 0.550447 0.383337
vt 0.580294 0.419706
vt 0.616663 0.449553
vt 0.658156 0.471731
s 0
f 570/641/618 571/642/618 569/643/618
f 572/644/619 573/645/619 571/642/619
f 574/646/620 575/647/620 573/645/620
f 576/648/621 577/649/621 575/647/621
f 578/650/622 579/651/622 577/649/622
f 580/652/623 581/653/623 579/651/623
f 582/654/624 583/655/624 581/653/624
f 584/656/625 585/657/625 583/655/625
f 586/658/626 587/659/626 585/657/626
f 588/660/627 589/661/627 587/659/627
f 590/662/628 591/663/628 589/661/628
f 592/664/629 593/665/629 591/663/629
f 594/666/630 595/667/630 593/665/630
f 596/668/631 597/669/631 595/667/631
f 598/670/632 599/671/632 597/669/632
f 600/672/633 601/673/633 599/671/633
f 602/674/634 603/675/634 601/673/634
f 604/676/635 605/677/635 603/675/635
f 606/678/636 607/679/636 605/677/636
f 608/680/637 609/681/637 607/679/637
f 610/682/638 611/683/638 609/681/638
f 612/684/639 613/685/639 611/683/639
f 614/686/640 615/687/640 613/685/640
f 616/688/641 617/689/641 615/687/641
f 618/690/642 619/691/642 617/689/642
f 620/692/643 621/693/643 619/691/643
f 622/694/644 623/695/644 621/693/644
f 624/696/645 625/697/645 623/695/645
f 626/698/646 627/699/646 625/697/646
f 628/700/647 629/701/647 627/699/647
f 606/702/648 590/703/648 574/704/648
f 630/705/649 631/706/649 629/701/649
f 632/707/650 569/708/650 631/706/650
f 599/709/651 615/710/651 631/711/651
f 570/641/618 572/644/618 571/642/618
f 572/644/619 574/646/619 573/645/619
f 574/646/620 576/648/620 575/647/620
f 576/648/621 578/650/621 577/649/621
f 578/650/622 580/652/622 579/651/622
f 580/652/623 582/654/623 581/653/623
f 582/654/624 584/656/624 583/655/624
f 584/656/625 586/658/625 585/657/625
f 586/658/626 588/660/626 587/659/626
f 588/660/627 590/662/627 589/661/627
f 590/662/628 592/664/628 591/663/628
f 592/664/629 594/666/629 593/665/629
f 594/666/630 596/668/630 595/667/630
f 596/668/631 598/670/631 597/669/631
f 598/670/632 600/672/632 599/671/632
f 600/672/633 602/674/633 601/673/633
f 602/674/634 604/676/634 603/675/634
f 604/676/635 606/678/635 605/677/635
f 606/678/636 608/680/636 607/679/636
f 608/680/637 610/682/637 609/681/637
f 610/682/638 612/684/638 611/683/638
f 612/684/639 614/686/639 613/685/639
f 614/686/640 616/688/640 615/687/640
f 616/688/641 618/690/641 617/689/641
f 618/690/642 620/692/642 619/691/642
f 620/692/643 622/694/643 621/693/643
f 622/694/644 624/696/644 623/695/644
f 624/696/645 626/698/645 625/697/645
f 626/698/646 628/700/646 627/699/646
f 628/700/647 630/705/647 629/701/647
f 574/704/648 572/712/648 570/713/648
f 570/713/648 632/714/648 630/715/648
f 630/715/648 628/716/648 626/717/648
f 626/717/648 624/718/648 622/719/648
f 622/719/648 620/720/648 618/721/648
f 618/721/648 616/722/648 614/723/648
f 614/723/648 612/724/648 610/725/648
f 610/725/648 608/726/648 606/702/648
f 606/702/648 604/727/648 602/728/648
f 602/728/648 600/729/648 598/730/648
f 598/730/648 596/731/648 594/732/648
f 594/732/648 592/733/648 590/703/648
f 590/703/648 588/734/648 586/735/648
f 586/735/648 584/736/648 582/737/648
f 582/737/648 580/738/648 578/739/648
f 578/739/648 576/740/648 574/704/648
f 574/704/648 570/713/648 630/715/648
f 630/715/648 626/717/648 622/719/648
f 622/719/648 618/721/648 614/723/648
f 614/723/648 610/725/648 606/702/648
f 606/702/648 602/728/648 598/730/648
f 598/730/648 594/732/648 590/703/648
f 590/703/648 586/735/648 582/737/648
f 582/737/648 578/739/648 574/704/648
f 574/704/648 630/715/648 622/719/648
f 622/719/648 614/723/648 606/702/648
f 606/702/648 598/730/648 590/703/648
f 590/703/648 582/737/648 574/704/648
f 574/704/648 622/719/648 606/702/648
f 630/705/649 632/707/649 631/706/649
f 632/707/650 570/741/650 569/708/650
f 631/711/651 569/742/651 571/743/651
f 571/743/651 573/744/651 575/745/651
f 575/745/651 577/746/651 579/747/651
f 579/747/651 581/748/651 583/749/651
f 583/749/651 585/750/651 587/751/651
f 587/751/651 589/752/651 591/753/651
f 591/753/651 593/754/651 595/755/651
f 595/755/651 597/756/651 599/709/651
f 599/709/651 601/757/651 603/758/651
f 603/758/651 605/759/651 607/760/651
f 607/760/651 609/761/651 611/762/651
f 611/762/651 613/763/651 615/710/651
f 615/710/651 617/764/651 619/765/651
f 619/765/651 621/766/651 623/767/651
f 623/767/651 625/768/651 627/769/651
f 627/769/651 629/770/651 631/711/651
f 631/711/651 571/743/651 575/745/651
f 575/745/651 579/747/651 583/749/651
f 583/749/651 587/751/651 591/753/651
f 591/753/651 595/755/651 599/709/651
f 599/709/651 603/758/651 607/760/651
f 607/760/651 611/762/651 615/710/651
f 615/710/651 619/765/651 623/767/651
f 623/767/651 627/769/651 631/711/651
f 631/711/651 575/745/651 583/749/651
f 583/749/651 591/753/651 599/709/651
f 599/709/651 607/760/651 615/710/651
f 615/710/651 623/767/651 631/711/651
f 631/711/651 583/749/651 599/709/651
o Cone
v 0.000000 -1.000000 -1.000000
v 0.195090 -1.000000 -0.980785
v 0.382683 -1.000000 -0.923880
v 0.555570 -1.000000 -0.831470
v 0.707107 -1.000000 -0.707107
v 0.831470 -1.000000 -0.555570
v 0.923880 -1.000000 -0.382683
v 0.980785 -1.000000 -0.195090
v 1.000000 -1.000000 0.000000
v 0.980785 -1.000000 0.195090
v 0.923880 -1.000000 0.382683
v 0.831470 -1.000000 0.555570
v 0.707107 -1.000000 0.707107
v 0.555570 -1.000000 0.831470
v 0.382683 -1.000000 0.923880
v 0.195090 -1.000000 0.980785
v 0.000000 -1.000000 1.000000
v -0.195090 -1.000000 0.980785
v -0.382683 -1.000000 0.923880
v -0.555570 -1.000000 0.831470
v -0.707107 -1.000000 0.707107
v -0.831470 -1.000000 0.555570
v -0.923880 -1.000000 0.382683
v -0.980785 -1.000000 0.195090
v -1.000000 -1.000000 0.000000
v -0.980785 -1.000000 -0.195090
v -0.923880 -1.000000 -0.382683
v -0.831470 -1.000000 -0.555570
v -0.707107 -1.000000 -0.707107
v -0.555570 -1.000000 -0.831470
v -0.382683 -1.000000 -0.923880
v -0.195090 -1.000000 -0.980785
v 0.000000 1.000000 0.000000
vn 0.0878 0.4455 -0.8910
vn 0.2599 0.4455 -0.8567
vn 0.4220 0.4455 -0.7896
vn 0.5680 0.4455 -0.6921
vn 0.6921 0.4455 -0.5680
vn 0.7896 0.4455 -0.4220
vn 0.8567 0.4455 -0.2599
vn 0.8910 0.4455 -0.0878
vn 0.8910 0.4455 0.0878
vn 0.8567 0.4455 0.2599
vn 0.7896 0.4455 0.4220
vn 0.6921 0.4455 0.5680
vn 0.5680 0.4455 0.6921
vn 0.4220 0.4455 0.7896
vn 0.2599 0.4455 0.8567
vn 0.0878 0.4455 0.8910
vn -0.0878 0.4455 0.8910
vn -0.2599 0.4455 0.8567
vn -0.4220 0.4455 0.7896
vn -0.5680 0.4455 0.6921
vn -0.6921 0.4455 0.5680
vn -0.7896 0.4455 0.4220
vn -0.8567 0.4455 0.2599
vn -0.8910 0.4455 0.0878
vn -0.8910 0.4455 -0.0878
vn -0.8567 0.4455 -0.2599
vn -0.7896 0.4455 -0.4220
vn -0.6921 0.4455 -0.5680
vn -0.5680 0.4455 -0.6921
vn -0.4220 0.4455 -0.7896
vn -0.0000 -1.0000 -0.0000
vn -0.2599 0.4455 -0.8567
vn -0.0878 0.4455 -0.8910
vt 0.250000 0.490000
vt 0.250000 0.250000
vt 0.296822 0.485388
vt 0.341844 0.471731
vt 0.383337 0.449553
vt 0.419706 0.419706
vt 0.449553 0.383337
vt 0.471731 0.341844
vt 0.485388 0.296822
vt 0.490000 0.250000
vt 0.485388 0.203178
vt 0.471731 0.158156
vt 0.449553 0.116663
vt 0.419706 0.080294
vt 0.383337 0.050447
vt 0.341844 0.028269
vt 0.296822 0.014612
vt 0.250000 0.010000
vt 0.203178 0.014612
vt 0.158156 0.028269
vt 0.116663 0.050447
vt 0.080294 0.080294
vt 0.050447 0.116663
vt 0.028269 0.158156
vt 0.014612 0.203178
vt 0.010000 0.250000
vt 0.014612 0.296822
vt 0.028269 0.341844
vt 0.050447 0.383337
vt 0.080294 0.419706
vt 0.116663 0.449553
vt 0.158156 0.471731
vt 0.796822 0.014612
vt 0.514612 0.203178
vt 0.703178 0.485388
vt 0.203178 0.485388
vt 0.750000 0.490000
vt 0.796822 0.485388
vt 0.841844 0.471731
vt 0.883337 0.449553
vt 0.919706 0.419706
vt 0.949553 0.383337
vt 0.971731 0.341844
vt 0.985388 0.296822
vt 0.990000 0.250000
vt 0.985388 0.203178
vt 0.971731 0.158156
vt 0.949553 0.116663
vt 0.919706 0.080294
vt 0.883337 0.050447
vt 0.841844 0.028269
vt 0.750000 0.010000
vt 0.703178 0.014612
vt 0.658156 0.028269
vt 0.616663 0.050447
vt 0.580294 0.080294
vt 0.550447 0.116663
vt 0.528269 0.158156
vt 0.510000 0.250000
vt 0.514612 0.296822
vt 0.528269 0.341844
vt 0.550447 0.383337
vt 0.580294 0.419706
vt 0.616663 0.449553
vt 0.658156 0.471731
s 0
f 633/771/652 665/772/652 634/773/652
f 634/773/653 665/772/653 635/774/653
f 635/774/654 665/772/654 636/775/654
f 636/775/655 665/772/655 637/776/655
f 637/776/656 665/772/656 638/777/656
f 638/777/657 665/772/657 639/778/657
f 639/778/658 665/772/658 640/779/658
f 640/779/659 665/772/659 641/780/659
f 641/780/660 665/772/660 642/781/660
f 642/781/661 665/772/661 643/782/661
f 643/782/662 665/772/662 644/783/662
f 644/783/663 665/772/663 645/784/663
f 645/784/664 665/772/664 646/785/664
f 646/785/665 665/772/665 647/786/665
f 647/786/666 665/772/666 648/787/666
f 648/787/667 665/772/667 649/788/667
f 649/788/668 665/772/668 650/789/668
f 650/789/669 665/772/669 651/790/669
f 651/790/670 665/772/670 652/791/670
f 652/791/671 665/772/671 653/792/671
f 653/792/672 665/772/672 654/793/672
f 654/793/673 665/772/673 655/794/673
f 655/794/674 665/772/674 656/795/674
f 656/795/675 665/772/675 657/796/675
f 657/796/676 665/772/676 658/797/676
f 658/797/677 665/772/677 659/798/677
f 659/798/678 665/772/678 660/799/678
f 660/799/679 665/772/679 661/800/679
f 661/800/680 665/772/680 662/801/680
f 662/801/681 665/772/681 663/802/681
f 648/803/682 656/804/682 664/805/682
f 663/802/683 665/772/683 664/806/683
f 664/806/684 665/772/684 633/771/684
f 664/805/682 633/807/682 634/808/682
f 634/808/682 635/809/682 636/810/682
f 636/810/682 637/811/682 638/812/682
f 638/812/682 639/813/682 640/814/682
f 640/814/682 641/815/682 642/816/682
f 642/816/682 643/817/682 644/818/682
f 644/818/682 645/819/682 646/820/682
f 646/820/682 647/821/682 648/803/682
f 648/803/682 649/822/682 650/823/682
f 650/823/682 651/824/682 652/825/682
f 652/825/682 653/826/682 654/827/682
f 654/827/682 655/828/682 656/804/682
f 656/804/682 657/829/682 658/830/682
f 658/830/682 659/831/682 660/832/682
f 660/832/682 661/833/682 662/834/682
f 662/834/682 663/835/682 664/805/682
f 664/805/682 634/808/682 636/810/682
f 636/810/682 638/812/682 640/814/682
f 640/814/682 642/816/682 644/818/682
f 644/818/682 646/820/682 648/803/682
f 648/803/682 650/823/682 652/825/682
f 652/825/682 654/827/682 656/804/682
f 656/804/682 658/830/682 660/832/682
f 660/832/682 662/834/682 664/805/682
f 664/805/682 636/810/682 640/814/682
f 640/814/682 644/818/682 648/803/682
f 648/803/682 652/825/682 656/804/682
f 656/804/682 660/832/682 664/805/682
f 664/805/682 640/814/682 648/803/682
o Torus
v 1.250000 0.000000 0.000000
v 1.216506 0.125000 0.000000
v 1.125000 0.216506 0.000000
v 1.000000 0.250000 0.000000
v 0.875000 0.216506 0.000000
v 0.783494 0.125000 0.000000
v 0.750000 0.000000 0.000000
v 0.783494 -0.125000 0.000000
v 0.875000 -0.216506 0.000000
v 1.000000 -0.250000 0.000000
v 1.125000 -0.216506 0.000000
v 1.216506 -0.125000 0.000000
v 1.239306 0.000000 -0.163158
v 1.206099 0.125000 -0.158786
v 1.115376 0.216506 -0.146842
v 0.991445 0.250000 -0.130526
v 0.867514 0.216506 -0.114210
v 0.776791 0.125000 -0.102266
v 0.743584 0.000000 -0.097895
v 0.776791 -0.125000 -0.102266
v 0.867514 -0.216506 -0.114210
v 0.991445 -0.250000 -0.130526
v 1.115376 -0.216506 -0.146842
v 1.206099 -0.125000 -0.158786
v 1.207407 0.000000 -0.323524
v 1.175055 0.125000 -0.314855
v 1.086667 0.216506 -0.291171
v 0.965926 0.250000 -0.258819
v 0.845185 0.216506 -0.226467
v 0.756797 0.125000 -0.202783
v 0.724444 0.000000 -0.194114
v 0.756797 -0.125000 -0.202783
v 0.845185 -0.216506 -0.226467
v 0.965926 -0.250000 -0.258819
v 1.086667 -0.216506 -0.291171
v 1.175055 -0.125000 -0.314855
v 1.154849 0.000000 -0.478354
v 1.123905 0.125000 -0.465537
v 1.039364 0.216506 -0.430519
v 0.923880 0.250000 -0.382683
v 0.808395 0.216506 -0.334848
v 0.723854 0.125000 -0.299830
v 0.692910 0.000000 -0.287013
v 0.723854 -0.125000 -0.299830
v 0.808395 -0.216506 -0.334848
v 0.923880 -0.250000 -0.382683
v 1.039364 -0.216506 -0.430519
v 1.123905 -0.125000 -0.465537
v 1.082532 0.000000 -0.625000
v 1.053525 0.125000 -0.608253
v 0.974279 0.216506 -0.562500
v 0.866025 0.250000 -0.500000
v 0.757772 0.216506 -0.437500
v 0.678525 0.125000 -0.391747
v 0.649519 0.000000 -0.375000
v 0.678525 -0.125000 -0.391747
v 0.757772 -0.216506 -0.437500
v 0.866025 -0.250000 -0.500000
v 0.974279 -0.216506 -0.562500
v 1.053525 -0.125000 -0.608253
v 0.991692 0.000000 -0.760952
v 0.965119 0.125000 -0.740562
v 0.892523 0.216506 -0.684856
v 0.793353 0.250000 -0.608761
v 0.694184 0.216506 -0.532666
v 0.621587 0.125000 -0.476961
v 0.595015 0.000000 -0.456571
v 0.621587 -0.125000 -0.476961
v 0.694184 -0.216506 -0.532666
v 0.793353 -0.250000 -0.608761
v 0.892523 -0.216506 -0.684856
v 0.965119 -0.125000 -0.740562
v 0.883883 0.000000 -0.883884
v 0.860200 0.125000 -0.860200
v 0.795495 0.216506 -0.795495
v 0.707107 0.250000 -0.707107
v 0.618718 0.216506 -0.618719
v 0.554014 0.125000 -0.554014
v 0.530330 0.000000 -0.530330
v 0.554014 -0.125000 -0.554014
v 0.618718 -0.216506 -0.618719
v 0.707107 -0.250000 -0.707107
v 0.795495 -0.216506 -0.795495
v 0.860200 -0.125000 -0.860200
v 0.760952 0.000000 -0.991691
v 0.740562 0.125000 -0.965119
v 0.684857 0.216506 -0.892522
v 0.608762 0.250000 -0.793353
v 0.532666 0.216506 -0.694184
v 0.476961 0.125000 -0.621587
v 0.456571 0.000000 -0.595015
v 0.476961 -0.125000 -0.621587
v 0.532666 -0.216506 -0.694184
v 0.608762 -0.250000 -0.793353
v 0.684857 -0.216506 -0.892522
v 0.740562 -0.125000 -0.965119
v 0.625000 0.000000 -1.082532
v 0.608253 0.125000 -1.053525
v 0.562500 0.216506 -0.974279
v 0.500000 0.250000 -0.866025
v 0.437500 0.216506 -0.757772
v 0.391747 0.125000 -0.678525
v 0.375000 0.000000 -0.649519
v 0.391747 -0.125000 -0.678525
v 0.437500 -0.216506 -0.757772
v 0.500000 -0.250000 -0.866025
v 0.562500 -0.216506 -0.974279
v 0.608253 -0.125000 -1.053525
v 0.478355 0.000000 -1.154849
v 0.465537 0.125000 -1.123905
v 0.430519 0.216506 -1.039364
v 0.382684 0.250000 -0.923879
v 0.334848 0.216506 -0.808394
v 0.299830 0.125000 -0.723854
v 0.287013 0.000000 -0.692910
v 0.299830 -0.125000 -0.723854
v 0.334848 -0.216506 -0.808394
v 0.382684 -0.250000 -0.923879
v 0.430519 -0.216506 -1.039364
v 0.465537 -0.125000 -1.123905
v 0.323524 0.000000 -1.207407
v 0.314855 0.125000 -1.175055
v 0.291171 0.216506 -1.086667
v 0.258819 0.250000 -0.965926
v 0.226467 0.216506 -0.845185
v 0.202783 0.125000 -0.756797
v 0.194114 0.000000 -0.724444
v 0.202783 -0.125000 -0.756797
v 0.226467 -0.216506 -0.845185
v 0.258819 -0.250000 -0.965926
v 0.291171 -0.216506 -1.086667
v 0.314855 -0.125000 -1.175055
v 0.163158 0.000000 -1.239306
v 0.158786 0.125000 -1.206099
v 0.146842 0.216506 -1.115376
v 0.130526 0.250000 -0.991445
v 0.114210 0.216506 -0.867514
v 0.102266 0.125000 -0.776791
v 0.097895 0.000000 -0.743584
v 0.102266 -0.125000 -0.776791
v 0.114210 -0.216506 -0.867514
v 0.130526 -0.250000 -0.991445
v 0.146842 -0.216506 -1.115376
v 0.158786 -0.125000 -1.206099
v 0.000000 0.000000 -1.250000
v 0.000000 0.125000 -1.216506
v 0.000000 0.216506 -1.125000
v 0.000000 0.250000 -1.000000
v 0.000000 0.216506 -0.875000
v 0.000000 0.125000 -0.783494
v 0.000000 0.000000 -0.750000
v 0.000000 -0.125000 -0.783494
v 0.000000 -0.216506 -0.875000
v 0.000000 -0.250000 -1.000000
v 0.000000 -0.216506 -1.125000
v 0.000000 -0.125000 -1.216506
v -0.163158 0.000000 -1.239306
v -0.158786 0.125000 -1.206099
v -0.146842 0.216506 -1.115375
v -0.130526 0.250000 -0.991445
v -0.114211 0.216506 -0.867514
v -0.102267 0.125000 -0.776791
v -0.097895 0.000000 -0.743584
v -0.102267 -0.125000 -0.776791
v -0.114211 -0.216506 -0.867514
v -0.130526 -0.250000 -0.991445
v -0.146842 -0.216506 -1.115375
v -0.158786 -0.125000 -1.206099
v -0.323524 0.000000 -1.207407
v -0.314855 0.125000 -1.175055
v -0.291171 0.216506 -1.086667
v -0.258819 0.250000 -0.965926
v -0.226467 0.216506 -0.845185
v -0.202783 0.125000 -0.756797
v -0.194114 0.000000 -0.724444
v -0.202783 -0.125000 -0.756797
v -0.226467 -0.216506 -0.845185
v -0.258819 -0.250000 -0.965926
v -0.291171 -0.216506 -1.086667
v -0.314855 -0.125000 -1.175055
v -0.478354 0.000000 -1.154849
v -0.465537 0.125000 -1.123905
v -0.430519 0.216506 -1.039364
v -0.382684 0.250000 -0.923880
v -0.334848 0.216506 -0.808395
v -0.299830 0.125000 -0.723854
v -0.287013 0.000000 -0.692910
v -0.299830 -0.125000 -0.723854
v -0.334848 -0.216506 -0.808395
v -0.382684 -0.250000 -0.923880
v -0.430519 -0.216506 -1.039364
v -0.465537 -0.125000 -1.123905
v -0.625000 0.000000 -1.082532
v -0.608253 0.125000 -1.053526
v -0.562500 0.216506 -0.974279
v -0.500000 0.250000 -0.866026
v -0.437500 0.216506 -0.757772
v -0.391747 0.125000 -0.678525
v -0.375000 0.000000 -0.649519
v -0.391747 -0.125000 -0.678525
v -0.437500 -0.216506 -0.757772
v -0.500000 -0.250000 -0.866026
v -0.562500 -0.216506 -0.974279
v -0.608253 -0.125000 -1.053526
v -0.760952 0.000000 -0.991692
v -0.740562 0.125000 -0.965119
v -0.684857 0.216506 -0.892522
v -0.608761 0.250000 -0.793353
v -0.532666 0.216506 -0.694184
v -0.476961 0.125000 -0.621587
v -0.456571 0.000000 -0.595015
v -0.476961 -0.125000 -0.621587
v -0.532666 -0.216506 -0.694184
v -0.608761 -0.250000 -0.793353
v -0.684857 -0.216506 -0.892522
v -0.740562 -0.125000 -0.965119
v -0.883884 0.000000 -0.883883
v -0.860200 0.125000 -0.860200
v -0.795495 0.216506 -0.795495
v -0.707107 0.250000 -0.707107
v -0.618719 0.216506 -0.618718
v -0.554014 0.125000 -0.554013
v -0.530330 0.000000 -0.530330
v -0.554014 -0.125000 -0.554013
v -0.618719 -0.216506 -0.618718
v -0.707107 -0.250000 -0.707107
v -0.795495 -0.216506 -0.795495
v -0.860200 -0.125000 -0.860200
v -0.991692 0.000000 -0.760952
v -0.965119 0.125000 -0.740562
v -0.892522 0.216506 -0.684857
v -0.793353 0.250000 -0.608761
v -0.694184 0.216506 -0.532666
v -0.621587 0.125000 -0.476961
v -0.595015 0.000000 -0.456571
v -0.621587 -0.125000 -0.476961
v -0.694184 -0.216506 -0.532666
v -0.793353 -0.250000 -0.608761
v -0.892522 -0.216506 -0.684857
v -0.965119 -0.125000 -0.740562
v -1.082532 0.000000 -0.625000
v -1.053525 0.125000 -0.608253
v -0.974278 0.216506 -0.562500
v -0.866025 0.250000 -0.500000
v -0.757772 0.216506 -0.437500
v -0.678525 0.125000 -0.391747
v -0.649519 0.000000 -0.375000
v -0.678525 -0.125000 -0.391747
v -0.757772 -0.216506 -0.437500
v -0.866025 -0.250000 -0.500000
v -0.974278 -0.216506 -0.562500
v -1.053525 -0.125000 -0.608253
v -1.154849 0.000000 -0.478354
v -1.123905 0.125000 -0.465537
v -1.039364 0.216506 -0.430519
v -0.923880 0.250000 -0.382683
v -0.808395 0.216506 -0.334848
v -0.723854 0.125000 -0.299830
v -0.692910 0.000000 -0.287013
v -0.723854 -0.125000 -0.299830
v -0.808395 -0.216506 -0.334848
v -0.923880 -0.250000 -0.382683
v -1.039364 -0.216506 -0.430519
v -1.123905 -0.125000 -0.465537
v -1.207407 0.000000 -0.323524
v -1.175055 0.125000 -0.314855
v -1.086667 0.216506 -0.291171
v -0.965926 0.250000 -0.258819
v -0.845185 0.216506 -0.226467
v -0.756797 0.125000 -0.202783
v -0.724444 0.000000 -0.194114
v -0.756797 -0.125000 -0.202783
v -0.845185 -0.216506 -0.226467
v -0.965926 -0.250000 -0.258819
v -1.086667 -0.216506 -0.291171
v -1.175055 -0.125000 -0.314855
v -1.239306 0.000000 -0.163158
v -1.206099 0.125000 -0.158786
v -1.115375 0.216506 -0.146842
v -0.991445 0.250000 -0.130526
v -0.867514 0.216506 -0.114211
v -0.776791 0.125000 -0.102267
v -0.743584 0.000000 -0.097895
v -0.776791 -0.125000 -0.102267
v -0.867514 -0.216506 -0.114211
v -0.991445 -0.250000 -0.130526
v -1.115375 -0.216506 -0.146842
v -1.206099 -0.125000 -0.158786
v -1.250000 0.000000 -0.000000
v -1.216506 0.125000 -0.000000
v -1.125000 0.216506 -0.000000
v -1.000000 0.250000 -0.000000
v -0.875000 0.216506 -0.000000
v -0.783494 0.125000 -0.000000
v -0.750000 0.000000 -0.000000
v -0.783494 -0.125000 -0.000000
v -0.875000 -0.216506 -0.000000
v -1.000000 -0.250000 -0.000000
v -1.125000 -0.216506 -0.000000
v -1.216506 -0.125000 -0.000000
v -1.239306 0.000000 0.163158
v -1.206099 0.125000 0.158786
v -1.115375 0.216506 0.146842
v -0.991445 0.250000 0.130526
v -0.867514 0.216506 0.114211
v -0.776791 0.125000 0.102267
v -0.743584 0.000000 0.097895
v -0.776791 -0.125000 0.102267
v -0.867514 -0.216506 0.114211
v -0.991445 -0.250000 0.130526
v -1.115375 -0.216506 0.146842
v -1.206099 -0.125000 0.158786
v -1.207407 0.000000 0.323524
v -1.175055 0.125000 0.314855
v -1.086667 0.216506 0.291171
v -0.965926 0.250000 0.258819
v -0.845185 0.216506 0.226467
v -0.756797 0.125000 0.202783
v -0.724444 0.000000 0.194114
v -0.756797 -0.125000 0.202783
v -0.845185 -0.216506 0.226467
v -0.965926 -0.250000 0.258819
v -1.086667 -0.216506 0.291171
v -1.175055 -0.125000 0.314855
v -1.154850 0.000000 0.478354
v -1.123906 0.125000 0.465536
v -1.039365 0.216506 0.430518
v -0.923880 0.250000 0.382683
v -0.808395 0.216506 0.334848
v -0.723854 0.125000 0.299830
v -0.692910 0.000000 0.287012
v -0.723854 -0.125000 0.299830
v -0.808395 -0.216506 0.334848
v -0.923880 -0.250000 0.382683
v -1.039365 -0.216506 0.430518
v -1.123906 -0.125000 0.465536
v -1.082532 0.000000 0.625000
v -1.053526 0.125000 0.608253
v -0.974279 0.216506 0.562500
v -0.866026 0.250000 0.500000
v -0.757772 0.216506 0.437500
v -0.678525 0.125000 0.391747
v -0.649519 0.000000 0.375000
v -0.678525 -0.125000 0.391747
v -0.757772 -0.216506 0.437500
v -0.866026 -0.250000 0.500000
v -0.974279 -0.216506 0.562500
v -1.053526 -0.125000 0.608253
v -0.991692 0.000000 0.760952
v -0.965119 0.125000 0.740562
v -0.892522 0.216506 0.684857
v -0.793353 0.250000 0.608761
v -0.694184 0.216506 0.532666
v -0.621587 0.125000 0.476961
v -0.595015 0.000000 0.456571
v -0.621587 -0.125000 0.476961
v -0.694184 -0.216506 0.532666
v -0.793353 -0.250000 0.608761
v -0.892522 -0.216506 0.684857
v -0.965119 -0.125000 0.740562
v -0.883884 0.000000 0.883883
v -0.860200 0.125000 0.860200
v -0.795495 0.216506 0.795495
v -0.707107 0.250000 0.707107
v -0.618719 0.216506 0.618718
v -0.554014 0.125000 0.554013
v -0.530330 0.000000 0.530330
v -0.554014 -0.125000 0.554013
v -0.618719 -0.216506 0.618718
v -0.707107 -0.250000 0.707107
v -0.795495 -0.216506 0.795495
v -0.860200 -0.125000 0.860200
v -0.760952 0.000000 0.991691
v -0.740563 0.125000 0.965119
v -0.684857 0.216506 0.892522
v -0.608762 0.250000 0.793353
v -0.532667 0.216506 0.694184
v -0.476961 0.125000 0.621587
v -0.456571 0.000000 0.595015
v -0.476961 -0.125000 0.621587
v -0.532667 -0.216506 0.694184
v -0.608762 -0.250000 0.793353
v -0.684857 -0.216506 0.892522
v -0.740563 -0.125000 0.965119
v -0.625000 0.000000 1.082532
v -0.608253 0.125000 1.053526
v -0.562500 0.216506 0.974279
v -0.500000 0.250000 0.866026
v -0.437500 0.216506 0.757772
v -0.391747 0.125000 0.678525
v -0.375000 0.000000 0.649519
v -0.391747 -0.125000 0.678525
v -0.437500 -0.216506 0.757772
v -0.500000 -0.250000 0.866026
v -0.562500 -0.216506 0.974279
v -0.608253 -0.125000 1.053526
v -0.478354 0.000000 1.154849
v -0.465537 0.125000 1.123905
v -0.430519 0.216506 1.039364
v -0.382684 0.250000 0.923880
v -0.334848 0.216506 0.808395
v -0.299830 0.125000 0.723854
v -0.287013 0.000000 0.692910
v -0.299830 -0.125000 0.723854
v -0.334848 -0.216506 0.808395
v -0.382684 -0.250000 0.923880
v -0.430519 -0.216506 1.039364
v -0.465537 -0.125000 1.123905
v -0.323524 0.000000 1.207407
v -0.314855 0.125000 1.175055
v -0.291172 0.216506 1.086666
v -0.258819 0.250000 0.965926
v -0.226467 0.216506 0.845185
v -0.202783 0.125000 0.756797
v -0.194115 0.000000 0.724444
v -0.202783 -0.125000 0.756797
v -0.226467 -0.216506 0.845185
v -0.258819 -0.250000 0.965926
v -0.291172 -0.216506 1.086666
v -0.314855 -0.125000 1.175055
v -0.163158 0.000000 1.239306
v -0.158787 0.125000 1.206099
v -0.146843 0.216506 1.115375
v -0.130527 0.250000 0.991445
v -0.114211 0.216506 0.867514
v -0.102267 0.125000 0.776791
v -0.097895 0.000000 0.743584
v -0.102267 -0.125000 0.776791
v -0.114211 -0.216506 0.867514
v -0.130527 -0.250000 0.991445
v -0.146843 -0.216506 1.115375
v -0.158787 -0.125000 1.206099
v 0.000000 0.000000 1.250000
v 0.000000 0.125000 1.216506
v 0.000000 0.216506 1.125000
v 0.000000 0.250000 1.000000
v 0.000000 0.216506 0.875000
v 0.000000 0.125000 0.783494
v 0.000000 0.000000 0.750000
v 0.000000 -0.125000 0.783494
v 0.000000 -0.216506 0.875000
v 0.000000 -0.250000 1.000000
v 0.000000 -0.216506 1.125000
v 0.000000 -0.125000 1.216506
v 0.163158 0.000000 1.239306
v 0.158786 0.125000 1.206099
v 0.146842 0.216506 1.115376
v 0.130526 0.250000 0.991445
v 0.114210 0.216506 0.867514
v 0.102266 0.125000 0.776791
v 0.097895 0.000000 0.743584
v 0.102266 -0.125000 0.776791
v 0.114210 -0.216506 0.867514
v 0.130526 -0.250000 0.991445
v 0.146842 -0.216506 1.115376
v 0.158786 -0.125000 1.206099
v 0.323523 0.000000 1.207407
v 0.314854 0.125000 1.175055
v 0.291171 0.216506 1.086667
v 0.258819 0.250000 0.965926
v 0.226466 0.216506 0.845185
v 0.202783 0.125000 0.756797
v 0.194114 0.000000 0.724444
v 0.202783 -0.125000 0.756797
v 0.226466 -0.216506 0.845185
v 0.258819 -0.250000 0.965926
v 0.291171 -0.216506 1.086667
v 0.314854 -0.125000 1.175055
v 0.478355 0.000000 1.154849
v 0.465537 0.125000 1.123905
v 0.430519 0.216506 1.039364
v 0.382684 0.250000 0.923879
v 0.334848 0.216506 0.808394
v 0.299830 0.125000 0.723854
v 0.287013 0.000000 0.692910
v 0.299830 -0.125000 0.723854
v 0.334848 -0.216506 0.808394
v 0.382684 -0.250000 0.923879
v 0.430519 -0.216506 1.039364
v 0.465537 -0.125000 1.123905
v 0.625000 0.000000 1.082532
v 0.608253 0.125000 1.053525
v 0.562500 0.216506 0.974279
v 0.500000 0.250000 0.866025
v 0.437500 0.216506 0.757772
v 0.391747 0.125000 0.678525
v 0.375000 0.000000 0.649519
v 0.391747 -0.125000 0.678525
v 0.437500 -0.216506 0.757772
v 0.500000 -0.250000 0.866025
v 0.562500 -0.216506 0.974279
v 0.608253 -0.125000 1.053525
v 0.760952 0.000000 0.991692
v 0.740562 0.125000 0.965120
v 0.684856 0.216506 0.892523
v 0.608761 0.250000 0.793353
v 0.532666 0.216506 0.694184
v 0.476961 0.125000 0.621587
v 0.456571 0.000000 0.595015
v 0.476961 -0.125000 0.621587
v 0.532666 -0.216506 0.694184
v 0.608761 -0.250000 0.793353
v 0.684856 -0.216506 0.892523
v 0.740562 -0.125000 0.965120
v 0.883883 0.000000 0.883884
v 0.860199 0.125000 0.860200
v 0.795495 0.216506 0.795496
v 0.707106 0.250000 0.707107
v 0.618718 0.216506 0.618719
v 0.554013 0.125000 0.554014
v 0.530330 0.000000 0.530330
v 0.554013 -0.125000 0.554014
v 0.618718 -0.216506 0.618719
v 0.707106 -0.250000 0.707107
v 0.795495 -0.216506 0.795496
v 0.860199 -0.125000 0.860200
v 0.991692 0.000000 0.760952
v 0.965119 0.125000 0.740562
v 0.892523 0.216506 0.684856
v 0.793353 0.250000 0.608761
v 0.694184 0.216506 0.532666
v 0.621587 0.125000 0.476961
v 0.595015 0.000000 0.456571
v 0.621587 -0.125000 0.476961
v 0.694184 -0.216506 0.532666
v 0.793353 -0.250000 0.608761
v 0.892523 -0.216506 0.684856
v 0.965119 -0.125000 0.740562
v 1.082532 0.000000 0.625000
v 1.053525 0.125000 0.608253
v 0.974279 0.216506 0.562500
v 0.866025 0.250000 0.500000
v 0.757772 0.216506 0.437500
v 0.678525 0.125000 0.391747
v 0.649519 0.000000 0.375000
v 0.678525 -0.125000 0.391747
v 0.757772 -0.216506 0.437500
v 0.866025 -0.250000 0.500000
v 0.974279 -0.216506 0.562500
v 1.053525 -0.125000 0.608253
v 1.154849 0.000000 0.478355
v 1.123905 0.125000 0.465537
v 1.039364 0.216506 0.430519
v 0.923879 0.250000 0.382684
v 0.808394 0.216506 0.334848
v 0.723854 0.125000 0.299830
v 0.692910 0.000000 0.287013
v 0.723854 -0.125000 0.299830
v 0.808394 -0.216506 0.334848
v 0.923879 -0.250000 0.382684
v 1.039364 -0.216506 0.430519
v 1.123905 -0.125000 0.465537
v 1.207407 0.000000 0.323523
v 1.175055 0.125000 0.314855
v 1.086667 0.216506 0.291171
v 0.965926 0.250000 0.258819
v 0.845185 0.216506 0.226466
v 0.756797 0.125000 0.202783
v 0.724444 0.000000 0.194114
v 0.756797 -0.125000 0.202783
v 0.845185 -0.216506 0.226466
v 0.965926 -0.250000 0.258819
v 1.086667 -0.216506 0.291171
v 1.175055 -0.125000 0.314855
v 1.239306 0.000000 0.163158
v 1.206099 0.125000 0.158786
v 1.115376 0.216506 0.146842
v 0.991445 0.250000 0.130526
v 0.867514 0.216506 0.114210
v 0.776791 0.125000 0.102266
v 0.743584 0.000000 0.097895
v 0.776791 -0.125000 0.102266
v 0.867514 -0.216506 0.114210
v 0.991445 -0.250000 0.130526
v 1.115376 -0.216506 0.146842
v 1.206099 -0.125000 0.158786
vn 0.9640 0.2583 -0.0632
vn 0.7063 0.7063 -0.0463
vn 0.2588 0.9658 -0.0170
vn -0.2588 0.9658 0.0170
vn -0.7063 0.7063 0.0463
vn -0.9640 0.2583 0.0632
vn -0.9640 -0.2583 0.0632
vn -0.7063 -0.7063 0.0463
vn -0.2588 -0.9658 0.0170
vn 0.2588 -0.9658 -0.0170
vn 0.7063 -0.7063 -0.0463
vn 0.9640 -0.2583 -0.0632
vn 0.9475 0.2583 -0.1885
vn 0.6943 0.7063 -0.1381
vn 0.2544 0.9658 -0.0506
vn -0.2544 0.9658 0.0506
vn -0.6943 0.7063 0.1381
vn -0.9475 0.2583 0.1885
vn -0.9475 -0.2583 0.1885
vn -0.6943 -0.7063 0.1381
vn -0.2544 -0.9658 0.0506
vn 0.2544 -0.9658 -0.0506
vn 0.6943 -0.7063 -0.1381
vn 0.9475 -0.2583 -0.1885
vn 0.9148 0.2583 -0.3105
vn 0.6703 0.7063 -0.2275
vn 0.2456 0.9658 -0.0834
vn -0.2456 0.9658 0.0834
vn -0.6703 0.7063 0.2275
vn -0.9148 0.2583 0.3105
vn -0.9148 -0.2583 0.3105
vn -0.6703 -0.7063 0.2275
vn -0.2456 -0.9658 0.0834
vn 0.2456 -0.9658 -0.0834
vn 0.6703 -0.7063 -0.2275
vn 0.9148 -0.2583 -0.3105
vn 0.8664 0.2583 -0.4273
vn 0.6349 0.7063 -0.3131
vn 0.2326 0.9658 -0.1147
vn -0.2326 0.9658 0.1147
vn -0.6349 0.7063 0.3131
vn -0.8664 0.2583 0.4273
vn -0.8664 -0.2583 0.4273
vn -0.6349 -0.7063 0.3131
vn -0.2326 -0.9658 0.1147
vn 0.2326 -0.9658 -0.1147
vn 0.6349 -0.7063 -0.3131
vn 0.8664 -0.2583 -0.4273
vn 0.8033 0.2583 -0.5367
vn 0.5886 0.7063 -0.3933
vn 0.2156 0.9658 -0.1441
vn -0.2156 0.9658 0.1441
vn -0.5886 0.7063 0.3933
vn -0.8033 0.2583 0.5367
vn -0.8033 -0.2583 0.5367
vn -0.5886 -0.7063 0.3933
vn -0.2156 -0.9658 0.1441
vn 0.2156 -0.9658 -0.1441
vn 0.5886 -0.7063 -0.3933
vn 0.8033 -0.2583 -0.5367
vn 0.7263 0.2583 -0.6370
vn 0.5322 0.7063 -0.4667
vn 0.1950 0.9658 -0.1710
vn -0.1950 0.9658 0.1710
vn -0.5322 0.7063 0.4667
vn -0.7263 0.2583 0.6370
vn -0.7263 -0.2583 0.6370
vn -0.5322 -0.7063 0.4667
vn -0.1950 -0.9658 0.1710
vn 0.1950 -0.9658 -0.1710
vn 0.5322 -0.7063 -0.4667
vn 0.7263 -0.2583 -0.6370
vn 0.6370 0.2583 -0.7263
vn 0.4667 0.7063 -0.5322
vn 0.1710 0.9658 -0.1950
vn -0.1710 0.9658 0.1950
vn -0.4667 0.7063 0.5322
vn -0.6370 0.2583 0.7263
vn -0.6370 -0.2583 0.7263
vn -0.4667 -0.7063 0.5322
vn -0.1710 -0.9658 0.1950
vn 0.1710 -0.9658 -0.1950
vn 0.4667 -0.7063 -0.5322
vn 0.6370 -0.2583 -0.7263
vn 0.5367 0.2583 -0.8033
vn 0.3933 0.7063 -0.5886
vn 0.1441 0.9658 -0.2156
vn -0.1441 0.9658 0.2156
vn -0.3933 0.7063 0.5886
vn -0.5367 0.2583 0.8033
vn -0.5367 -0.2583 0.8033
vn -0.3933 -0.7063 0.5886
vn -0.1441 -0.9658 0.2156
vn 0.1441 -0.9658 -0.2156
vn 0.3933 -0.7063 -0.5886
vn 0.5367 -0.2583 -0.8033
vn 0.4273 0.2583 -0.8664
vn 0.3131 0.7063 -0.6349
vn 0.1147 0.9658 -0.2326
vn -0.1147 0.9658 0.2326
vn -0.3131 0.7063 0.6349
vn -0.4273 0.2583 0.8664
vn -0.4273 -0.2583 0.8664
vn -0.3131 -0.7063 0.6349
vn -0.1147 -0.9658 0.2326
vn 0.1147 -0.9658 -0.2326
vn 0.3131 -0.7063 -0.6349
vn 0.4273 -0.2583 -0.8664
vn 0.3105 0.2583 -0.9148
vn 0.2275 0.7063 -0.6703
vn 0.0834 0.9658 -0.2456
vn -0.0834 0.9658 0.2456
vn -0.2275 0.7063 0.6703
vn -0.3105 0.2583 0.9148
vn -0.3105 -0.2583 0.9148
vn -0.2275 -0.7063 0.6703
vn -0.0834 -0.9658 0.2456
vn 0.0834 -0.9658 -0.2456
vn 0.2275 -0.7063 -0.6703
vn 0.3105 -0.2583 -0.9148
vn 0.1885 0.2583 -0.9475
vn 0.1381 0.7063 -0.6943
vn 0.0506 0.9658 -0.2544
vn -0.0506 0.9658 0.2544
vn -0.1381 0.7063 0.6943
vn -0.1885 0.2583 0.9475
vn -0.1885 -0.2583 0.9475
vn -0.1381 -0.7063 0.6943
vn -0.0506 -0.9658 0.2544
vn 0.0506 -0.9658 -0.2544
vn 0.1381 -0.7063 -0.6943
vn 0.1885 -0.2583 -0.9475
vn 0.0632 0.2583 -0.9640
vn 0.0463 0.7063 -0.7063
vn 0.0170 0.9658 -0.2588
vn -0.0170 0.9658 0.2588
vn -0.0463 0.7063 0.7063
vn -0.0632 0.2583 0.9640
vn -0.0632 -0.2583 0.9640
vn -0.0463 -0.7063 0.7063
vn -0.0170 -0.9658 0.2588
vn 0.0170 -0.9658 -0.2588
vn 0.0463 -0.7063 -0.7063
vn 0.0632 -0.2583 -0.9640
vn -0.0632 0.2583 -0.9640
vn -0.0463 0.7063 -0.7063
vn -0.0170 0.9658 -0.2588
vn 0.0170 0.9658 0.2588
vn 0.0463 0.7063 0.7063
vn 0.0632 0.2583 0.9640
vn 0.0632 -0.2583 0.9640
vn 0.0463 -0.7063 0.7063
vn 0.0170 -0.9658 0.2588
vn -0.0170 -0.9658 -0.2588
vn -0.0463 -0.7063 -0.7063
vn -0.0632 -0.2583 -0.9640
vn -0.1885 0.2583 -0.9475
vn -0.1381 0.7063 -0.6943
vn -0.0506 0.9658 -0.2544
vn 0.0506 0.9658 0.2544
vn 0.1381 0.7063 0.6943
vn 0.1885 0.2583 0.9475
vn 0.1885 -0.2583 0.9475
vn 0.1381 -0.7063 0.6943
vn 0.0506 -0.9658 0.2544
vn -0.0506 -0.9658 -0.2544
vn -0.1381 -0.7063 -0.6943
vn -0.1885 -0.2583 -0.9475
vn -0.3105 0.2583 -0.9148
vn -0.2275 0.7063 -0.6703
vn -0.0834 0.9658 -0.2456
vn 0.0834 0.9658 0.2456
vn 0.2275 0.7063 0.6703
vn 0.3105 0.2583 0.9148
vn 0.3105 -0.2583 0.9148
vn 0.2275 -0.7063 0.6703
vn 0.0834 -0.9658 0.2456
vn -0.0834 -0.9658 -0.2456
vn -0.2275 -0.7063 -0.6703
vn -0.3105 -0.2583 -0.9148
vn -0.4273 0.2583 -0.8664
vn -0.3131 0.7063 -0.6349
vn -0.1147 0.9658 -0.2326
vn 0.1147 0.9658 0.2326
vn 0.3131 0.7063 0.6349
vn 0.4273 0.2583 0.8664
vn 0.4273 -0.2583 0.8664
vn 0.3131 -0.7063 0.6349
vn 0.1147 -0.9658 0.2326
vn -0.1147 -0.9658 -0.2326
vn -0.3131 -0.7063 -0.6349
vn -0.4273 -0.2583 -0.8664
vn -0.5367 0.2583 -0.8033
vn -0.3933 0.7063 -0.5886
vn -0.1441 0.9658 -0.2156
vn 0.1441 0.9658 0.2156
vn 0.3933 0.7063 0.5886
vn 0.5367 0.2583 0.8033
vn 0.5367 -0.2583 0.8033
vn 0.3933 -0.7063 0.5886
vn 0.1441 -0.9658 0.2156
vn -0.1441 -0.9658 -0.2156
vn -0.3933 -0.7063 -0.5886
vn -0.5367 -0.2583 -0.8033
vn -0.6370 0.2583 -0.7263
vn -0.4667 0.7063 -0.5322
vn -0.1710 0.9658 -0.1950
vn 0.1710 0.9658 0.1950
vn 0.4667 0.7063 0.5322
vn 0.6370 0.2583 0.7263
vn 0.6370 -0.2583 0.7263
vn 0.4667 -0.7063 0.5322
vn 0.1710 -0.9658 0.1950
vn -0.1710 -0.9658 -0.1950
vn -0.4667 -0.7063 -0.5322
vn -0.6370 -0.2583 -0.7263
vn -0.7263 0.2583 -0.6370
vn -0.5322 0.7063 -0.4667
vn -0.1950 0.9658 -0.1710
vn 0.1950 0.9658 0.1710
vn 0.5322 0.7063 0.4667
vn 0.7263 0.2583 0.6370
vn 0.7263 -0.2583 0.6370
vn 0.5322 -0.7063 0.4667
vn 0.1950 -0.9658 0.1710
vn -0.1950 -0.9658 -0.1710
vn -0.5322 -0.7063 -0.4667
vn -0.7263 -0.2583 -0.6370
vn -0.8033 0.2583 -0.5367
vn -0.5886 0.7063 -0.3933
vn -0.2156 0.9658 -0.1441
vn 0.2156 0.9658 0.1441
vn 0.5886 0.7063 0.3933
vn 0.8033 0.2583 0.5367
vn 0.8033 -0.2583 0.5367
vn 0.5886 -0.7063 0.3933
vn 0.2156 -0.9658 0.1441
vn -0.2156 -0.9658 -0.1441
vn -0.5886 -0.7063 -0.3933
vn -0.8033 -0.2583 -0.5367
vn -0.8664 0.2583 -0.4273
vn -0.6349 0.7063 -0.3131
vn -0.2326 0.9658 -0.1147
vn 0.2326 0.9658 0.1147
vn 0.6349 0.7063 0.3131
vn 0.8664 0.2583 0.4273
vn 0.8664 -0.2583 0.4273
vn 0.6349 -0.7063 0.3131
vn 0.2326 -0.9658 0.1147
vn -0.2326 -0.9658 -0.1147
vn -0.6349 -0.7063 -0.3131
vn -0.8664 -0.2583 -0.4273
vn -0.9148 0.2583 -0.3105
vn -0.6703 0.7063 -0.2275
vn -0.2456 0.9658 -0.0834
vn 0.2456 0.9658 0.0834
vn 0.6703 0.7063 0.2275
vn 0.9148 0.2583 0.3105
vn 0.9148 -0.2583 0.3105
vn 0.6703 -0.7063 0.2275
vn 0.2456 -0.9658 0.0834
vn -0.2456 -0.9658 -0.0834
vn -0.6703 -0.7063 -0.2275
vn -0.9148 -0.2583 -0.3105
vn -0.9475 0.2583 -0.1885
vn -0.6943 0.7063 -0.1381
vn -0.2544 0.9658 -0.0506
vn 0.2544 0.9658 0.0506
vn 0.6943 0.7063 0.1381
vn 0.9475 0.2583 0.1885
vn 0.9475 -0.2583 0.1885
vn 0.6943 -0.7063 0.1381
vn 0.2544 -0.9658 0.0506
vn -0.2544 -0.9658 -0.0506
vn -0.6943 -0.7063 -0.1381
vn -0.9475 -0.2583 -0.1885
vn -0.9640 0.2583 -0.0632
vn -0.7063 0.7063 -0.0463
vn -0.2588 0.9658 -0.0170
vn 0.2588 0.9658 0.0170
vn 0.7063 0.7063 0.0463
vn 0.9640 0.2583 0.0632
vn 0.9640 -0.2583 0.0632
vn 0.7063 -0.7063 0.0463
vn 0.2588 -0.9658 0.0170
vn -0.2588 -0.9658 -0.0170
vn -0.7063 -0.7063 -0.0463
vn -0.9640 -0.2583 -0.0632
vt 0.520833 0.500000
vt 0.500000 0.583333
vt 0.500000 0.500000
vt 0.520833 0.666667
vt 0.500000 0.666667
vt 0.500000 0.750000
vt 0.520833 0.750000
vt 0.500000 0.833333
vt 0.520833 0.833333
vt 0.500000 0.916667
vt 0.520833 1.000000
vt 0.500000 1.000000
vt 0.520833 0.000000
vt 0.500000 0.083333
vt 0.500000 0.000000
vt 0.520833 0.083333
vt 0.500000 0.166667
vt 0.520833 0.166667
vt 0.500000 0.250000
vt 0.520833 0.250000
vt 0.500000 0.333333
vt 0.520833 0.333333
vt 0.500000 0.416667
vt 0.520833 0.416667
vt 0.541667 0.500000
vt 0.520833 0.583333
vt 0.541667 0.583333
vt 0.541667 0.666667
vt 0.541667 0.750000
vt 0.541667 0.916667
vt 0.520833 0.916667
vt 0.541667 0.000000
vt 0.541667 0.083333
vt 0.541667 0.250000
vt 0.541667 0.333333
vt 0.541667 0.416667
vt 0.562500 0.583333
vt 0.562500 0.666667
vt 0.562500 0.833333
vt 0.541667 0.833333
vt 0.562500 0.916667
vt 0.562500 1.000000
vt 0.541667 1.000000
vt 0.562500 0.000000
vt 0.562500 0.083333
vt 0.541667 0.166667
vt 0.562500 0.250000
vt 0.562500 0.333333
vt 0.562500 0.416667
vt 0.562500 0.500000
vt 0.583333 0.583333
vt 0.583333 0.666667
vt 0.583333 0.750000
vt 0.562500 0.750000
vt 0.583333 0.916667
vt 0.583333 0.000000
vt 0.583333 0.083333
vt 0.562500 0.166667
vt 0.583333 0.250000
vt 0.583333 0.333333
vt 0.583333 0.416667
vt 0.604167 0.500000
vt 0.583333 0.500000
vt 0.604167 0.666667
vt 0.604167 0.750000
vt 0.583333 0.833333
vt 0.604167 0.916667
vt 0.583333 1.000000
vt 0.604167 0.000000
vt 0.604167 0.083333
vt 0.583333 0.166667
vt 0.604167 0.166667
vt 0.604167 0.250000
vt 0.604167 0.333333
vt 0.625000 0.500000
vt 0.604167 0.583333
vt 0.625000 0.583333
vt 0.625000 0.666667
vt 0.625000 0.750000
vt 0.604167 0.833333
vt 0.625000 0.833333
vt 0.625000 0.916667
vt 0.604167 1.000000
vt 0.625000 0.083333
vt 0.625000 0.166667
vt 0.625000 0.250000
vt 0.625000 0.416667
vt 0.604167 0.416667
vt 0.645833 0.500000
vt 0.645833 0.666667
vt 0.645833 0.750000
vt 0.645833 0.916667
vt 0.625000 1.000000
vt 0.645833 0.000000
vt 0.625000 0.000000
vt 0.645833 0.083333
vt 0.645833 0.250000
vt 0.645833 0.333333
vt 0.625000 0.333333
vt 0.645833 0.416667
vt 0.666667 0.500000
vt 0.645833 0.583333
vt 0.666667 0.666667
vt 0.666667 0.750000
vt 0.645833 0.833333
vt 0.666667 0.916667
vt 0.645833 1.000000
vt 0.666667 0.000000
vt 0.666667 0.083333
vt 0.645833 0.166667
vt 0.666667 0.166667
vt 0.666667 0.250000
vt 0.666667 0.333333
vt 0.666667 0.416667
vt 0.687500 0.583333
vt 0.666667 0.583333
vt 0.687500 0.666667
vt 0.687500 0.750000
vt 0.666667 0.833333
vt 0.687500 0.833333
vt 0.687500 0.916667
vt 0.666667 1.000000
vt 0.687500 0.000000
vt 0.687500 0.083333
vt 0.687500 0.250000
vt 0.687500 0.333333
vt 0.687500 0.416667
vt 0.708333 0.500000
vt 0.687500 0.500000
vt 0.708333 0.583333
vt 0.708333 0.666667
vt 0.708333 0.750000
vt 0.708333 0.916667
vt 0.687500 1.000000
vt 0.708333 0.000000
vt 0.708333 0.083333
vt 0.687500 0.166667
vt 0.708333 0.166667
vt 0.708333 0.250000
vt 0.708333 0.333333
vt 0.708333 0.416667
vt 0.729167 0.500000
vt 0.729167 0.583333
vt 0.729167 0.750000
vt 0.708333 0.833333
vt 0.729167 0.833333
vt 0.729167 0.916667
vt 0.708333 1.000000
vt 0.729167 0.083333
vt 0.729167 0.250000
vt 0.729167 0.333333
vt 0.729167 0.416667
vt 0.750000 0.500000
vt 0.750000 0.583333
vt 0.729167 0.666667
vt 0.750000 0.666667
vt 0.750000 0.833333
vt 0.750000 0.916667
vt 0.729167 1.000000
vt 0.750000 0.000000
vt 0.729167 0.000000
vt 0.750000 0.083333
vt 0.729167 0.166667
vt 0.750000 0.166667
vt 0.750000 0.250000
vt 0.750000 0.333333
vt 0.770833 0.500000
vt 0.770833 0.583333
vt 0.770833 0.666667
vt 0.750000 0.750000
vt 0.770833 0.750000
vt 0.770833 0.833333
vt 0.770833 0.916667
vt 0.750000 1.000000
vt 0.770833 0.083333
vt 0.770833 0.250000
vt 0.770833 0.333333
vt 0.770833 0.416667
vt 0.750000 0.416667
vt 0.791667 0.500000
vt 0.791667 0.666667
vt 0.791667 0.750000
vt 0.791667 0.833333
vt 0.791667 0.916667
vt 0.770833 1.000000
vt 0.791667 0.000000
vt 0.770833 0.000000
vt 0.791667 0.083333
vt 0.770833 0.166667
vt 0.791667 0.166667
vt 0.791667 0.250000
vt 0.791667 0.333333
vt 0.791667 0.416667
vt 0.812500 0.500000
vt 0.791667 0.583333
vt 0.812500 0.583333
vt 0.812500 0.666667
vt 0.812500 0.833333
vt 0.812500 0.916667
vt 0.791667 1.000000
vt 0.812500 0.000000
vt 0.812500 0.083333
vt 0.812500 0.250000
vt 0.812500 0.416667
vt 0.833333 0.500000
vt 0.833333 0.666667
vt 0.812500 0.750000
vt 0.833333 0.750000
vt 0.833333 0.833333
vt 0.833333 0.916667
vt 0.812500 1.000000
vt 0.833333 0.000000
vt 0.833333 0.083333
vt 0.812500 0.166667
vt 0.833333 0.166667
vt 0.833333 0.250000
vt 0.812500 0.333333
vt 0.833333 0.333333
vt 0.833333 0.416667
vt 0.854167 0.500000
vt 0.833333 0.583333
vt 0.854167 0.583333
vt 0.854167 0.666667
vt 0.854167 0.750000
vt 0.854167 0.833333
vt 0.854167 1.000000
vt 0.833333 1.000000
vt 0.854167 0.000000
vt 0.854167 0.166667
vt 0.854167 0.250000
vt 0.854167 0.333333
vt 0.854167 0.416667
vt 0.875000 0.500000
vt 0.875000 0.583333
vt 0.875000 0.750000
vt 0.875000 0.833333
vt 0.854167 0.916667
vt 0.875000 0.916667
vt 0.875000 0.000000
vt 0.854167 0.083333
vt 0.875000 0.166667
vt 0.875000 0.250000
vt 0.875000 0.333333
vt 0.875000 0.416667
vt 0.895833 0.500000
vt 0.895833 0.583333
vt 0.875000 0.666667
vt 0.895833 0.666667
vt 0.895833 0.833333
vt 0.895833 0.916667
vt 0.875000 1.000000
vt 0.895833 0.000000
vt 0.875000 0.083333
vt 0.895833 0.166667
vt 0.895833 0.250000
vt 0.895833 0.416667
vt 0.916667 0.583333
vt 0.916667 0.750000
vt 0.895833 0.750000
vt 0.916667 0.833333
vt 0.916667 0.916667
vt 0.895833 1.000000
vt 0.916667 0.000000
vt 0.895833 0.083333
vt 0.916667 0.083333
vt 0.916667 0.250000
vt 0.895833 0.333333
vt 0.916667 0.333333
vt 0.916667 0.416667
vt 0.937500 0.500000
vt 0.916667 0.500000
vt 0.937500 0.583333
vt 0.916667 0.666667
vt 0.937500 0.666667
vt 0.937500 0.833333
vt 0.937500 0.916667
vt 0.916667 1.000000
vt 0.937500 0.083333
vt 0.916667 0.166667
vt 0.937500 0.166667
vt 0.937500 0.250000
vt 0.937500 0.416667
vt 0.958333 0.583333
vt 0.958333 0.666667
vt 0.937500 0.750000
vt 0.958333 0.833333
vt 0.958333 0.916667
vt 0.937500 1.000000
vt 0.958333 0.000000
vt 0.937500 0.000000
vt 0.958333 0.083333
vt 0.958333 0.166667
vt 0.958333 0.333333
vt 0.937500 0.333333
vt 0.958333 0.416667
vt 0.979167 0.500000
vt 0.958333 0.500000
vt 0.979167 0.583333
vt 0.979167 0.666667
vt 0.958333 0.750000
vt 0.979167 0.750000
vt 0.979167 0.833333
vt 0.979167 0.916667
vt 0.958333 1.000000
vt 0.979167 0.000000
vt 0.979167 0.166667
vt 0.979167 0.250000
vt 0.958333 0.250000
vt 0.979167 0.333333
vt 0.979167 0.416667
vt 1.000000 0.583333
vt 1.000000 0.666667
vt 1.000000 0.750000
vt 1.000000 0.833333
vt 1.000000 0.916667
vt 0.979167 1.000000
vt 1.000000 0.000000
vt 0.979167 0.083333
vt 1.000000 0.166667
vt 1.000000 0.250000
vt 1.000000 0.333333
vt 1.000000 0.416667
vt 0.020833 0.500000
vt 0.000000 0.583333
vt 0.000000 0.500000
vt 0.020833 0.583333
vt 0.000000 0.666667
vt 0.020833 0.666667
vt 0.000000 0.750000
vt 0.020833 0.750000
vt 0.000000 0.833333
vt 0.020833 0.833333
vt 0.000000 0.916667
vt 0.020833 0.916667
vt 0.000000 1.000000
vt 0.000000 0.000000
vt 0.020833 0.083333
vt 0.000000 0.083333
vt 0.000000 0.166667
vt 0.020833 0.250000
vt 0.000000 0.250000
vt 0.020833 0.333333
vt 0.000000 0.333333
vt 0.020833 0.416667
vt 0.000000 0.416667
vt 0.041667 0.583333
vt 0.041667 0.666667
vt 0.041667 0.750000
vt 0.041667 0.833333
vt 0.041667 0.916667
vt 0.020833 1.000000
vt 0.041667 0.000000
vt 0.020833 0.000000
vt 0.041667 0.083333
vt 0.020833 0.166667
vt 0.041667 0.166667
vt 0.041667 0.250000
vt 0.041667 0.333333
vt 0.041667 0.500000
vt 0.062500 0.500000
vt 0.062500 0.583333
vt 0.062500 0.750000
vt 0.062500 0.833333
vt 0.062500 0.916667
vt 0.041667 1.000000
vt 0.062500 0.000000
vt 0.062500 0.166667
vt 0.062500 0.250000
vt 0.062500 0.416667
vt 0.041667 0.416667
vt 0.083333 0.500000
vt 0.083333 0.583333
vt 0.062500 0.666667
vt 0.083333 0.666667
vt 0.083333 0.750000
vt 0.083333 0.833333
vt 0.083333 1.000000
vt 0.062500 1.000000
vt 0.083333 0.000000
vt 0.062500 0.083333
vt 0.083333 0.083333
vt 0.083333 0.166667
vt 0.083333 0.333333
vt 0.062500 0.333333
vt 0.083333 0.416667
vt 0.104167 0.500000
vt 0.104167 0.583333
vt 0.104167 0.666667
vt 0.104167 0.833333
vt 0.083333 0.916667
vt 0.104167 0.916667
vt 0.104167 0.000000
vt 0.104167 0.166667
vt 0.083333 0.250000
vt 0.104167 0.250000
vt 0.104167 0.416667
vt 0.125000 0.500000
vt 0.125000 0.666667
vt 0.104167 0.750000
vt 0.125000 0.750000
vt 0.125000 0.833333
vt 0.125000 0.916667
vt 0.104167 1.000000
vt 0.125000 0.000000
vt 0.104167 0.083333
vt 0.125000 0.083333
vt 0.125000 0.250000
vt 0.104167 0.333333
vt 0.125000 0.333333
vt 0.125000 0.416667
vt 0.145833 0.583333
vt 0.125000 0.583333
vt 0.145833 0.666667
vt 0.145833 0.833333
vt 0.145833 0.916667
vt 0.125000 1.000000
vt 0.145833 0.000000
vt 0.145833 0.083333
vt 0.125000 0.166667
vt 0.145833 0.166667
vt 0.145833 0.250000
vt 0.145833 0.333333
vt 0.145833 0.416667
vt 0.145833 0.500000
vt 0.166667 0.583333
vt 0.166667 0.666667
vt 0.145833 0.750000
vt 0.166667 0.750000
vt 0.166667 0.916667
vt 0.145833 1.000000
vt 0.166667 0.000000
vt 0.166667 0.083333
vt 0.166667 0.166667
vt 0.166667 0.333333
vt 0.166667 0.416667
vt 0.187500 0.500000
vt 0.166667 0.500000
vt 0.187500 0.583333
vt 0.187500 0.666667
vt 0.187500 0.750000
vt 0.166667 0.833333
vt 0.187500 0.833333
vt 0.187500 0.916667
vt 0.166667 1.000000
vt 0.187500 0.000000
vt 0.187500 0.083333
vt 0.187500 0.250000
vt 0.166667 0.250000
vt 0.187500 0.416667
vt 0.208333 0.500000
vt 0.208333 0.583333
vt 0.208333 0.666667
vt 0.208333 0.750000
vt 0.208333 0.916667
vt 0.187500 1.000000
vt 0.208333 0.000000
vt 0.208333 0.083333
vt 0.187500 0.166667
vt 0.208333 0.166667
vt 0.208333 0.250000
vt 0.187500 0.333333
vt 0.208333 0.416667
vt 0.229167 0.500000
vt 0.229167 0.666667
vt 0.229167 0.750000
vt 0.208333 0.833333
vt 0.229167 0.916667
vt 0.208333 1.000000
vt 0.229167 0.000000
vt 0.229167 0.083333
vt 0.229167 0.250000
vt 0.208333 0.333333
vt 0.229167 0.333333
vt 0.229167 0.416667
vt 0.250000 0.500000
vt 0.229167 0.583333
vt 0.250000 0.583333
vt 0.250000 0.750000
vt 0.250000 0.833333
vt 0.229167 0.833333
vt 0.250000 1.000000
vt 0.229167 1.000000
vt 0.250000 0.000000
vt 0.250000 0.083333
vt 0.229167 0.166667
vt 0.250000 0.166667
vt 0.250000 0.250000
vt 0.250000 0.333333
vt 0.250000 0.416667
vt 0.270833 0.583333
vt 0.250000 0.666667
vt 0.270833 0.666667
vt 0.270833 0.750000
vt 0.270833 0.833333
vt 0.250000 0.916667
vt 0.270833 0.916667
vt 0.270833 0.000000
vt 0.270833 0.166667
vt 0.270833 0.250000
vt 0.270833 0.333333
vt 0.270833 0.416667
vt 0.291667 0.500000
vt 0.270833 0.500000
vt 0.291667 0.583333
vt 0.291667 0.666667
vt 0.291667 0.750000
vt 0.291667 0.833333
vt 0.291667 1.000000
vt 0.270833 1.000000
vt 0.291667 0.000000
vt 0.270833 0.083333
vt 0.291667 0.083333
vt 0.291667 0.250000
vt 0.291667 0.333333
vt 0.291667 0.416667
vt 0.312500 0.500000
vt 0.312500 0.583333
vt 0.312500 0.666667
vt 0.312500 0.750000
vt 0.312500 0.833333
vt 0.291667 0.916667
vt 0.312500 0.916667
vt 0.312500 0.000000
vt 0.312500 0.083333
vt 0.291667 0.166667
vt 0.312500 0.166667
vt 0.312500 0.333333
vt 0.312500 0.416667
vt 0.333333 0.500000
vt 0.333333 0.583333
vt 0.333333 0.750000
vt 0.333333 0.833333
vt 0.333333 0.916667
vt 0.312500 1.000000
vt 0.333333 0.000000
vt 0.333333 0.083333
vt 0.333333 0.166667
vt 0.312500 0.250000
vt 0.333333 0.250000
vt 0.333333 0.333333
vt 0.354167 0.583333
vt 0.333333 0.666667
vt 0.354167 0.666667
vt 0.354167 0.750000
vt 0.354167 0.833333
vt 0.354167 0.916667
vt 0.333333 1.000000
vt 0.354167 0.000000
vt 0.354167 0.083333
vt 0.354167 0.166667
vt 0.354167 0.250000
vt 0.354167 0.416667
vt 0.333333 0.416667
vt 0.354167 0.500000
vt 0.375000 0.583333
vt 0.375000 0.750000
vt 0.375000 0.833333
vt 0.375000 0.916667
vt 0.354167 1.000000
vt 0.375000 0.000000
vt 0.375000 0.083333
vt 0.375000 0.166667
vt 0.375000 0.250000
vt 0.354167 0.333333
vt 0.375000 0.416667
vt 0.375000 0.500000
vt 0.395833 0.583333
vt 0.375000 0.666667
vt 0.395833 0.750000
vt 0.395833 0.833333
vt 0.395833 0.916667
vt 0.375000 1.000000
vt 0.395833 0.000000
vt 0.395833 0.166667
vt 0.395833 0.250000
vt 0.375000 0.333333
vt 0.395833 0.333333
vt 0.395833 0.416667
vt 0.416667 0.500000
vt 0.395833 0.500000
vt 0.416667 0.583333
vt 0.395833 0.666667
vt 0.416667 0.666667
vt 0.416667 0.750000
vt 0.416667 0.833333
vt 0.416667 0.916667
vt 0.395833 1.000000
vt 0.416667 0.000000
vt 0.395833 0.083333
vt 0.416667 0.166667
vt 0.416667 0.250000
vt 0.416667 0.416667
vt 0.437500 0.500000
vt 0.437500 0.583333
vt 0.437500 0.750000
vt 0.437500 0.833333
vt 0.437500 0.916667
vt 0.416667 1.000000
vt 0.437500 0.000000
vt 0.416667 0.083333
vt 0.437500 0.083333
vt 0.437500 0.166667
vt 0.437500 0.250000
vt 0.416667 0.333333
vt 0.437500 0.333333
vt 0.437500 0.416667
vt 0.458333 0.500000
vt 0.458333 0.583333
vt 0.437500 0.666667
vt 0.458333 0.666667
vt 0.458333 0.750000
vt 0.458333 0.833333
vt 0.458333 0.916667
vt 0.437500 1.000000
vt 0.458333 0.000000
vt 0.458333 0.166667
vt 0.458333 0.250000
vt 0.458333 0.333333
vt 0.458333 0.416667
vt 0.479167 0.583333
vt 0.479167 0.666667
vt 0.479167 0.750000
vt 0.479167 0.833333
vt 0.479167 1.000000
vt 0.458333 1.000000
vt 0.479167 0.000000
vt 0.458333 0.083333
vt 0.479167 0.083333
vt 0.479167 0.250000
vt 0.479167 0.333333
vt 0.479167 0.416667
vt 0.479167 0.500000
vt 0.479167 0.916667
vt 0.479167 0.166667
vt 1.000000 0.500000
vt 1.000000 1.000000
vt 1.000000 0.083333
s 0
f 678/836/685 667/837/685 666/838/685
f 667/837/686 680/839/686 668/840/686
f 680/839/687 669/841/687 668/840/687
f 681/842/688 670/843/688 669/841/688
f 682/844/689 671/845/689 670/843/689
f 671/845/690 684/846/690 672/847/690
f 684/848/691 673/849/691 672/850/691
f 685/851/692 674/852/692 673/849/692
f 686/853/693 675/854/693 674/852/693
f 687/855/694 676/856/694 675/854/694
f 688/857/695 677/858/695 676/856/695
f 689/859/696 666/838/696 677/858/696
f 690/860/697 679/861/697 678/836/697
f 691/862/698 680/839/698 679/861/698
f 692/863/699 681/842/699 680/839/699
f 693/864/700 682/844/700 681/842/700
f 682/844/701 695/865/701 683/866/701
f 695/865/702 684/846/702 683/866/702
f 696/867/703 685/851/703 684/848/703
f 697/868/704 686/853/704 685/851/704
f 686/853/705 699/869/705 687/855/705
f 687/855/706 700/870/706 688/857/706
f 688/857/707 701/871/707 689/859/707
f 701/871/708 678/836/708 689/859/708
f 690/860/709 703/872/709 691/862/709
f 703/872/710 692/863/710 691/862/710
f 704/873/711 693/864/711 692/863/711
f 693/864/712 706/874/712 694/875/712
f 694/875/713 707/876/713 695/865/713
f 695/865/714 708/877/714 696/878/714
f 708/879/715 697/868/715 696/867/715
f 709/880/716 698/881/716 697/868/716
f 698/881/717 711/882/717 699/869/717
f 699/869/718 712/883/718 700/870/718
f 700/870/719 713/884/719 701/871/719
f 713/884/720 690/860/720 701/871/720
f 702/885/721 715/886/721 703/872/721
f 703/872/722 716/887/722 704/873/722
f 704/873/723 717/888/723 705/889/723
f 717/888/724 706/874/724 705/889/724
f 706/874/725 719/890/725 707/876/725
f 719/890/726 708/877/726 707/876/726
f 720/891/727 709/880/727 708/879/727
f 721/892/728 710/893/728 709/880/728
f 710/893/729 723/894/729 711/882/729
f 723/894/730 712/883/730 711/882/730
f 724/895/731 713/884/731 712/883/731
f 725/896/732 702/885/732 713/884/732
f 726/897/733 715/886/733 714/898/733
f 715/886/734 728/899/734 716/887/734
f 728/899/735 717/888/735 716/887/735
f 729/900/736 718/901/736 717/888/736
f 718/901/737 731/902/737 719/890/737
f 731/902/738 720/903/738 719/890/738
f 732/904/739 721/892/739 720/891/739
f 733/905/740 722/906/740 721/892/740
f 734/907/741 723/894/741 722/906/741
f 735/908/742 724/895/742 723/894/742
f 736/909/743 725/896/743 724/895/743
f 725/896/744 726/897/744 714/898/744
f 738/910/745 727/911/745 726/897/745
f 739/912/746 728/899/746 727/911/746
f 740/913/747 729/900/747 728/899/747
f 741/914/748 730/915/748 729/900/748
f 742/916/749 731/902/749 730/915/749
f 743/917/750 732/918/750 731/902/750
f 732/904/751 745/919/751 733/905/751
f 745/919/752 734/907/752 733/905/752
f 746/920/753 735/908/753 734/907/753
f 747/921/754 736/909/754 735/908/754
f 736/909/755 749/922/755 737/923/755
f 749/922/756 726/897/756 737/923/756
f 750/924/757 739/912/757 738/910/757
f 739/912/758 752/925/758 740/913/758
f 752/925/759 741/914/759 740/913/759
f 753/926/760 742/916/760 741/914/760
f 742/916/761 755/927/761 743/917/761
f 755/927/762 744/928/762 743/917/762
f 756/929/763 745/919/763 744/930/763
f 757/931/764 746/920/764 745/919/764
f 746/920/765 759/932/765 747/921/765
f 747/921/766 760/933/766 748/934/766
f 760/933/767 749/922/767 748/934/767
f 761/935/768 738/910/768 749/922/768
f 762/936/769 751/937/769 750/924/769
f 751/937/770 764/938/770 752/925/770
f 752/925/771 765/939/771 753/926/771
f 765/939/772 754/940/772 753/926/772
f 754/940/773 767/941/773 755/927/773
f 767/941/774 756/942/774 755/927/774
f 768/943/775 757/931/775 756/929/775
f 769/944/776 758/945/776 757/931/776
f 770/946/777 759/932/777 758/945/777
f 771/947/778 760/933/778 759/932/778
f 772/948/779 761/935/779 760/933/779
f 773/949/780 750/924/780 761/935/780
f 762/936/781 775/950/781 763/951/781
f 775/950/782 764/938/782 763/951/782
f 776/952/783 765/939/783 764/938/783
f 777/953/784 766/954/784 765/939/784
f 778/955/785 767/941/785 766/954/785
f 779/956/786 768/957/786 767/941/786
f 780/958/787 769/944/787 768/943/787
f 781/959/788 770/946/788 769/944/788
f 770/946/789 783/960/789 771/947/789
f 771/947/790 784/961/790 772/948/790
f 784/961/791 773/949/791 772/948/791
f 785/962/792 762/936/792 773/949/792
f 786/963/793 775/950/793 774/964/793
f 787/965/794 776/952/794 775/950/794
f 788/966/795 777/953/795 776/952/795
f 789/967/796 778/955/796 777/953/796
f 778/955/797 791/968/797 779/956/797
f 791/968/798 780/969/798 779/956/798
f 792/970/799 781/959/799 780/958/799
f 793/971/800 782/972/800 781/959/800
f 794/973/801 783/960/801 782/972/801
f 795/974/802 784/961/802 783/960/802
f 796/975/803 785/962/803 784/961/803
f 797/976/804 774/964/804 785/962/804
f 798/977/805 787/965/805 786/963/805
f 799/978/806 788/966/806 787/965/806
f 788/966/807 801/979/807 789/967/807
f 801/979/808 790/980/808 789/967/808
f 802/981/809 791/968/809 790/980/809
f 803/982/810 792/983/810 791/968/810
f 792/970/811 805/984/811 793/971/811
f 805/984/812 794/973/812 793/971/812
f 794/973/813 807/985/813 795/974/813
f 807/985/814 796/975/814 795/974/814
f 808/986/815 797/976/815 796/975/815
f 809/987/816 786/963/816 797/976/816
f 810/988/817 799/978/817 798/977/817
f 811/989/818 800/990/818 799/978/818
f 812/991/819 801/979/819 800/990/819
f 801/979/820 814/992/820 802/981/820
f 802/981/821 815/993/821 803/982/821
f 815/993/822 804/994/822 803/982/822
f 816/995/823 805/984/823 804/996/823
f 817/997/824 806/998/824 805/984/824
f 818/999/825 807/985/825 806/998/825
f 819/1000/826 808/986/826 807/985/826
f 820/1001/827 809/987/827 808/986/827
f 809/987/828 810/988/828 798/977/828
f 822/1002/829 811/989/829 810/988/829
f 823/1003/830 812/991/830 811/989/830
f 824/1004/831 813/1005/831 812/991/831
f 825/1006/832 814/992/832 813/1005/832
f 826/1007/833 815/993/833 814/992/833
f 827/1008/834 816/1009/834 815/993/834
f 816/995/835 829/1010/835 817/997/835
f 829/1010/836 818/999/836 817/997/836
f 818/999/837 831/1011/837 819/1000/837
f 819/1000/838 832/1012/838 820/1001/838
f 820/1001/839 833/1013/839 821/1014/839
f 821/1014/840 822/1002/840 810/988/840
f 834/1015/841 823/1003/841 822/1002/841
f 823/1003/842 836/1016/842 824/1004/842
f 824/1004/843 837/1017/843 825/1006/843
f 837/1017/844 826/1007/844 825/1006/844
f 838/1018/845 827/1008/845 826/1007/845
f 839/1019/846 828/1020/846 827/1008/846
f 840/1021/847 829/1010/847 828/1022/847
f 841/1023/848 830/1024/848 829/1010/848
f 842/1025/849 831/1011/849 830/1024/849
f 843/1026/850 832/1012/850 831/1011/850
f 844/1027/851 833/1013/851 832/1012/851
f 845/1028/852 822/1002/852 833/1013/852
f 846/1029/853 835/1030/853 834/1015/853
f 847/1031/854 836/1016/854 835/1030/854
f 848/1032/855 837/1017/855 836/1016/855
f 837/1017/856 850/1033/856 838/1018/856
f 850/1033/857 839/1019/857 838/1018/857
f 851/1034/858 840/1035/858 839/1019/858
f 852/1036/859 841/1023/859 840/1021/859
f 853/1037/860 842/1025/860 841/1023/860
f 842/1025/861 855/1038/861 843/1026/861
f 855/1038/862 844/1027/862 843/1026/862
f 844/1027/863 857/1039/863 845/1028/863
f 857/1039/864 834/1015/864 845/1028/864
f 858/1040/865 847/1031/865 846/1029/865
f 847/1031/866 860/1041/866 848/1032/866
f 860/1041/867 849/1042/867 848/1032/867
f 861/1043/868 850/1033/868 849/1042/868
f 862/1044/869 851/1034/869 850/1033/869
f 863/1045/870 852/1046/870 851/1034/870
f 864/1047/871 853/1037/871 852/1036/871
f 865/1048/872 854/1049/872 853/1037/872
f 866/1050/873 855/1038/873 854/1049/873
f 867/1051/874 856/1052/874 855/1038/874
f 868/1053/875 857/1039/875 856/1052/875
f 869/1054/876 846/1029/876 857/1039/876
f 870/1055/877 859/1056/877 858/1040/877
f 871/1057/878 860/1041/878 859/1056/878
f 872/1058/879 861/1043/879 860/1041/879
f 873/1059/880 862/1044/880 861/1043/880
f 874/1060/881 863/1045/881 862/1044/881
f 863/1045/882 876/1061/882 864/1062/882
f 876/1063/883 865/1048/883 864/1047/883
f 865/1048/884 878/1064/884 866/1050/884
f 866/1050/885 879/1065/885 867/1051/885
f 867/1051/886 880/1066/886 868/1053/886
f 868/1053/887 881/1067/887 869/1054/887
f 881/1067/888 858/1040/888 869/1054/888
f 882/1068/889 871/1057/889 870/1055/889
f 883/1069/890 872/1058/890 871/1057/890
f 872/1058/891 885/1070/891 873/1059/891
f 885/1070/892 874/1060/892 873/1059/892
f 886/1071/893 875/1072/893 874/1060/893
f 887/1073/894 876/1061/894 875/1072/894
f 888/1074/895 877/1075/895 876/1063/895
f 877/1075/896 890/1076/896 878/1064/896
f 890/1076/897 879/1065/897 878/1064/897
f 891/1077/898 880/1066/898 879/1065/898
f 892/1078/899 881/1067/899 880/1066/899
f 893/1079/900 870/1055/900 881/1067/900
f 894/1080/901 883/1069/901 882/1068/901
f 895/1081/902 884/1082/902 883/1069/902
f 896/1083/903 885/1070/903 884/1082/903
f 885/1070/904 898/1084/904 886/1071/904
f 898/1084/905 887/1073/905 886/1071/905
f 899/1085/906 888/1086/906 887/1073/906
f 900/1087/907 889/1088/907 888/1074/907
f 889/1088/908 902/1089/908 890/1076/908
f 902/1089/909 891/1077/909 890/1076/909
f 903/1090/910 892/1078/910 891/1077/910
f 892/1078/911 905/1091/911 893/1079/911
f 905/1091/912 882/1068/912 893/1079/912
f 894/1080/913 907/1092/913 895/1081/913
f 907/1092/914 896/1083/914 895/1081/914
f 896/1083/915 909/1093/915 897/1094/915
f 909/1093/916 898/1084/916 897/1094/916
f 910/1095/917 899/1085/917 898/1084/917
f 911/1096/918 900/1097/918 899/1085/918
f 912/1098/919 901/1099/919 900/1087/919
f 913/1100/920 902/1089/920 901/1099/920
f 902/1089/921 915/1101/921 903/1090/921
f 915/1101/922 904/1102/922 903/1090/922
f 916/1103/923 905/1091/923 904/1102/923
f 917/1104/924 894/1080/924 905/1091/924
f 918/1105/925 907/1092/925 906/1106/925
f 919/1107/926 908/1108/926 907/1092/926
f 920/1109/927 909/1093/927 908/1108/927
f 909/1093/928 922/1110/928 910/1095/928
f 922/1110/929 911/1096/929 910/1095/929
f 923/1111/930 912/1112/930 911/1096/930
f 912/1098/931 925/1113/931 913/1100/931
f 925/1113/932 914/1114/932 913/1100/932
f 926/1115/933 915/1101/933 914/1114/933
f 927/1116/934 916/1103/934 915/1101/934
f 916/1103/935 929/1117/935 917/1104/935
f 929/1117/936 906/1106/936 917/1104/936
f 918/1105/937 931/1118/937 919/1107/937
f 931/1118/938 920/1109/938 919/1107/938
f 932/1119/939 921/1120/939 920/1109/939
f 921/1120/940 934/1121/940 922/1110/940
f 934/1121/941 923/1111/941 922/1110/941
f 935/1122/942 924/1123/942 923/1111/942
f 936/1124/943 925/1113/943 924/1125/943
f 937/1126/944 926/1115/944 925/1113/944
f 938/1127/945 927/1116/945 926/1115/945
f 927/1116/946 940/1128/946 928/1129/946
f 940/1128/947 929/1117/947 928/1129/947
f 941/1130/948 918/1105/948 929/1117/948
f 942/1131/949 931/1118/949 930/1132/949
f 943/1133/950 932/1119/950 931/1118/950
f 944/1134/951 933/1135/951 932/1119/951
f 945/1136/952 934/1121/952 933/1135/952
f 946/1137/953 935/1122/953 934/1121/953
f 947/1138/954 936/1139/954 935/1122/954
f 948/1140/955 937/1126/955 936/1124/955
f 937/1126/956 950/1141/956 938/1127/956
f 938/1127/957 951/1142/957 939/1143/957
f 939/1143/958 952/1144/958 940/1128/958
f 940/1128/959 953/1145/959 941/1130/959
f 941/1130/960 942/1131/960 930/1132/960
f 942/1131/961 955/1146/961 943/1133/961
f 955/1146/962 944/1134/962 943/1133/962
f 956/1147/963 945/1136/963 944/1134/963
f 957/1148/964 946/1137/964 945/1136/964
f 958/1149/965 947/1138/965 946/1137/965
f 959/1150/966 948/1151/966 947/1138/966
f 960/1152/967 949/1153/967 948/1140/967
f 949/1153/968 962/1154/968 950/1141/968
f 962/1154/969 951/1142/969 950/1141/969
f 963/1155/970 952/1144/970 951/1142/970
f 964/1156/971 953/1145/971 952/1144/971
f 965/1157/972 942/1131/972 953/1145/972
f 966/1158/690 955/1159/690 954/1160/690
f 967/1161/689 956/1162/689 955/1159/689
f 968/1163/688 957/1164/688 956/1162/688
f 969/1165/687 958/1166/687 957/1164/687
f 970/1167/686 959/1168/686 958/1166/686
f 971/1169/685 960/1170/685 959/1168/685
f 960/1171/696 973/1172/696 961/1173/696
f 973/1172/695 962/1174/695 961/1173/695
f 962/1174/694 975/1175/694 963/1176/694
f 963/1176/693 976/1177/693 964/1178/693
f 964/1178/692 977/1179/692 965/1180/692
f 965/1180/691 966/1158/691 954/1160/691
f 966/1158/702 979/1181/702 967/1161/702
f 967/1161/701 980/1182/701 968/1163/701
f 968/1163/700 981/1183/700 969/1165/700
f 969/1165/699 982/1184/699 970/1167/699
f 970/1167/698 983/1185/698 971/1169/698
f 983/1185/697 972/1186/697 971/1169/697
f 984/1187/708 973/1172/708 972/1188/708
f 985/1189/707 974/1190/707 973/1172/707
f 986/1191/706 975/1175/706 974/1190/706
f 987/1192/705 976/1177/705 975/1175/705
f 988/1193/704 977/1179/704 976/1177/704
f 977/1179/703 978/1194/703 966/1158/703
f 990/1195/714 979/1181/714 978/1194/714
f 991/1196/713 980/1182/713 979/1181/713
f 980/1182/712 993/1197/712 981/1183/712
f 993/1197/711 982/1184/711 981/1183/711
f 994/1198/710 983/1185/710 982/1184/710
f 995/1199/709 984/1200/709 983/1185/709
f 996/1201/720 985/1189/720 984/1187/720
f 985/1189/719 998/1202/719 986/1191/719
f 998/1202/718 987/1192/718 986/1191/718
f 999/1203/717 988/1193/717 987/1192/717
f 988/1193/716 1001/1204/716 989/1205/716
f 989/1205/715 990/1195/715 978/1194/715
f 1002/1206/726 991/1196/726 990/1195/726
f 1003/1207/725 992/1208/725 991/1196/725
f 1004/1209/724 993/1197/724 992/1208/724
f 1005/1210/723 994/1198/723 993/1197/723
f 1006/1211/722 995/1199/722 994/1198/722
f 995/1199/721 1008/1212/721 996/1213/721
f 1008/1214/732 997/1215/732 996/1201/732
f 1009/1216/731 998/1202/731 997/1215/731
f 1010/1217/730 999/1203/730 998/1202/730
f 999/1203/729 1012/1218/729 1000/1219/729
f 1000/1219/728 1013/1220/728 1001/1204/728
f 1013/1220/727 990/1195/727 1001/1204/727
f 1014/1221/738 1003/1207/738 1002/1206/738
f 1015/1222/737 1004/1209/737 1003/1207/737
f 1016/1223/736 1005/1210/736 1004/1209/736
f 1005/1210/735 1018/1224/735 1006/1211/735
f 1018/1224/734 1007/1225/734 1006/1211/734
f 1019/1226/733 1008/1212/733 1007/1225/733
f 1020/1227/744 1009/1216/744 1008/1214/744
f 1009/1216/743 1022/1228/743 1010/1217/743
f 1022/1228/742 1011/1229/742 1010/1217/742
f 1023/1230/741 1012/1218/741 1011/1229/741
f 1012/1218/740 1025/1231/740 1013/1220/740
f 1025/1231/739 1002/1206/739 1013/1220/739
f 1026/1232/750 1015/1222/750 1014/1221/750
f 1015/1222/749 1028/1233/749 1016/1223/749
f 1028/1233/748 1017/1234/748 1016/1223/748
f 1029/1235/747 1018/1224/747 1017/1234/747
f 1030/1236/746 1019/1226/746 1018/1224/746
f 1031/1237/745 1020/1238/745 1019/1226/745
f 1032/1239/756 1021/1240/756 1020/1227/756
f 1033/1241/755 1022/1228/755 1021/1240/755
f 1022/1228/754 1035/1242/754 1023/1230/754
f 1035/1242/753 1024/1243/753 1023/1230/753
f 1036/1244/752 1025/1231/752 1024/1243/752
f 1037/1245/751 1014/1221/751 1025/1231/751
f 1026/1232/762 1039/1246/762 1027/1247/762
f 1027/1247/761 1040/1248/761 1028/1233/761
f 1040/1248/760 1029/1235/760 1028/1233/760
f 1029/1235/759 1042/1249/759 1030/1236/759
f 1042/1249/758 1031/1237/758 1030/1236/758
f 1043/1250/757 1032/1251/757 1031/1237/757
f 1044/1252/768 1033/1241/768 1032/1239/768
f 1045/1253/767 1034/1254/767 1033/1241/767
f 1046/1255/766 1035/1242/766 1034/1254/766
f 1047/1256/765 1036/1244/765 1035/1242/765
f 1048/1257/764 1037/1245/764 1036/1244/764
f 1049/1258/763 1026/1232/763 1037/1245/763
f 1038/1259/774 1051/1260/774 1039/1246/774
f 1051/1260/773 1040/1248/773 1039/1246/773
f 1052/1261/772 1041/1262/772 1040/1248/772
f 1053/1263/771 1042/1249/771 1041/1262/771
f 1042/1249/770 1055/1264/770 1043/1250/770
f 1055/1264/769 1044/1265/769 1043/1250/769
f 1056/1266/780 1045/1253/780 1044/1252/780
f 1057/1267/779 1046/1255/779 1045/1253/779
f 1058/1268/778 1047/1256/778 1046/1255/778
f 1047/1256/777 1060/1269/777 1048/1257/777
f 1048/1257/776 1061/1270/776 1049/1258/776
f 1061/1270/775 1038/1259/775 1049/1258/775
f 1062/1271/786 1051/1260/786 1050/1272/786
f 1063/1273/785 1052/1261/785 1051/1260/785
f 1064/1274/784 1053/1263/784 1052/1261/784
f 1065/1275/783 1054/1276/783 1053/1263/783
f 1066/1277/782 1055/1264/782 1054/1276/782
f 1067/1278/781 1056/1279/781 1055/1264/781
f 1068/1280/792 1057/1267/792 1056/1266/792
f 1069/1281/791 1058/1268/791 1057/1267/791
f 1058/1268/790 1071/1282/790 1059/1283/790
f 1071/1282/789 1060/1269/789 1059/1283/789
f 1060/1269/788 1073/1284/788 1061/1270/788
f 1073/1284/787 1050/1272/787 1061/1270/787
f 1074/1285/798 1063/1273/798 1062/1271/798
f 1075/1286/797 1064/1274/797 1063/1273/797
f 1076/1287/796 1065/1275/796 1064/1274/796
f 1077/1288/795 1066/1277/795 1065/1275/795
f 1066/1277/794 1079/1289/794 1067/1278/794
f 1079/1289/793 1068/1290/793 1067/1278/793
f 1080/1291/804 1069/1281/804 1068/1280/804
f 1081/1292/803 1070/1293/803 1069/1281/803
f 1082/1294/802 1071/1282/802 1070/1293/802
f 1083/1295/801 1072/1296/801 1071/1282/801
f 1072/1296/800 1085/1297/800 1073/1284/800
f 1085/1297/799 1062/1271/799 1073/1284/799
f 1086/1298/810 1075/1286/810 1074/1285/810
f 1075/1286/809 1088/1299/809 1076/1287/809
f 1088/1299/808 1077/1288/808 1076/1287/808
f 1089/1300/807 1078/1301/807 1077/1288/807
f 1078/1301/806 1091/1302/806 1079/1289/806
f 1091/1302/805 1080/1303/805 1079/1289/805
f 1092/1304/816 1081/1292/816 1080/1291/816
f 1093/1305/815 1082/1294/815 1081/1292/815
f 1082/1294/814 1095/1306/814 1083/1295/814
f 1095/1306/813 1084/1307/813 1083/1295/813
f 1096/1308/812 1085/1297/812 1084/1307/812
f 1097/1309/811 1074/1285/811 1085/1297/811
f 1098/1310/822 1087/1311/822 1086/1298/822
f 1099/1312/821 1088/1299/821 1087/1311/821
f 1088/1299/820 1101/1313/820 1089/1300/820
f 1089/1300/819 1102/1314/819 1090/1315/819
f 1102/1314/818 1091/1302/818 1090/1315/818
f 1091/1302/817 1104/1316/817 1092/1317/817
f 1104/1318/828 1093/1305/828 1092/1304/828
f 1105/1319/827 1094/1320/827 1093/1305/827
f 1106/1321/826 1095/1306/826 1094/1320/826
f 1107/1322/825 1096/1308/825 1095/1306/825
f 1108/1323/824 1097/1309/824 1096/1308/824
f 1109/1324/823 1086/1298/823 1097/1309/823
f 1098/1310/834 1111/1325/834 1099/1312/834
f 1111/1325/833 1100/1326/833 1099/1312/833
f 1112/1327/832 1101/1313/832 1100/1326/832
f 1113/1328/831 1102/1314/831 1101/1313/831
f 1114/1329/830 1103/1330/830 1102/1314/830
f 1115/1331/829 1104/1316/829 1103/1330/829
f 1116/1332/840 1105/1319/840 1104/1318/840
f 1105/1319/839 1118/1333/839 1106/1321/839
f 1106/1321/838 1119/1334/838 1107/1322/838
f 1119/1334/837 1108/1323/837 1107/1322/837
f 1120/1335/836 1109/1324/836 1108/1323/836
f 1121/1336/835 1098/1310/835 1109/1324/835
f 1122/1337/846 1111/1325/846 1110/1338/846
f 1123/1339/845 1112/1327/845 1111/1325/845
f 1124/1340/844 1113/1328/844 1112/1327/844
f 1125/1341/843 1114/1329/843 1113/1328/843
f 1126/1342/842 1115/1331/842 1114/1329/842
f 1115/1331/841 1128/1343/841 1116/1344/841
f 1128/1345/852 1117/1346/852 1116/1332/852
f 1129/1347/851 1118/1333/851 1117/1346/851
f 1118/1333/850 1131/1348/850 1119/1334/850
f 1119/1334/849 1132/1349/849 1120/1335/849
f 1132/1349/848 1121/1336/848 1120/1335/848
f 1133/1350/847 1110/1338/847 1121/1336/847
f 1134/1351/858 1123/1339/858 1122/1337/858
f 1135/1352/857 1124/1340/857 1123/1339/857
f 1136/1353/856 1125/1341/856 1124/1340/856
f 1137/1354/855 1126/1342/855 1125/1341/855
f 1138/1355/854 1127/1356/854 1126/1342/854
f 1139/1357/853 1128/1343/853 1127/1356/853
f 1140/1358/864 1129/1347/864 1128/1345/864
f 1141/1359/863 1130/1360/863 1129/1347/863
f 1142/1361/862 1131/1348/862 1130/1360/862
f 1131/1348/861 1144/1362/861 1132/1349/861
f 1132/1349/860 1145/1363/860 1133/1350/860
f 1145/1363/859 1122/1337/859 1133/1350/859
f 1146/1364/870 1135/1352/870 1134/1351/870
f 1147/1365/869 1136/1353/869 1135/1352/869
f 1136/1353/868 1149/1366/868 1137/1354/868
f 1137/1354/867 1150/1367/867 1138/1355/867
f 1150/1367/866 1139/1357/866 1138/1355/866
f 1151/1368/865 1140/1369/865 1139/1357/865
f 1152/1370/876 1141/1359/876 1140/1358/876
f 1153/1371/875 1142/1361/875 1141/1359/875
f 1154/1372/874 1143/1373/874 1142/1361/874
f 1155/1374/873 1144/1362/873 1143/1373/873
f 1156/1375/872 1145/1363/872 1144/1362/872
f 1145/1363/871 1146/1364/871 1134/1351/871
f 1146/1364/882 1159/1376/882 1147/1365/882
f 1159/1376/881 1148/1377/881 1147/1365/881
f 1160/1378/880 1149/1366/880 1148/1377/880
f 1161/1379/879 1150/1367/879 1149/1366/879
f 1162/1380/878 1151/1368/878 1150/1367/878
f 1163/1381/877 1152/1382/877 1151/1368/877
f 1164/1383/888 1153/1371/888 1152/1370/888
f 1165/1384/887 1154/1372/887 1153/1371/887
f 1166/1385/886 1155/1374/886 1154/1372/886
f 1167/1386/885 1156/1375/885 1155/1374/885
f 1156/1375/884 1169/1387/884 1157/1388/884
f 1169/1387/883 1146/1364/883 1157/1388/883
f 1158/1389/894 1171/1390/894 1159/1376/894
f 1171/1390/893 1160/1378/893 1159/1376/893
f 1160/1378/892 1173/1391/892 1161/1379/892
f 1161/1379/891 1174/1392/891 1162/1380/891
f 1162/1380/890 1175/1393/890 1163/1381/890
f 1175/1393/889 1164/1394/889 1163/1381/889
f 1176/1395/900 1165/1384/900 1164/1383/900
f 1177/1396/899 1166/1385/899 1165/1384/899
f 1178/1397/898 1167/1386/898 1166/1385/898
f 1179/1398/897 1168/1399/897 1167/1386/897
f 1168/1399/896 1181/1400/896 1169/1387/896
f 1181/1400/895 1158/1389/895 1169/1387/895
f 1170/1401/906 1183/1402/906 1171/1390/906
f 1183/1402/905 1172/1403/905 1171/1390/905
f 1172/1403/904 1185/1404/904 1173/1391/904
f 1185/1404/903 1174/1392/903 1173/1391/903
f 1186/1405/902 1175/1393/902 1174/1392/902
f 1187/1406/901 1176/1407/901 1175/1393/901
f 1188/1408/912 1177/1396/912 1176/1395/912
f 1177/1396/911 1190/1409/911 1178/1397/911
f 1178/1397/910 1191/1410/910 1179/1398/910
f 1191/1410/909 1180/1411/909 1179/1398/909
f 1192/1412/908 1181/1400/908 1180/1411/908
f 1193/1413/907 1170/1401/907 1181/1400/907
f 1194/1414/918 1183/1402/918 1182/1415/918
f 1195/1416/917 1184/1417/917 1183/1402/917
f 1196/1418/916 1185/1404/916 1184/1417/916
f 1197/1419/915 1186/1405/915 1185/1404/915
f 1198/1420/914 1187/1406/914 1186/1405/914
f 1199/1421/913 1188/1422/913 1187/1406/913
f 1200/1423/924 1189/1424/924 1188/1408/924
f 1189/1424/923 1202/1425/923 1190/1409/923
f 1202/1425/922 1191/1410/922 1190/1409/922
f 1203/1426/921 1192/1412/921 1191/1410/921
f 1192/1412/920 1205/1427/920 1193/1413/920
f 1205/1427/919 1182/1415/919 1193/1413/919
f 1206/1428/930 1195/1416/930 1194/1414/930
f 1207/1429/929 1196/1418/929 1195/1416/929
f 1196/1418/928 1209/1430/928 1197/1419/928
f 1209/1430/927 1198/1420/927 1197/1419/927
f 1210/1431/926 1199/1421/926 1198/1420/926
f 1211/1432/925 1200/1433/925 1199/1421/925
f 1212/1434/936 1201/1435/936 1200/1423/936
f 1213/1436/935 1202/1425/935 1201/1435/935
f 1214/1437/934 1203/1426/934 1202/1425/934
f 1215/1438/933 1204/1439/933 1203/1426/933
f 1216/1440/932 1205/1427/932 1204/1439/932
f 1217/1441/931 1194/1414/931 1205/1427/931
f 1218/1442/942 1207/1429/942 1206/1428/942
f 1219/1443/941 1208/1444/941 1207/1429/941
f 1220/1445/940 1209/1430/940 1208/1444/940
f 1221/1446/939 1210/1431/939 1209/1430/939
f 1222/1447/938 1211/1432/938 1210/1431/938
f 1223/1448/937 1212/1449/937 1211/1432/937
f 1224/1450/948 1213/1436/948 1212/1434/948
f 1213/1436/947 1226/1451/947 1214/1437/947
f 1226/1451/946 1215/1438/946 1214/1437/946
f 1227/1452/945 1216/1440/945 1215/1438/945
f 1228/1453/944 1217/1441/944 1216/1440/944
f 1229/1454/943 1206/1428/943 1217/1441/943
f 1218/1442/954 1231/1455/954 1219/1443/954
f 1219/1443/953 1232/1456/953 1220/1445/953
f 1220/1445/952 1233/1457/952 1221/1446/952
f 1233/1457/951 1222/1447/951 1221/1446/951
f 1234/1458/950 1223/1448/950 1222/1447/950
f 1223/1448/949 1236/1459/949 1224/1460/949
f 1236/1461/960 1225/1462/960 1224/1450/960
f 1237/1463/959 1226/1451/959 1225/1462/959
f 1226/1451/958 1239/1464/958 1227/1452/958
f 1239/1464/957 1228/1453/957 1227/1452/957
f 1240/1465/956 1229/1454/956 1228/1453/956
f 1241/1466/955 1218/1442/955 1229/1454/955
f 666/838/966 1231/1455/966 1230/1467/966
f 667/837/965 1232/1456/965 1231/1455/965
f 668/840/964 1233/1457/964 1232/1456/964
f 669/841/963 1234/1458/963 1233/1457/963
f 670/843/962 1235/1468/962 1234/1458/962
f 671/845/961 1236/1459/961 1235/1468/961
f 1236/1461/972 673/849/972 1237/1463/972
f 673/849/971 1238/1469/971 1237/1463/971
f 674/852/970 1239/1464/970 1238/1469/970
f 675/854/969 1240/1465/969 1239/1464/969
f 1240/1465/968 677/858/968 1241/1466/968
f 1241/1466/967 666/838/967 1230/1467/967
f 678/836/685 679/861/685 667/837/685
f 667/837/686 679/861/686 680/839/686
f 680/839/687 681/842/687 669/841/687
f 681/842/688 682/844/688 670/843/688
f 682/844/689 683/866/689 671/845/689
f 671/845/690 683/866/690 684/846/690
f 684/848/691 685/851/691 673/849/691
f 685/851/692 686/853/692 674/852/692
f 686/853/693 687/855/693 675/854/693
f 687/855/694 688/857/694 676/856/694
f 688/857/695 689/859/695 677/858/695
f 689/859/696 678/836/696 666/838/696
f 690/860/697 691/862/697 679/861/697
f 691/862/698 692/863/698 680/839/698
f 692/863/699 693/864/699 681/842/699
f 693/864/700 694/875/700 682/844/700
f 682/844/701 694/875/701 695/865/701
f 695/865/702 696/878/702 684/846/702
f 696/867/703 697/868/703 685/851/703
f 697/868/704 698/881/704 686/853/704
f 686/853/705 698/881/705 699/869/705
f 687/855/706 699/869/706 700/870/706
f 688/857/707 700/870/707 701/871/707
f 701/871/708 690/860/708 678/836/708
f 690/860/709 702/885/709 703/872/709
f 703/872/710 704/873/710 692/863/710
f 704/873/711 705/889/711 693/864/711
f 693/864/712 705/889/712 706/874/712
f 694/875/713 706/874/713 707/876/713
f 695/865/714 707/876/714 708/877/714
f 708/879/715 709/880/715 697/868/715
f 709/880/716 710/893/716 698/881/716
f 698/881/717 710/893/717 711/882/717
f 699/869/718 711/882/718 712/883/718
f 700/870/719 712/883/719 713/884/719
f 713/884/720 702/885/720 690/860/720
f 702/885/721 714/898/721 715/886/721
f 703/872/722 715/886/722 716/887/722
f 704/873/723 716/887/723 717/888/723
f 717/888/724 718/901/724 706/874/724
f 706/874/725 718/901/725 719/890/725
f 719/890/726 720/903/726 708/877/726
f 720/891/727 721/892/727 709/880/727
f 721/892/728 722/906/728 710/893/728
f 710/893/729 722/906/729 723/894/729
f 723/894/730 724/895/730 712/883/730
f 724/895/731 725/896/731 713/884/731
f 725/896/732 714/898/732 702/885/732
f 726/897/733 727/911/733 715/886/733
f 715/886/734 727/911/734 728/899/734
f 728/899/735 729/900/735 717/888/735
f 729/900/736 730/915/736 718/901/736
f 718/901/737 730/915/737 731/902/737
f 731/902/738 732/918/738 720/903/738
f 732/904/739 733/905/739 721/892/739
f 733/905/740 734/907/740 722/906/740
f 734/907/741 735/908/741 723/894/741
f 735/908/742 736/909/742 724/895/742
f 736/909/743 737/923/743 725/896/743
f 725/896/744 737/923/744 726/897/744
f 738/910/745 739/912/745 727/911/745
f 739/912/746 740/913/746 728/899/746
f 740/913/747 741/914/747 729/900/747
f 741/914/748 742/916/748 730/915/748
f 742/916/749 743/917/749 731/902/749
f 743/917/750 744/928/750 732/918/750
f 732/904/751 744/930/751 745/919/751
f 745/919/752 746/920/752 734/907/752
f 746/920/753 747/921/753 735/908/753
f 747/921/754 748/934/754 736/909/754
f 736/909/755 748/934/755 749/922/755
f 749/922/756 738/910/756 726/897/756
f 750/924/757 751/937/757 739/912/757
f 739/912/758 751/937/758 752/925/758
f 752/925/759 753/926/759 741/914/759
f 753/926/760 754/940/760 742/916/760
f 742/916/761 754/940/761 755/927/761
f 755/927/762 756/942/762 744/928/762
f 756/929/763 757/931/763 745/919/763
f 757/931/764 758/945/764 746/920/764
f 746/920/765 758/945/765 759/932/765
f 747/921/766 759/932/766 760/933/766
f 760/933/767 761/935/767 749/922/767
f 761/935/768 750/924/768 738/910/768
f 762/936/769 763/951/769 751/937/769
f 751/937/770 763/951/770 764/938/770
f 752/925/771 764/938/771 765/939/771
f 765/939/772 766/954/772 754/940/772
f 754/940/773 766/954/773 767/941/773
f 767/941/774 768/957/774 756/942/774
f 768/943/775 769/944/775 757/931/775
f 769/944/776 770/946/776 758/945/776
f 770/946/777 771/947/777 759/932/777
f 771/947/778 772/948/778 760/933/778
f 772/948/779 773/949/779 761/935/779
f 773/949/780 762/936/780 750/924/780
f 762/936/781 774/964/781 775/950/781
f 775/950/782 776/952/782 764/938/782
f 776/952/783 777/953/783 765/939/783
f 777/953/784 778/955/784 766/954/784
f 778/955/785 779/956/785 767/941/785
f 779/956/786 780/969/786 768/957/786
f 780/958/787 781/959/787 769/944/787
f 781/959/788 782/972/788 770/946/788
f 770/946/789 782/972/789 783/960/789
f 771/947/790 783/960/790 784/961/790
f 784/961/791 785/962/791 773/949/791
f 785/962/792 774/964/792 762/936/792
f 786/963/793 787/965/793 775/950/793
f 787/965/794 788/966/794 776/952/794
f 788/966/795 789/967/795 777/953/795
f 789/967/796 790/980/796 778/955/796
f 778/955/797 790/980/797 791/968/797
f 791/968/798 792/983/798 780/969/798
f 792/970/799 793/971/799 781/959/799
f 793/971/800 794/973/800 782/972/800
f 794/973/801 795/974/801 783/960/801
f 795/974/802 796/975/802 784/961/802
f 796/975/803 797/976/803 785/962/803
f 797/976/804 786/963/804 774/964/804
f 798/977/805 799/978/805 787/965/805
f 799/978/806 800/990/806 788/966/806
f 788/966/807 800/990/807 801/979/807
f 801/979/808 802/981/808 790/980/808
f 802/981/809 803/982/809 791/968/809
f 803/982/810 804/994/810 792/983/810
f 792/970/811 804/996/811 805/984/811
f 805/984/812 806/998/812 794/973/812
f 794/973/813 806/998/813 807/985/813
f 807/985/814 808/986/814 796/975/814
f 808/986/815 809/987/815 797/976/815
f 809/987/816 798/977/816 786/963/816
f 810/988/817 811/989/817 799/978/817
f 811/989/818 812/991/818 800/990/818
f 812/991/819 813/1005/819 801/979/819
f 801/979/820 813/1005/820 814/992/820
f 802/981/821 814/992/821 815/993/821
f 815/993/822 816/1009/822 804/994/822
f 816/995/823 817/997/823 805/984/823
f 817/997/824 818/999/824 806/998/824
f 818/999/825 819/1000/825 807/985/825
f 819/1000/826 820/1001/826 808/986/826
f 820/1001/827 821/1014/827 809/987/827
f 809/987/828 821/1014/828 810/988/828
f 822/1002/829 823/1003/829 811/989/829
f 823/1003/830 824/1004/830 812/991/830
f 824/1004/831 825/1006/831 813/1005/831
f 825/1006/832 826/1007/832 814/992/832
f 826/1007/833 827/1008/833 815/993/833
f 827/1008/834 828/1020/834 816/1009/834
f 816/995/835 828/1022/835 829/1010/835
f 829/1010/836 830/1024/836 818/999/836
f 818/999/837 830/1024/837 831/1011/837
f 819/1000/838 831/1011/838 832/1012/838
f 820/1001/839 832/1012/839 833/1013/839
f 821/1014/840 833/1013/840 822/1002/840
f 834/1015/841 835/1030/841 823/1003/841
f 823/1003/842 835/1030/842 836/1016/842
f 824/1004/843 836/1016/843 837/1017/843
f 837/1017/844 838/1018/844 826/1007/844
f 838/1018/845 839/1019/845 827/1008/845
f 839/1019/846 840/1035/846 828/1020/846
f 840/1021/847 841/1023/847 829/1010/847
f 841/1023/848 842/1025/848 830/1024/848
f 842/1025/849 843/1026/849 831/1011/849
f 843/1026/850 844/1027/850 832/1012/850
f 844/1027/851 845/1028/851 833/1013/851
f 845/1028/852 834/1015/852 822/1002/852
f 846/1029/853 847/1031/853 835/1030/853
f 847/1031/854 848/1032/854 836/1016/854
f 848/1032/855 849/1042/855 837/1017/855
f 837/1017/856 849/1042/856 850/1033/856
f 850/1033/857 851/1034/857 839/1019/857
f 851/1034/858 852/1046/858 840/1035/858
f 852/1036/859 853/1037/859 841/1023/859
f 853/1037/860 854/1049/860 842/1025/860
f 842/1025/861 854/1049/861 855/1038/861
f 855/1038/862 856/1052/862 844/1027/862
f 844/1027/863 856/1052/863 857/1039/863
f 857/1039/864 846/1029/864 834/1015/864
f 858/1040/865 859/1056/865 847/1031/865
f 847/1031/866 859/1056/866 860/1041/866
f 860/1041/867 861/1043/867 849/1042/867
f 861/1043/868 862/1044/868 850/1033/868
f 862/1044/869 863/1045/869 851/1034/869
f 863/1045/870 864/1062/870 852/1046/870
f 864/1047/871 865/1048/871 853/1037/871
f 865/1048/872 866/1050/872 854/1049/872
f 866/1050/873 867/1051/873 855/1038/873
f 867/1051/874 868/1053/874 856/1052/874
f 868/1053/875 869/1054/875 857/1039/875
f 869/1054/876 858/1040/876 846/1029/876
f 870/1055/877 871/1057/877 859/1056/877
f 871/1057/878 872/1058/878 860/1041/878
f 872/1058/879 873/1059/879 861/1043/879
f 873/1059/880 874/1060/880 862/1044/880
f 874/1060/881 875/1072/881 863/1045/881
f 863/1045/882 875/1072/882 876/1061/882
f 876/1063/883 877/1075/883 865/1048/883
f 865/1048/884 877/1075/884 878/1064/884
f 866/1050/885 878/1064/885 879/1065/885
f 867/1051/886 879/1065/886 880/1066/886
f 868/1053/887 880/1066/887 881/1067/887
f 881/1067/888 870/1055/888 858/1040/888
f 882/1068/889 883/1069/889 871/1057/889
f 883/1069/890 884/1082/890 872/1058/890
f 872/1058/891 884/1082/891 885/1070/891
f 885/1070/892 886/1071/892 874/1060/892
f 886/1071/893 887/1073/893 875/1072/893
f 887/1073/894 888/1086/894 876/1061/894
f 888/1074/895 889/1088/895 877/1075/895
f 877/1075/896 889/1088/896 890/1076/896
f 890/1076/897 891/1077/897 879/1065/897
f 891/1077/898 892/1078/898 880/1066/898
f 892/1078/899 893/1079/899 881/1067/899
f 893/1079/900 882/1068/900 870/1055/900
f 894/1080/901 895/1081/901 883/1069/901
f 895/1081/902 896/1083/902 884/1082/902
f 896/1083/903 897/1094/903 885/1070/903
f 885/1070/904 897/1094/904 898/1084/904
f 898/1084/905 899/1085/905 887/1073/905
f 899/1085/906 900/1097/906 888/1086/906
f 900/1087/907 901/1099/907 889/1088/907
f 889/1088/908 901/1099/908 902/1089/908
f 902/1089/909 903/1090/909 891/1077/909
f 903/1090/910 904/1102/910 892/1078/910
f 892/1078/911 904/1102/911 905/1091/911
f 905/1091/912 894/1080/912 882/1068/912
f 894/1080/913 906/1106/913 907/1092/913
f 907/1092/914 908/1108/914 896/1083/914
f 896/1083/915 908/1108/915 909/1093/915
f 909/1093/916 910/1095/916 898/1084/916
f 910/1095/917 911/1096/917 899/1085/917
f 911/1096/918 912/1112/918 900/1097/918
f 912/1098/919 913/1100/919 901/1099/919
f 913/1100/920 914/1114/920 902/1089/920
f 902/1089/921 914/1114/921 915/1101/921
f 915/1101/922 916/1103/922 904/1102/922
f 916/1103/923 917/1104/923 905/1091/923
f 917/1104/924 906/1106/924 894/1080/924
f 918/1105/925 919/1107/925 907/1092/925
f 919/1107/926 920/1109/926 908/1108/926
f 920/1109/927 921/1120/927 909/1093/927
f 909/1093/928 921/1120/928 922/1110/928
f 922/1110/929 923/1111/929 911/1096/929
f 923/1111/930 924/1123/930 912/1112/930
f 912/1098/931 924/1125/931 925/1113/931
f 925/1113/932 926/1115/932 914/1114/932
f 926/1115/933 927/1116/933 915/1101/933
f 927/1116/934 928/1129/934 916/1103/934
f 916/1103/935 928/1129/935 929/1117/935
f 929/1117/936 918/1105/936 906/1106/936
f 918/1105/937 930/1132/937 931/1118/937
f 931/1118/938 932/1119/938 920/1109/938
f 932/1119/939 933/1135/939 921/1120/939
f 921/1120/940 933/1135/940 934/1121/940
f 934/1121/941 935/1122/941 923/1111/941
f 935/1122/942 936/1139/942 924/1123/942
f 936/1124/943 937/1126/943 925/1113/943
f 937/1126/944 938/1127/944 926/1115/944
f 938/1127/945 939/1143/945 927/1116/945
f 927/1116/946 939/1143/946 940/1128/946
f 940/1128/947 941/1130/947 929/1117/947
f 941/1130/948 930/1132/948 918/1105/948
f 942/1131/949 943/1133/949 931/1118/949
f 943/1133/950 944/1134/950 932/1119/950
f 944/1134/951 945/1136/951 933/1135/951
f 945/1136/952 946/1137/952 934/1121/952
f 946/1137/953 947/1138/953 935/1122/953
f 947/1138/954 948/1151/954 936/1139/954
f 948/1140/955 949/1153/955 937/1126/955
f 937/1126/956 949/1153/956 950/1141/956
f 938/1127/957 950/1141/957 951/1142/957
f 939/1143/958 951/1142/958 952/1144/958
f 940/1128/959 952/1144/959 953/1145/959
f 941/1130/960 953/1145/960 942/1131/960
f 942/1131/961 954/1470/961 955/1146/961
f 955/1146/962 956/1147/962 944/1134/962
f 956/1147/963 957/1148/963 945/1136/963
f 957/1148/964 958/1149/964 946/1137/964
f 958/1149/965 959/1150/965 947/1138/965
f 959/1150/966 960/1471/966 948/1151/966
f 960/1152/967 961/1472/967 949/1153/967
f 949/1153/968 961/1472/968 962/1154/968
f 962/1154/969 963/1155/969 951/1142/969
f 963/1155/970 964/1156/970 952/1144/970
f 964/1156/971 965/1157/971 953/1145/971
f 965/1157/972 954/1470/972 942/1131/972
f 966/1158/690 967/1161/690 955/1159/690
f 967/1161/689 968/1163/689 956/1162/689
f 968/1163/688 969/1165/688 957/1164/688
f 969/1165/687 970/1167/687 958/1166/687
f 970/1167/686 971/1169/686 959/1168/686
f 971/1169/685 972/1186/685 960/1170/685
f 960/1171/696 972/1188/696 973/1172/696
f 973/1172/695 974/1190/695 962/1174/695
f 962/1174/694 974/1190/694 975/1175/694
f 963/1176/693 975/1175/693 976/1177/693
f 964/1178/692 976/1177/692 977/1179/692
f 965/1180/691 977/1179/691 966/1158/691
f 966/1158/702 978/1194/702 979/1181/702
f 967/1161/701 979/1181/701 980/1182/701
f 968/1163/700 980/1182/700 981/1183/700
f 969/1165/699 981/1183/699 982/1184/699
f 970/1167/698 982/1184/698 983/1185/698
f 983/1185/697 984/1200/697 972/1186/697
f 984/1187/708 985/1189/708 973/1172/708
f 985/1189/707 986/1191/707 974/1190/707
f 986/1191/706 987/1192/706 975/1175/706
f 987/1192/705 988/1193/705 976/1177/705
f 988/1193/704 989/1205/704 977/1179/704
f 977/1179/703 989/1205/703 978/1194/703
f 990/1195/714 991/1196/714 979/1181/714
f 991/1196/713 992/1208/713 980/1182/713
f 980/1182/712 992/1208/712 993/1197/712
f 993/1197/711 994/1198/711 982/1184/711
f 994/1198/710 995/1199/710 983/1185/710
f 995/1199/709 996/1213/709 984/1200/709
f 996/1201/720 997/1215/720 985/1189/720
f 985/1189/719 997/1215/719 998/1202/719
f 998/1202/718 999/1203/718 987/1192/718
f 999/1203/717 1000/1219/717 988/1193/717
f 988/1193/716 1000/1219/716 1001/1204/716
f 989/1205/715 1001/1204/715 990/1195/715
f 1002/1206/726 1003/1207/726 991/1196/726
f 1003/1207/725 1004/1209/725 992/1208/725
f 1004/1209/724 1005/1210/724 993/1197/724
f 1005/1210/723 1006/1211/723 994/1198/723
f 1006/1211/722 1007/1225/722 995/1199/722
f 995/1199/721 1007/1225/721 1008/1212/721
f 1008/1214/732 1009/1216/732 997/1215/732
f 1009/1216/731 1010/1217/731 998/1202/731
f 1010/1217/730 1011/1229/730 999/1203/730
f 999/1203/729 1011/1229/729 1012/1218/729
f 1000/1219/728 1012/1218/728 1013/1220/728
f 1013/1220/727 1002/1206/727 990/1195/727
f 1014/1221/738 1015/1222/738 1003/1207/738
f 1015/1222/737 1016/1223/737 1004/1209/737
f 1016/1223/736 1017/1234/736 1005/1210/736
f 1005/1210/735 1017/1234/735 1018/1224/735
f 1018/1224/734 1019/1226/734 1007/1225/734
f 1019/1226/733 1020/1238/733 1008/1212/733
f 1020/1227/744 1021/1240/744 1009/1216/744
f 1009/1216/743 1021/1240/743 1022/1228/743
f 1022/1228/742 1023/1230/742 1011/1229/742
f 1023/1230/741 1024/1243/741 1012/1218/741
f 1012/1218/740 1024/1243/740 1025/1231/740
f 1025/1231/739 1014/1221/739 1002/1206/739
f 1026/1232/750 1027/1247/750 1015/1222/750
f 1015/1222/749 1027/1247/749 1028/1233/749
f 1028/1233/748 1029/1235/748 1017/1234/748
f 1029/1235/747 1030/1236/747 1018/1224/747
f 1030/1236/746 1031/1237/746 1019/1226/746
f 1031/1237/745 1032/1251/745 1020/1238/745
f 1032/1239/756 1033/1241/756 1021/1240/756
f 1033/1241/755 1034/1254/755 1022/1228/755
f 1022/1228/754 1034/1254/754 1035/1242/754
f 1035/1242/753 1036/1244/753 1024/1243/753
f 1036/1244/752 1037/1245/752 1025/1231/752
f 1037/1245/751 1026/1232/751 1014/1221/751
f 1026/1232/762 1038/1259/762 1039/1246/762
f 1027/1247/761 1039/1246/761 1040/1248/761
f 1040/1248/760 1041/1262/760 1029/1235/760
f 1029/1235/759 1041/1262/759 1042/1249/759
f 1042/1249/758 1043/1250/758 1031/1237/758
f 1043/1250/757 1044/1265/757 1032/1251/757
f 1044/1252/768 1045/1253/768 1033/1241/768
f 1045/1253/767 1046/1255/767 1034/1254/767
f 1046/1255/766 1047/1256/766 1035/1242/766
f 1047/1256/765 1048/1257/765 1036/1244/765
f 1048/1257/764 1049/1258/764 1037/1245/764
f 1049/1258/763 1038/1259/763 1026/1232/763
f 1038/1259/774 1050/1272/774 1051/1260/774
f 1051/1260/773 1052/1261/773 1040/1248/773
f 1052/1261/772 1053/1263/772 1041/1262/772
f 1053/1263/771 1054/1276/771 1042/1249/771
f 1042/1249/770 1054/1276/770 1055/1264/770
f 1055/1264/769 1056/1279/769 1044/1265/769
f 1056/1266/780 1057/1267/780 1045/1253/780
f 1057/1267/779 1058/1268/779 1046/1255/779
f 1058/1268/778 1059/1283/778 1047/1256/778
f 1047/1256/777 1059/1283/777 1060/1269/777
f 1048/1257/776 1060/1269/776 1061/1270/776
f 1061/1270/775 1050/1272/775 1038/1259/775
f 1062/1271/786 1063/1273/786 1051/1260/786
f 1063/1273/785 1064/1274/785 1052/1261/785
f 1064/1274/784 1065/1275/784 1053/1263/784
f 1065/1275/783 1066/1277/783 1054/1276/783
f 1066/1277/782 1067/1278/782 1055/1264/782
f 1067/1278/781 1068/1290/781 1056/1279/781
f 1068/1280/792 1069/1281/792 1057/1267/792
f 1069/1281/791 1070/1293/791 1058/1268/791
f 1058/1268/790 1070/1293/790 1071/1282/790
f 1071/1282/789 1072/1296/789 1060/1269/789
f 1060/1269/788 1072/1296/788 1073/1284/788
f 1073/1284/787 1062/1271/787 1050/1272/787
f 1074/1285/798 1075/1286/798 1063/1273/798
f 1075/1286/797 1076/1287/797 1064/1274/797
f 1076/1287/796 1077/1288/796 1065/1275/796
f 1077/1288/795 1078/1301/795 1066/1277/795
f 1066/1277/794 1078/1301/794 1079/1289/794
f 1079/1289/793 1080/1303/793 1068/1290/793
f 1080/1291/804 1081/1292/804 1069/1281/804
f 1081/1292/803 1082/1294/803 1070/1293/803
f 1082/1294/802 1083/1295/802 1071/1282/802
f 1083/1295/801 1084/1307/801 1072/1296/801
f 1072/1296/800 1084/1307/800 1085/1297/800
f 1085/1297/799 1074/1285/799 1062/1271/799
f 1086/1298/810 1087/1311/810 1075/1286/810
f 1075/1286/809 1087/1311/809 1088/1299/809
f 1088/1299/808 1089/1300/808 1077/1288/808
f 1089/1300/807 1090/1315/807 1078/1301/807
f 1078/1301/806 1090/1315/806 1091/1302/806
f 1091/1302/805 1092/1317/805 1080/1303/805
f 1092/1304/816 1093/1305/816 1081/1292/816
f 1093/1305/815 1094/1320/815 1082/1294/815
f 1082/1294/814 1094/1320/814 1095/1306/814
f 1095/1306/813 1096/1308/813 1084/1307/813
f 1096/1308/812 1097/1309/812 1085/1297/812
f 1097/1309/811 1086/1298/811 1074/1285/811
f 1098/1310/822 1099/1312/822 1087/1311/822
f 1099/1312/821 1100/1326/821 1088/1299/821
f 1088/1299/820 1100/1326/820 1101/1313/820
f 1089/1300/819 1101/1313/819 1102/1314/819
f 1102/1314/818 1103/1330/818 1091/1302/818
f 1091/1302/817 1103/1330/817 1104/1316/817
f 1104/1318/828 1105/1319/828 1093/1305/828
f 1105/1319/827 1106/1321/827 1094/1320/827
f 1106/1321/826 1107/1322/826 1095/1306/826
f 1107/1322/825 1108/1323/825 1096/1308/825
f 1108/1323/824 1109/1324/824 1097/1309/824
f 1109/1324/823 1098/1310/823 1086/1298/823
f 1098/1310/834 1110/1338/834 1111/1325/834
f 1111/1325/833 1112/1327/833 1100/1326/833
f 1112/1327/832 1113/1328/832 1101/1313/832
f 1113/1328/831 1114/1329/831 1102/1314/831
f 1114/1329/830 1115/1331/830 1103/1330/830
f 1115/1331/829 1116/1344/829 1104/1316/829
f 1116/1332/840 1117/1346/840 1105/1319/840
f 1105/1319/839 1117/1346/839 1118/1333/839
f 1106/1321/838 1118/1333/838 1119/1334/838
f 1119/1334/837 1120/1335/837 1108/1323/837
f 1120/1335/836 1121/1336/836 1109/1324/836
f 1121/1336/835 1110/1338/835 1098/1310/835
f 1122/1337/846 1123/1339/846 1111/1325/846
f 1123/1339/845 1124/1340/845 1112/1327/845
f 1124/1340/844 1125/1341/844 1113/1328/844
f 1125/1341/843 1126/1342/843 1114/1329/843
f 1126/1342/842 1127/1356/842 1115/1331/842
f 1115/1331/841 1127/1356/841 1128/1343/841
f 1128/1345/852 1129/1347/852 1117/1346/852
f 1129/1347/851 1130/1360/851 1118/1333/851
f 1118/1333/850 1130/1360/850 1131/1348/850
f 1119/1334/849 1131/1348/849 1132/1349/849
f 1132/1349/848 1133/1350/848 1121/1336/848
f 1133/1350/847 1122/1337/847 1110/1338/847
f 1134/1351/858 1135/1352/858 1123/1339/858
f 1135/1352/857 1136/1353/857 1124/1340/857
f 1136/1353/856 1137/1354/856 1125/1341/856
f 1137/1354/855 1138/1355/855 1126/1342/855
f 1138/1355/854 1139/1357/854 1127/1356/854
f 1139/1357/853 1140/1369/853 1128/1343/853
f 1140/1358/864 1141/1359/864 1129/1347/864
f 1141/1359/863 1142/1361/863 1130/1360/863
f 1142/1361/862 1143/1373/862 1131/1348/862
f 1131/1348/861 1143/1373/861 1144/1362/861
f 1132/1349/860 1144/1362/860 1145/1363/860
f 1145/1363/859 1134/1351/859 1122/1337/859
f 1146/1364/870 1147/1365/870 1135/1352/870
f 1147/1365/869 1148/1377/869 1136/1353/869
f 1136/1353/868 1148/1377/868 1149/1366/868
f 1137/1354/867 1149/1366/867 1150/1367/867
f 1150/1367/866 1151/1368/866 1139/1357/866
f 1151/1368/865 1152/1382/865 1140/1369/865
f 1152/1370/876 1153/1371/876 1141/1359/876
f 1153/1371/875 1154/1372/875 1142/1361/875
f 1154/1372/874 1155/1374/874 1143/1373/874
f 1155/1374/873 1156/1375/873 1144/1362/873
f 1156/1375/872 1157/1388/872 1145/1363/872
f 1145/1363/871 1157/1388/871 1146/1364/871
f 1146/1364/882 1158/1389/882 1159/1376/882
f 1159/1376/881 1160/1378/881 1148/1377/881
f 1160/1378/880 1161/1379/880 1149/1366/880
f 1161/1379/879 1162/1380/879 1150/1367/879
f 1162/1380/878 1163/1381/878 1151/1368/878
f 1163/1381/877 1164/1394/877 1152/1382/877
f 1164/1383/888 1165/1384/888 1153/1371/888
f 1165/1384/887 1166/1385/887 1154/1372/887
f 1166/1385/886 1167/1386/886 1155/1374/886
f 1167/1386/885 1168/1399/885 1156/1375/885
f 1156/1375/884 1168/1399/884 1169/1387/884
f 1169/1387/883 1158/1389/883 1146/1364/883
f 1158/1389/894 1170/1401/894 1171/1390/894
f 1171/1390/893 1172/1403/893 1160/1378/893
f 1160/1378/892 1172/1403/892 1173/1391/892
f 1161/1379/891 1173/1391/891 1174/1392/891
f 1162/1380/890 1174/1392/890 1175/1393/890
f 1175/1393/889 1176/1407/889 1164/1394/889
f 1176/1395/900 1177/1396/900 1165/1384/900
f 1177/1396/899 1178/1397/899 1166/1385/899
f 1178/1397/898 1179/1398/898 1167/1386/898
f 1179/1398/897 1180/1411/897 1168/1399/897
f 1168/1399/896 1180/1411/896 1181/1400/896
f 1181/1400/895 1170/1401/895 1158/1389/895
f 1170/1401/906 1182/1415/906 1183/1402/906
f 1183/1402/905 1184/1417/905 1172/1403/905
f 1172/1403/904 1184/1417/904 1185/1404/904
f 1185/1404/903 1186/1405/903 1174/1392/903
f 1186/1405/902 1187/1406/902 1175/1393/902
f 1187/1406/901 1188/1422/901 1176/1407/901
f 1188/1408/912 1189/1424/912 1177/1396/912
f 1177/1396/911 1189/1424/911 1190/1409/911
f 1178/1397/910 1190/1409/910 1191/1410/910
f 1191/1410/909 1192/1412/909 1180/1411/909
f 1192/1412/908 1193/1413/908 1181/1400/908
f 1193/1413/907 1182/1415/907 1170/1401/907
f 1194/1414/918 1195/1416/918 1183/1402/918
f 1195/1416/917 1196/1418/917 1184/1417/917
f 1196/1418/916 1197/1419/916 1185/1404/916
f 1197/1419/915 1198/1420/915 1186/1405/915
f 1198/1420/914 1199/1421/914 1187/1406/914
f 1199/1421/913 1200/1433/913 1188/1422/913
f 1200/1423/924 1201/1435/924 1189/1424/924
f 1189/1424/923 1201/1435/923 1202/1425/923
f 1202/1425/922 1203/1426/922 1191/1410/922
f 1203/1426/921 1204/1439/921 1192/1412/921
f 1192/1412/920 1204/1439/920 1205/1427/920
f 1205/1427/919 1194/1414/919 1182/1415/919
f 1206/1428/930 1207/1429/930 1195/1416/930
f 1207/1429/929 1208/1444/929 1196/1418/929
f 1196/1418/928 1208/1444/928 1209/1430/928
f 1209/1430/927 1210/1431/927 1198/1420/927
f 1210/1431/926 1211/1432/926 1199/1421/926
f 1211/1432/925 1212/1449/925 1200/1433/925
f 1212/1434/936 1213/1436/936 1201/1435/936
f 1213/1436/935 1214/1437/935 1202/1425/935
f 1214/1437/934 1215/1438/934 1203/1426/934
f 1215/1438/933 1216/1440/933 1204/1439/933
f 1216/1440/932 1217/1441/932 1205/1427/932
f 1217/1441/931 1206/1428/931 1194/1414/931
f 1218/1442/942 1219/1443/942 1207/1429/942
f 1219/1443/941 1220/1445/941 1208/1444/941
f 1220/1445/940 1221/1446/940 1209/1430/940
f 1221/1446/939 1222/1447/939 1210/1431/939
f 1222/1447/938 1223/1448/938 1211/1432/938
f 1223/1448/937 1224/1460/937 1212/1449/937
f 1224/1450/948 1225/1462/948 1213/1436/948
f 1213/1436/947 1225/1462/947 1226/1451/947
f 1226/1451/946 1227/1452/946 1215/1438/946
f 1227/1452/945 1228/1453/945 1216/1440/945
f 1228/1453/944 1229/1454/944 1217/1441/944
f 1229/1454/943 1218/1442/943 1206/1428/943
f 1218/1442/954 1230/1467/954 1231/1455/954
f 1219/1443/953 1231/1455/953 1232/1456/953
f 1220/1445/952 1232/1456/952 1233/1457/952
f 1233/1457/951 1234/1458/951 1222/1447/951
f 1234/1458/950 1235/1468/950 1223/1448/950
f 1223/1448/949 1235/1468/949 1236/1459/949
f 1236/1461/960 1237/1463/960 1225/1462/960
f 1237/1463/959 1238/1469/959 1226/1451/959
f 1226/1451/958 1238/1469/958 1239/1464/958
f 1239/1464/957 1240/1465/957 1228/1453/957
f 1240/1465/956 1241/1466/956 1229/1454/956
f 1241/1466/955 1230/1467/955 1218/1442/955
f 666/838/966 667/837/966 1231/1455/966
f 667/837/965 668/840/965 1232/1456/965
f 668/840/964 669/841/964 1233/1457/964
f 669/841/963 670/843/963 1234/1458/963
f 670/843/962 671/845/962 1235/1468/962
f 671/845/961 672/847/961 1236/1459/961
f 1236/1461/972 672/850/972 673/849/972
f 673/849/971 674/852/971 1238/1469/971
f 674/852/970 675/854/970 1239/1464/970
f 675/854/969 676/856/969 1240/1465/969
f 1240/1465/968 676/856/968 677/858/968
f 1241/1466/967 677/858/967 666/838/967
